game,goalie_out_sec,goalie_in_sec,goalie_out_duration,success
20112012_1.html.csv,34,20,14,-2
20112012_1.html.csv,3,0,3,0
20112012_100.html.csv,115,0,115,0
20112012_1002.html.csv,80,0,80,0
20112012_1003.html.csv,159,87,72,-1
20112012_1005.html.csv,87,44,43,-1
20112012_1005.html.csv,17,0,17,0
20112012_1006.html.csv,75,75,0,1
20112012_1008.html.csv,65,17,48,-1
20112012_1009.html.csv,43,0,43,0
20112012_1011.html.csv,44,24,20,2
20112012_1012.html.csv,88,53,35,-1
20112012_1012.html.csv,41,41,0,1
20112012_1012.html.csv,33,27,6,0
20112012_1012.html.csv,0,0,0,0
20112012_1013.html.csv,113,0,113,0
20112012_1014.html.csv,80,0,80,0
20112012_1018.html.csv,59,0,59,0
20112012_1019.html.csv,61,3,58,-1
20112012_1019.html.csv,0,0,0,0
20112012_1021.html.csv,44,10,34,2
20112012_1022.html.csv,46,46,0,-1
20112012_1025.html.csv,131,111,20,0
20112012_1025.html.csv,56,0,56,0
20112012_1026.html.csv,100,92,8,-1
20112012_1026.html.csv,56,0,56,0
20112012_1028.html.csv,94,64,30,1
20112012_1028.html.csv,25,0,25,0
20112012_103.html.csv,51,47,4,-2
20112012_1031.html.csv,164,164,0,2
20112012_1033.html.csv,97,75,22,0
20112012_1033.html.csv,39,5,34,1
20112012_1035.html.csv,36,13,23,0
20112012_1035.html.csv,6,0,6,0
20112012_1038.html.csv,123,0,123,0
20112012_1039.html.csv,291,289,2,-1
20112012_104.html.csv,102,87,15,-1
20112012_1041.html.csv,102,80,22,-1
20112012_1042.html.csv,62,4,58,0
20112012_1045.html.csv,31,21,10,-1
20112012_1046.html.csv,93,2,91,1
20112012_1049.html.csv,102,93,9,-1
20112012_105.html.csv,25,25,0,-1
20112012_1050.html.csv,43,0,43,0
20112012_1053.html.csv,78,0,78,0
20112012_1055.html.csv,110,57,53,-2
20112012_1056.html.csv,82,0,82,1
20112012_106.html.csv,4,4,0,0
20112012_1061.html.csv,18,0,18,0
20112012_1063.html.csv,243,243,0,2
20112012_1063.html.csv,55,6,49,-2
20112012_1064.html.csv,25,11,14,-1
20112012_1067.html.csv,93,75,18,-1
20112012_1069.html.csv,211,165,46,0
20112012_1069.html.csv,41,3,38,0
20112012_1070.html.csv,475,475,0,2
20112012_1070.html.csv,292,291,1,2
20112012_1070.html.csv,87,68,19,-2
20112012_1071.html.csv,65,0,65,0
20112012_1073.html.csv,58,0,58,0
20112012_1077.html.csv,107,107,0,-1
20112012_108.html.csv,89,0,89,0
20112012_1080.html.csv,95,46,49,-2
20112012_1081.html.csv,17,0,17,0
20112012_1083.html.csv,56,0,56,0
20112012_1085.html.csv,196,195,1,2
20112012_1086.html.csv,76,3,73,-1
20112012_1087.html.csv,430,430,0,2
20112012_1087.html.csv,105,77,28,2
20112012_1088.html.csv,95,95,0,-1
20112012_1089.html.csv,79,0,79,0
20112012_109.html.csv,127,127,0,0
20112012_109.html.csv,75,68,7,1
20112012_109.html.csv,52,0,52,0
20112012_1092.html.csv,0,0,0,0
20112012_1093.html.csv,112,101,11,-1
20112012_1096.html.csv,128,16,112,-1
20112012_1097.html.csv,207,199,8,0
20112012_1097.html.csv,80,80,0,-2
20112012_1097.html.csv,55,30,25,-2
20112012_1098.html.csv,75,15,60,0
20112012_11.html.csv,49,7,42,2
20112012_110.html.csv,58,58,0,0
20112012_110.html.csv,10,0,10,0
20112012_1101.html.csv,0,0,0,0
20112012_1106.html.csv,66,45,21,2
20112012_1107.html.csv,73,69,4,-2
20112012_1107.html.csv,69,0,69,0
20112012_1109.html.csv,53,0,53,0
20112012_111.html.csv,55,50,5,2
20112012_1116.html.csv,120,88,32,-1
20112012_1117.html.csv,60,0,60,-1
20112012_1118.html.csv,38,38,0,-2
20112012_112.html.csv,56,0,56,0
20112012_1122.html.csv,74,0,74,0
20112012_1123.html.csv,62,62,0,0
20112012_1123.html.csv,51,0,51,0
20112012_1124.html.csv,42,30,12,-2
20112012_113.html.csv,50,50,0,1
20112012_113.html.csv,25,0,25,0
20112012_1130.html.csv,148,92,56,-1
20112012_1132.html.csv,101,64,37,0
20112012_1132.html.csv,25,0,25,0
20112012_1134.html.csv,161,123,38,0
20112012_1134.html.csv,59,4,55,-1
20112012_1136.html.csv,82,34,48,-1
20112012_1136.html.csv,0,0,0,0
20112012_1137.html.csv,12,0,12,0
20112012_1138.html.csv,44,27,17,0
20112012_1139.html.csv,255,217,38,-1
20112012_114.html.csv,198,120,78,-1
20112012_1140.html.csv,30,7,23,-1
20112012_1143.html.csv,68,52,16,0
20112012_1143.html.csv,33,0,33,0
20112012_1147.html.csv,57,0,57,0
20112012_1148.html.csv,96,0,96,0
20112012_1149.html.csv,108,0,108,0
20112012_1150.html.csv,83,69,14,-1
20112012_1151.html.csv,79,0,79,0
20112012_1152.html.csv,94,0,94,0
20112012_1153.html.csv,59,40,19,0
20112012_1153.html.csv,10,9,1,-1
20112012_1157.html.csv,96,91,5,1
20112012_1157.html.csv,66,5,61,-1
20112012_1158.html.csv,61,31,30,1
20112012_116.html.csv,132,132,0,2
20112012_1160.html.csv,123,0,123,0
20112012_1163.html.csv,72,48,24,-1
20112012_1164.html.csv,6,6,0,-1
20112012_1165.html.csv,80,40,40,-1
20112012_1166.html.csv,133,102,31,2
20112012_1166.html.csv,38,33,5,-1
20112012_117.html.csv,87,72,15,-1
20112012_117.html.csv,34,0,34,0
20112012_1171.html.csv,57,0,57,0
20112012_1175.html.csv,110,86,24,-1
20112012_1176.html.csv,34,8,26,-2
20112012_1182.html.csv,67,0,67,0
20112012_1185.html.csv,90,75,15,-1
20112012_1186.html.csv,1,0,1,0
20112012_1187.html.csv,49,49,0,0
20112012_1187.html.csv,34,0,34,-1
20112012_1188.html.csv,34,0,34,0
20112012_1189.html.csv,41,30,11,-2
20112012_119.html.csv,65,0,65,2
20112012_1190.html.csv,440,440,0,2
20112012_1191.html.csv,58,55,3,-1
20112012_1192.html.csv,410,395,15,2
20112012_1192.html.csv,123,106,17,0
20112012_1192.html.csv,81,0,81,0
20112012_1193.html.csv,56,7,49,1
20112012_1196.html.csv,117,64,53,-1
20112012_1198.html.csv,64,12,52,2
20112012_12.html.csv,552,551,1,2
20112012_1202.html.csv,25,0,25,0
20112012_1203.html.csv,36,0,36,0
20112012_1205.html.csv,50,0,50,0
20112012_1207.html.csv,186,92,94,0
20112012_1207.html.csv,90,61,29,0
20112012_1208.html.csv,64,0,64,0
20112012_1209.html.csv,89,55,34,2
20112012_1211.html.csv,228,64,164,-1
20112012_1217.html.csv,43,43,0,-1
20112012_1218.html.csv,187,187,0,2
20112012_1220.html.csv,63,47,16,1
20112012_1220.html.csv,1,0,1,0
20112012_1222.html.csv,121,118,3,-1
20112012_1223.html.csv,74,53,21,1
20112012_1225.html.csv,84,84,0,-1
20112012_1227.html.csv,55,0,55,0
20112012_123.html.csv,74,58,16,-1
20112012_123.html.csv,40,0,40,0
20112012_124.html.csv,499,499,0,2
20112012_125.html.csv,40,0,40,0
20112012_126.html.csv,59,0,59,0
20112012_127.html.csv,105,9,96,0
20112012_128.html.csv,47,0,47,0
20112012_13.html.csv,96,79,17,1
20112012_130.html.csv,54,48,6,1
20112012_130.html.csv,4,0,4,0
20112012_132.html.csv,18,0,18,0
20112012_133.html.csv,54,27,27,-1
20112012_134.html.csv,68,66,2,2
20112012_137.html.csv,76,35,41,-1
20112012_138.html.csv,123,0,123,0
20112012_139.html.csv,76,76,0,-1
20112012_139.html.csv,54,19,35,-2
20112012_14.html.csv,280,278,2,2
20112012_14.html.csv,105,0,105,0
20112012_141.html.csv,58,0,58,0
20112012_142.html.csv,75,0,75,0
20112012_143.html.csv,92,55,37,1
20112012_143.html.csv,45,12,33,-1
20112012_145.html.csv,362,362,0,2
20112012_145.html.csv,152,152,0,2
20112012_146.html.csv,93,0,93,0
20112012_148.html.csv,79,0,79,0
20112012_149.html.csv,62,62,0,2
20112012_15.html.csv,68,62,6,-1
20112012_15.html.csv,43,0,43,0
20112012_150.html.csv,312,312,0,2
20112012_150.html.csv,60,60,0,0
20112012_150.html.csv,23,3,20,-1
20112012_153.html.csv,59,19,40,0
20112012_154.html.csv,90,5,85,2
20112012_155.html.csv,221,221,0,2
20112012_155.html.csv,46,46,0,2
20112012_156.html.csv,77,0,77,0
20112012_158.html.csv,101,50,51,1
20112012_16.html.csv,110,0,110,0
20112012_160.html.csv,477,477,0,2
20112012_160.html.csv,162,13,149,-2
20112012_161.html.csv,62,42,20,1
20112012_162.html.csv,49,0,49,2
20112012_163.html.csv,60,60,0,1
20112012_165.html.csv,77,43,34,0
20112012_165.html.csv,16,16,0,2
20112012_166.html.csv,49,0,49,0
20112012_167.html.csv,93,93,0,-1
20112012_168.html.csv,202,202,0,0
20112012_168.html.csv,161,136,25,-1
20112012_17.html.csv,518,518,0,2
20112012_17.html.csv,117,106,11,-1
20112012_175.html.csv,102,60,42,-1
20112012_179.html.csv,18,0,18,0
20112012_18.html.csv,140,140,0,-1
20112012_180.html.csv,91,91,0,2
20112012_182.html.csv,60,0,60,0
20112012_187.html.csv,22,0,22,0
20112012_188.html.csv,111,110,1,1
20112012_188.html.csv,69,39,30,-1
20112012_19.html.csv,58,39,19,-2
20112012_19.html.csv,39,5,34,-1
20112012_191.html.csv,67,0,67,0
20112012_192.html.csv,85,58,27,0
20112012_192.html.csv,11,11,0,-1
20112012_194.html.csv,72,64,8,2
20112012_197.html.csv,90,2,88,-1
20112012_199.html.csv,45,16,29,2
20112012_2.html.csv,74,36,38,2
20112012_200.html.csv,242,168,74,-1
20112012_204.html.csv,41,41,0,0
20112012_204.html.csv,10,0,10,0
20112012_206.html.csv,69,43,26,-1
20112012_207.html.csv,32,32,0,-1
20112012_209.html.csv,133,38,95,-1
20112012_21.html.csv,35,35,0,-2
20112012_21.html.csv,15,0,15,0
20112012_210.html.csv,81,81,0,1
20112012_210.html.csv,60,0,60,0
20112012_211.html.csv,51,0,51,0
20112012_213.html.csv,81,0,81,0
20112012_214.html.csv,395,395,0,2
20112012_217.html.csv,88,79,9,-1
20112012_22.html.csv,112,31,81,-2
20112012_220.html.csv,74,70,4,1
20112012_220.html.csv,9,0,9,0
20112012_221.html.csv,54,0,54,0
20112012_222.html.csv,78,0,78,0
20112012_224.html.csv,69,35,34,-2
20112012_224.html.csv,35,0,35,0
20112012_227.html.csv,44,0,44,-1
20112012_228.html.csv,64,59,5,2
20112012_230.html.csv,67,67,0,-1
20112012_230.html.csv,50,42,8,-1
20112012_232.html.csv,89,30,59,2
20112012_234.html.csv,417,413,4,2
20112012_234.html.csv,36,0,36,0
20112012_236.html.csv,320,312,8,2
20112012_237.html.csv,105,95,10,2
20112012_240.html.csv,66,0,66,1
20112012_241.html.csv,105,105,0,-1
20112012_242.html.csv,137,49,88,1
20112012_242.html.csv,32,0,32,0
20112012_243.html.csv,213,181,32,-1
20112012_244.html.csv,68,68,0,0
20112012_247.html.csv,21,0,21,0
20112012_249.html.csv,14,0,14,-1
20112012_25.html.csv,70,0,70,0
20112012_251.html.csv,93,7,86,-1
20112012_253.html.csv,25,20,5,-1
20112012_255.html.csv,86,51,35,2
20112012_257.html.csv,51,0,51,0
20112012_26.html.csv,108,88,20,-2
20112012_261.html.csv,44,0,44,0
20112012_262.html.csv,19,0,19,0
20112012_263.html.csv,268,268,0,0
20112012_263.html.csv,261,251,10,-1
20112012_263.html.csv,132,52,80,2
20112012_264.html.csv,137,110,27,-1
20112012_265.html.csv,105,78,27,0
20112012_265.html.csv,63,23,40,-1
20112012_266.html.csv,56,0,56,-2
20112012_269.html.csv,6,0,6,0
20112012_27.html.csv,88,0,88,0
20112012_272.html.csv,95,95,0,-2
20112012_274.html.csv,105,88,17,0
20112012_274.html.csv,76,74,2,-1
20112012_274.html.csv,60,0,60,0
20112012_275.html.csv,266,266,0,2
20112012_276.html.csv,81,71,10,-1
20112012_276.html.csv,42,0,42,0
20112012_277.html.csv,324,322,2,2
20112012_280.html.csv,38,0,38,0
20112012_281.html.csv,56,0,56,0
20112012_286.html.csv,67,60,7,1
20112012_286.html.csv,35,0,35,0
20112012_288.html.csv,347,346,1,2
20112012_290.html.csv,100,0,100,0
20112012_291.html.csv,594,594,0,2
20112012_292.html.csv,53,0,53,0
20112012_293.html.csv,91,91,0,-1
20112012_294.html.csv,99,99,0,2
20112012_295.html.csv,62,0,62,0
20112012_298.html.csv,83,2,81,2
20112012_299.html.csv,474,473,1,2
20112012_30.html.csv,66,0,66,0
20112012_307.html.csv,48,0,48,0
20112012_308.html.csv,13,0,13,0
20112012_309.html.csv,21,21,0,1
20112012_31.html.csv,28,28,0,1
20112012_310.html.csv,30,30,0,-1
20112012_312.html.csv,65,0,65,0
20112012_314.html.csv,108,0,108,0
20112012_315.html.csv,42,0,42,0
20112012_316.html.csv,83,83,0,-1
20112012_318.html.csv,111,0,111,1
20112012_319.html.csv,361,361,0,2
20112012_320.html.csv,84,9,75,-1
20112012_323.html.csv,69,24,45,0
20112012_326.html.csv,41,3,38,0
20112012_327.html.csv,78,0,78,0
20112012_328.html.csv,116,113,3,-1
20112012_329.html.csv,69,69,0,-1
20112012_329.html.csv,38,0,38,0
20112012_335.html.csv,104,75,29,1
20112012_335.html.csv,47,0,47,0
20112012_336.html.csv,92,0,92,0
20112012_337.html.csv,304,304,0,2
20112012_338.html.csv,345,344,1,2
20112012_338.html.csv,44,30,14,0
20112012_34.html.csv,67,41,26,1
20112012_340.html.csv,321,321,0,2
20112012_340.html.csv,102,12,90,-1
20112012_341.html.csv,37,24,13,-1
20112012_341.html.csv,9,0,9,0
20112012_342.html.csv,75,28,47,-1
20112012_343.html.csv,86,0,86,0
20112012_344.html.csv,586,586,0,2
20112012_344.html.csv,88,0,88,-2
20112012_344.html.csv,0,0,0,0
20112012_345.html.csv,62,0,62,0
20112012_346.html.csv,39,0,39,0
20112012_347.html.csv,48,20,28,2
20112012_348.html.csv,55,49,6,-1
20112012_348.html.csv,40,0,40,0
20112012_349.html.csv,68,68,0,-1
20112012_35.html.csv,81,0,81,0
20112012_351.html.csv,564,564,0,2
20112012_351.html.csv,13,0,13,0
20112012_352.html.csv,147,43,104,-1
20112012_353.html.csv,122,52,70,-1
20112012_354.html.csv,55,0,55,0
20112012_355.html.csv,278,278,0,2
20112012_357.html.csv,234,234,0,2
20112012_357.html.csv,109,89,20,-1
20112012_358.html.csv,19,0,19,0
20112012_359.html.csv,98,0,98,0
20112012_36.html.csv,231,205,26,1
20112012_36.html.csv,68,3,65,-2
20112012_360.html.csv,74,0,74,0
20112012_361.html.csv,62,0,62,0
20112012_362.html.csv,74,58,16,1
20112012_363.html.csv,67,0,67,0
20112012_364.html.csv,75,17,58,0
20112012_365.html.csv,86,86,0,1
20112012_366.html.csv,92,77,15,-1
20112012_367.html.csv,150,150,0,0
20112012_367.html.csv,98,91,7,0
20112012_367.html.csv,63,50,13,2
20112012_370.html.csv,108,65,43,0
20112012_370.html.csv,38,38,0,-1
20112012_371.html.csv,97,97,0,2
20112012_372.html.csv,21,0,21,0
20112012_376.html.csv,92,32,60,-1
20112012_377.html.csv,57,11,46,-1
20112012_378.html.csv,106,72,34,-1
20112012_379.html.csv,125,95,30,1
20112012_379.html.csv,74,74,0,0
20112012_379.html.csv,25,0,25,0
20112012_381.html.csv,69,0,69,0
20112012_382.html.csv,241,226,15,2
20112012_382.html.csv,98,32,66,-1
20112012_382.html.csv,0,0,0,0
20112012_383.html.csv,399,399,0,2
20112012_384.html.csv,53,34,19,-1
20112012_385.html.csv,118,118,0,2
20112012_386.html.csv,164,149,15,2
20112012_387.html.csv,90,81,9,0
20112012_388.html.csv,67,0,67,0
20112012_389.html.csv,108,22,86,0
20112012_390.html.csv,60,0,60,0
20112012_395.html.csv,65,2,63,2
20112012_396.html.csv,42,0,42,0
20112012_397.html.csv,80,0,80,0
20112012_398.html.csv,85,69,16,-1
20112012_400.html.csv,10,0,10,0
20112012_401.html.csv,76,0,76,0
20112012_402.html.csv,48,46,2,-1
20112012_403.html.csv,95,95,0,1
20112012_404.html.csv,3,0,3,0
20112012_405.html.csv,47,42,5,-1
20112012_405.html.csv,16,0,16,0
20112012_406.html.csv,419,419,0,2
20112012_406.html.csv,77,77,0,-2
20112012_409.html.csv,94,0,94,0
20112012_410.html.csv,104,96,8,1
20112012_410.html.csv,79,66,13,2
20112012_412.html.csv,434,434,0,2
20112012_413.html.csv,46,46,0,-1
20112012_414.html.csv,254,254,0,2
20112012_414.html.csv,57,0,57,0
20112012_415.html.csv,100,0,100,0
20112012_417.html.csv,61,31,30,0
20112012_419.html.csv,60,0,60,0
20112012_42.html.csv,124,37,87,-2
20112012_425.html.csv,79,28,51,-1
20112012_428.html.csv,97,0,97,0
20112012_429.html.csv,0,0,0,0
20112012_43.html.csv,93,70,23,-1
20112012_431.html.csv,146,20,126,-1
20112012_432.html.csv,47,0,47,2
20112012_432.html.csv,0,0,0,0
20112012_434.html.csv,70,66,4,1
20112012_435.html.csv,81,34,47,1
20112012_435.html.csv,0,0,0,0
20112012_439.html.csv,33,0,33,0
20112012_440.html.csv,76,6,70,-1
20112012_443.html.csv,57,51,6,-1
20112012_445.html.csv,82,0,82,0
20112012_446.html.csv,77,66,11,2
20112012_447.html.csv,584,584,0,2
20112012_447.html.csv,89,22,67,1
20112012_449.html.csv,304,304,0,1
20112012_45.html.csv,86,0,86,0
20112012_451.html.csv,342,338,4,2
20112012_451.html.csv,69,0,69,0
20112012_452.html.csv,22,0,22,0
20112012_453.html.csv,91,0,91,0
20112012_454.html.csv,21,21,0,0
20112012_455.html.csv,298,294,4,2
20112012_456.html.csv,151,137,14,-1
20112012_457.html.csv,50,0,50,0
20112012_458.html.csv,46,23,23,0
20112012_458.html.csv,7,0,7,0
20112012_459.html.csv,86,0,86,0
20112012_46.html.csv,196,196,0,2
20112012_46.html.csv,64,64,0,2
20112012_46.html.csv,9,9,0,-2
20112012_460.html.csv,20,0,20,0
20112012_462.html.csv,56,0,56,0
20112012_463.html.csv,0,0,0,0
20112012_467.html.csv,79,51,28,0
20112012_467.html.csv,0,0,0,0
20112012_468.html.csv,60,0,60,0
20112012_47.html.csv,63,32,31,-2
20112012_470.html.csv,90,33,57,2
20112012_472.html.csv,48,0,48,0
20112012_476.html.csv,35,14,21,2
20112012_477.html.csv,47,0,47,0
20112012_479.html.csv,32,0,32,0
20112012_48.html.csv,25,0,25,0
20112012_480.html.csv,50,45,5,-1
20112012_481.html.csv,74,74,0,1
20112012_481.html.csv,29,0,29,0
20112012_483.html.csv,9,0,9,0
20112012_484.html.csv,20,19,1,1
20112012_485.html.csv,33,4,29,0
20112012_487.html.csv,137,4,133,-1
20112012_49.html.csv,75,75,0,2
20112012_49.html.csv,75,75,0,0
20112012_490.html.csv,106,106,0,-1
20112012_491.html.csv,26,25,1,2
20112012_491.html.csv,25,0,25,0
20112012_493.html.csv,28,13,15,2
20112012_494.html.csv,63,0,63,0
20112012_495.html.csv,77,77,0,-1
20112012_497.html.csv,61,0,61,0
20112012_498.html.csv,106,49,57,2
20112012_500.html.csv,69,0,69,0
20112012_501.html.csv,95,93,2,-1
20112012_501.html.csv,40,14,26,0
20112012_502.html.csv,72,72,0,1
20112012_503.html.csv,9,0,9,0
20112012_505.html.csv,56,0,56,0
20112012_51.html.csv,99,68,31,-1
20112012_51.html.csv,46,21,25,0
20112012_510.html.csv,30,9,21,-1
20112012_511.html.csv,69,34,35,0
20112012_511.html.csv,25,0,25,0
20112012_514.html.csv,135,127,8,-1
20112012_515.html.csv,579,579,0,2
20112012_516.html.csv,34,0,34,-2
20112012_517.html.csv,61,36,25,-1
20112012_519.html.csv,60,54,6,0
20112012_519.html.csv,28,28,0,0
20112012_519.html.csv,1,0,1,0
20112012_52.html.csv,20,20,0,2
20112012_520.html.csv,42,0,42,0
20112012_521.html.csv,178,148,30,-1
20112012_522.html.csv,80,30,50,-1
20112012_523.html.csv,74,51,23,-1
20112012_526.html.csv,74,17,57,2
20112012_527.html.csv,54,0,54,0
20112012_528.html.csv,73,39,34,2
20112012_529.html.csv,172,169,3,2
20112012_529.html.csv,48,15,33,0
20112012_53.html.csv,89,22,67,2
20112012_533.html.csv,152,144,8,0
20112012_533.html.csv,125,0,125,0
20112012_534.html.csv,51,0,51,0
20112012_536.html.csv,95,95,0,0
20112012_536.html.csv,60,0,60,0
20112012_539.html.csv,150,94,56,-2
20112012_54.html.csv,48,25,23,0
20112012_54.html.csv,14,0,14,0
20112012_542.html.csv,74,43,31,-1
20112012_543.html.csv,31,25,6,-1
20112012_548.html.csv,88,2,86,-1
20112012_549.html.csv,277,277,0,2
20112012_549.html.csv,42,14,28,0
20112012_551.html.csv,69,0,69,0
20112012_553.html.csv,108,8,100,-2
20112012_553.html.csv,8,8,0,2
20112012_555.html.csv,60,0,60,0
20112012_556.html.csv,94,50,44,-1
20112012_556.html.csv,32,0,32,0
20112012_559.html.csv,81,76,5,0
20112012_559.html.csv,66,65,1,0
20112012_559.html.csv,48,41,7,-1
20112012_559.html.csv,14,0,14,0
20112012_560.html.csv,90,19,71,-1
20112012_562.html.csv,246,246,0,2
20112012_562.html.csv,68,0,68,0
20112012_564.html.csv,347,347,0,2
20112012_564.html.csv,110,0,110,0
20112012_565.html.csv,86,0,86,0
20112012_568.html.csv,87,30,57,-1
20112012_569.html.csv,68,66,2,-2
20112012_569.html.csv,53,20,33,2
20112012_569.html.csv,20,3,17,0
20112012_571.html.csv,28,0,28,0
20112012_574.html.csv,68,0,68,0
20112012_576.html.csv,62,50,12,2
20112012_578.html.csv,124,38,86,-1
20112012_579.html.csv,57,0,57,0
20112012_582.html.csv,95,29,66,-1
20112012_583.html.csv,24,24,0,2
20112012_587.html.csv,0,0,0,0
20112012_588.html.csv,488,488,0,2
20112012_588.html.csv,95,53,42,-1
20112012_589.html.csv,53,0,53,0
20112012_590.html.csv,239,239,0,2
20112012_592.html.csv,66,0,66,0
20112012_593.html.csv,40,40,0,-1
20112012_594.html.csv,70,70,0,0
20112012_594.html.csv,42,8,34,2
20112012_595.html.csv,221,221,0,2
20112012_595.html.csv,112,112,0,0
20112012_595.html.csv,37,37,0,0
20112012_595.html.csv,30,0,30,0
20112012_597.html.csv,144,0,144,0
20112012_598.html.csv,51,30,21,2
20112012_6.html.csv,448,447,1,2
20112012_6.html.csv,45,0,45,0
20112012_600.html.csv,135,74,61,-1
20112012_601.html.csv,85,85,0,2
20112012_603.html.csv,60,0,60,0
20112012_604.html.csv,57,30,27,-2
20112012_605.html.csv,65,0,65,0
20112012_609.html.csv,379,379,0,1
20112012_609.html.csv,104,0,104,0
20112012_61.html.csv,68,0,68,0
20112012_610.html.csv,128,77,51,-1
20112012_611.html.csv,51,45,6,-1
20112012_613.html.csv,43,43,0,-1
20112012_614.html.csv,38,29,9,-2
20112012_617.html.csv,96,0,96,0
20112012_62.html.csv,67,27,40,-1
20112012_621.html.csv,84,0,84,0
20112012_623.html.csv,82,61,21,1
20112012_625.html.csv,108,100,8,-1
20112012_628.html.csv,76,54,22,-1
20112012_629.html.csv,63,0,63,0
20112012_63.html.csv,75,0,75,0
20112012_630.html.csv,42,42,0,0
20112012_632.html.csv,33,0,33,1
20112012_638.html.csv,77,56,21,0
20112012_638.html.csv,31,0,31,0
20112012_639.html.csv,149,86,63,-1
20112012_642.html.csv,68,60,8,-1
20112012_642.html.csv,39,0,39,1
20112012_643.html.csv,43,0,43,0
20112012_644.html.csv,45,35,10,0
20112012_644.html.csv,28,0,28,0
20112012_647.html.csv,57,52,5,1
20112012_648.html.csv,90,78,12,2
20112012_648.html.csv,14,14,0,2
20112012_650.html.csv,47,39,8,1
20112012_651.html.csv,50,30,20,-1
20112012_652.html.csv,82,62,20,-1
20112012_652.html.csv,40,0,40,0
20112012_653.html.csv,43,0,43,0
20112012_654.html.csv,1,1,0,0
20112012_656.html.csv,523,505,18,2
20112012_656.html.csv,40,40,0,-1
20112012_657.html.csv,98,57,41,-1
20112012_658.html.csv,57,56,1,-1
20112012_658.html.csv,15,15,0,0
20112012_659.html.csv,84,0,84,0
20112012_66.html.csv,68,0,68,-2
20112012_662.html.csv,248,248,0,0
20112012_663.html.csv,110,92,18,0
20112012_663.html.csv,57,0,57,0
20112012_664.html.csv,133,0,133,0
20112012_666.html.csv,59,36,23,0
20112012_669.html.csv,80,4,76,0
20112012_67.html.csv,57,40,17,-1
20112012_67.html.csv,14,0,14,0
20112012_670.html.csv,44,0,44,0
20112012_672.html.csv,92,51,41,-1
20112012_677.html.csv,51,21,30,-1
20112012_68.html.csv,95,0,95,0
20112012_686.html.csv,72,47,25,-1
20112012_687.html.csv,445,445,0,2
20112012_687.html.csv,118,100,18,-1
20112012_688.html.csv,102,1,101,-1
20112012_690.html.csv,75,0,75,0
20112012_697.html.csv,73,0,73,0
20112012_698.html.csv,0,0,0,0
20112012_699.html.csv,274,271,3,2
20112012_70.html.csv,50,44,6,-1
20112012_700.html.csv,172,142,30,-1
20112012_700.html.csv,106,106,0,2
20112012_701.html.csv,53,0,53,0
20112012_702.html.csv,102,102,0,2
20112012_705.html.csv,94,0,94,0
20112012_707.html.csv,511,511,0,2
20112012_707.html.csv,60,60,0,0
20112012_707.html.csv,35,35,0,-1
20112012_709.html.csv,72,27,45,2
20112012_71.html.csv,71,19,52,0
20112012_71.html.csv,0,0,0,0
20112012_711.html.csv,150,125,25,-1
20112012_715.html.csv,86,0,86,0
20112012_717.html.csv,69,0,69,2
20112012_718.html.csv,226,215,11,2
20112012_718.html.csv,38,2,36,-2
20112012_719.html.csv,249,248,1,2
20112012_72.html.csv,60,29,31,-1
20112012_723.html.csv,92,13,79,1
20112012_724.html.csv,41,0,41,0
20112012_725.html.csv,96,27,69,-1
20112012_726.html.csv,78,0,78,0
20112012_727.html.csv,440,440,0,2
20112012_730.html.csv,104,0,104,0
20112012_731.html.csv,44,0,44,0
20112012_732.html.csv,81,18,63,-2
20112012_733.html.csv,35,0,35,2
20112012_736.html.csv,27,4,23,-2
20112012_737.html.csv,48,48,0,1
20112012_739.html.csv,31,7,24,1
20112012_74.html.csv,68,51,17,0
20112012_74.html.csv,13,0,13,0
20112012_740.html.csv,109,83,26,-1
20112012_740.html.csv,54,23,31,-1
20112012_741.html.csv,78,78,0,0
20112012_741.html.csv,52,52,0,-1
20112012_742.html.csv,499,499,0,2
20112012_743.html.csv,0,0,0,0
20112012_744.html.csv,75,0,75,0
20112012_745.html.csv,310,295,15,2
20112012_746.html.csv,96,0,96,0
20112012_75.html.csv,54,9,45,2
20112012_750.html.csv,61,61,0,0
20112012_750.html.csv,51,42,9,0
20112012_750.html.csv,37,0,37,0
20112012_751.html.csv,59,53,6,-1
20112012_751.html.csv,47,0,47,0
20112012_754.html.csv,362,353,9,2
20112012_755.html.csv,85,85,0,0
20112012_755.html.csv,38,32,6,-1
20112012_756.html.csv,102,65,37,-1
20112012_758.html.csv,106,80,26,2
20112012_763.html.csv,74,0,74,0
20112012_764.html.csv,10,0,10,0
20112012_765.html.csv,96,24,72,2
20112012_767.html.csv,41,0,41,0
20112012_768.html.csv,158,137,21,0
20112012_768.html.csv,96,23,73,2
20112012_770.html.csv,523,523,0,2
20112012_770.html.csv,86,35,51,1
20112012_773.html.csv,57,11,46,0
20112012_775.html.csv,36,23,13,-1
20112012_777.html.csv,122,1,121,1
20112012_778.html.csv,39,39,0,1
20112012_779.html.csv,79,41,38,-1
20112012_780.html.csv,98,47,51,-1
20112012_781.html.csv,76,76,0,-1
20112012_783.html.csv,162,149,13,0
20112012_783.html.csv,133,65,68,-1
20112012_784.html.csv,82,29,53,-1
20112012_786.html.csv,68,68,0,0
20112012_786.html.csv,53,4,49,-2
20112012_789.html.csv,42,25,17,-2
20112012_791.html.csv,36,0,36,0
20112012_792.html.csv,49,0,49,0
20112012_794.html.csv,27,0,27,0
20112012_796.html.csv,133,122,11,-1
20112012_798.html.csv,113,0,113,0
20112012_8.html.csv,358,357,1,2
20112012_8.html.csv,158,0,158,1
20112012_800.html.csv,87,0,87,0
20112012_802.html.csv,113,113,0,1
20112012_802.html.csv,64,64,0,0
20112012_802.html.csv,14,0,14,-1
20112012_804.html.csv,127,127,0,2
20112012_804.html.csv,6,0,6,0
20112012_806.html.csv,59,1,58,-1
20112012_807.html.csv,26,0,26,1
20112012_808.html.csv,56,49,7,-1
20112012_809.html.csv,91,73,18,-1
20112012_81.html.csv,352,352,0,2
20112012_812.html.csv,45,39,6,1
20112012_813.html.csv,292,292,0,2
20112012_815.html.csv,23,0,23,0
20112012_817.html.csv,40,25,15,-1
20112012_82.html.csv,85,0,85,0
20112012_821.html.csv,73,0,73,0
20112012_824.html.csv,90,49,41,-1
20112012_824.html.csv,19,0,19,0
20112012_828.html.csv,31,0,31,0
20112012_829.html.csv,68,43,25,-2
20112012_83.html.csv,164,40,124,-1
20112012_830.html.csv,64,0,64,0
20112012_831.html.csv,39,3,36,-1
20112012_832.html.csv,78,0,78,0
20112012_833.html.csv,15,6,9,-1
20112012_834.html.csv,114,114,0,0
20112012_834.html.csv,91,72,19,-2
20112012_835.html.csv,86,36,50,-1
20112012_835.html.csv,22,0,22,-2
20112012_838.html.csv,27,9,18,-1
20112012_839.html.csv,57,4,53,0
20112012_840.html.csv,131,62,69,-1
20112012_841.html.csv,158,157,1,2
20112012_842.html.csv,60,0,60,0
20112012_843.html.csv,95,1,94,0
20112012_844.html.csv,78,53,25,-1
20112012_845.html.csv,566,566,0,2
20112012_845.html.csv,97,97,0,2
20112012_846.html.csv,33,0,33,0
20112012_849.html.csv,594,594,0,2
20112012_85.html.csv,214,212,2,2
20112012_850.html.csv,64,64,0,-1
20112012_850.html.csv,33,0,33,0
20112012_851.html.csv,133,0,133,0
20112012_852.html.csv,394,394,0,2
20112012_856.html.csv,443,433,10,2
20112012_859.html.csv,96,0,96,0
20112012_86.html.csv,11,0,11,0
20112012_861.html.csv,56,0,56,0
20112012_862.html.csv,6,0,6,0
20112012_863.html.csv,77,16,61,0
20112012_864.html.csv,90,90,0,0
20112012_864.html.csv,56,0,56,0
20112012_868.html.csv,40,1,39,0
20112012_869.html.csv,58,0,58,0
20112012_872.html.csv,67,0,67,0
20112012_874.html.csv,28,0,28,0
20112012_875.html.csv,52,50,2,-1
20112012_876.html.csv,90,0,90,0
20112012_877.html.csv,110,0,110,0
20112012_878.html.csv,78,15,63,-1
20112012_879.html.csv,97,93,4,1
20112012_88.html.csv,57,2,55,1
20112012_880.html.csv,0,0,0,0
20112012_884.html.csv,532,532,0,2
20112012_885.html.csv,42,33,9,0
20112012_885.html.csv,19,0,19,0
20112012_886.html.csv,66,60,6,0
20112012_886.html.csv,44,44,0,1
20112012_887.html.csv,133,0,133,0
20112012_890.html.csv,93,3,90,0
20112012_891.html.csv,99,22,77,0
20112012_892.html.csv,67,10,57,1
20112012_893.html.csv,57,0,57,0
20112012_896.html.csv,89,73,16,-1
20112012_897.html.csv,114,114,0,0
20112012_897.html.csv,90,35,55,-2
20112012_899.html.csv,89,81,8,0
20112012_899.html.csv,57,0,57,0
20112012_9.html.csv,132,123,9,2
20112012_90.html.csv,29,0,29,0
20112012_902.html.csv,33,16,17,1
20112012_904.html.csv,95,54,41,1
20112012_904.html.csv,39,17,22,2
20112012_904.html.csv,9,0,9,0
20112012_905.html.csv,65,0,65,0
20112012_907.html.csv,73,0,73,0
20112012_908.html.csv,56,0,56,0
20112012_91.html.csv,33,33,0,1
20112012_910.html.csv,155,87,68,0
20112012_910.html.csv,65,36,29,-1
20112012_911.html.csv,200,200,0,2
20112012_913.html.csv,112,53,59,-1
20112012_916.html.csv,90,0,90,0
20112012_918.html.csv,106,0,106,0
20112012_919.html.csv,26,19,7,-1
20112012_92.html.csv,110,87,23,-1
20112012_922.html.csv,40,29,11,0
20112012_923.html.csv,120,120,0,-1
20112012_925.html.csv,60,60,0,2
20112012_926.html.csv,91,72,19,-2
20112012_927.html.csv,59,53,6,1
20112012_928.html.csv,150,131,19,-1
20112012_929.html.csv,247,247,0,2
20112012_929.html.csv,75,46,29,2
20112012_929.html.csv,46,0,46,0
20112012_930.html.csv,64,0,64,0
20112012_931.html.csv,73,0,73,0
20112012_932.html.csv,66,66,0,-1
20112012_933.html.csv,28,0,28,0
20112012_934.html.csv,48,0,48,0
20112012_936.html.csv,102,0,102,0
20112012_937.html.csv,0,0,0,0
20112012_938.html.csv,128,0,128,0
20112012_939.html.csv,73,26,47,1
20112012_94.html.csv,37,7,30,2
20112012_940.html.csv,82,61,21,0
20112012_940.html.csv,28,0,28,0
20112012_942.html.csv,56,28,28,0
20112012_942.html.csv,0,0,0,0
20112012_945.html.csv,65,0,65,0
20112012_946.html.csv,34,14,20,2
20112012_947.html.csv,531,531,0,2
20112012_947.html.csv,83,16,67,-1
20112012_947.html.csv,2,0,2,0
20112012_949.html.csv,102,39,63,2
20112012_949.html.csv,39,15,24,2
20112012_949.html.csv,15,0,15,-2
20112012_95.html.csv,78,0,78,0
20112012_951.html.csv,133,103,30,1
20112012_951.html.csv,54,10,44,1
20112012_952.html.csv,109,27,82,-1
20112012_953.html.csv,90,90,0,0
20112012_953.html.csv,22,0,22,0
20112012_955.html.csv,98,98,0,2
20112012_957.html.csv,51,39,12,-1
20112012_958.html.csv,41,0,41,0
20112012_960.html.csv,31,0,31,0
20112012_963.html.csv,94,88,6,-1
20112012_963.html.csv,0,0,0,0
20112012_964.html.csv,23,0,23,0
20112012_965.html.csv,33,0,33,0
20112012_966.html.csv,66,59,7,-2
20112012_968.html.csv,113,17,96,-2
20112012_969.html.csv,97,60,37,-1
20112012_97.html.csv,41,5,36,-1
20112012_970.html.csv,229,218,11,0
20112012_970.html.csv,131,86,45,-1
20112012_971.html.csv,65,63,2,-1
20112012_972.html.csv,84,15,69,-1
20112012_973.html.csv,73,0,73,0
20112012_974.html.csv,78,78,0,0
20112012_974.html.csv,50,50,0,0
20112012_974.html.csv,37,0,37,0
20112012_975.html.csv,19,0,19,0
20112012_976.html.csv,79,79,0,0
20112012_976.html.csv,58,47,11,0
20112012_976.html.csv,0,0,0,0
20112012_979.html.csv,39,0,39,0
20112012_980.html.csv,128,117,11,0
20112012_980.html.csv,50,0,50,0
20112012_981.html.csv,76,52,24,0
20112012_981.html.csv,41,0,41,0
20112012_982.html.csv,95,66,29,-2
20112012_983.html.csv,39,0,39,0
20112012_984.html.csv,54,17,37,2
20112012_985.html.csv,123,113,10,-1
20112012_986.html.csv,255,255,0,2
20112012_986.html.csv,57,2,55,0
20112012_988.html.csv,58,58,0,0
20112012_988.html.csv,50,0,50,0
20112012_989.html.csv,92,87,5,-1
20112012_989.html.csv,64,64,0,2
20112012_99.html.csv,84,36,48,1
20112012_991.html.csv,54,0,54,0
20112012_993.html.csv,83,0,83,0
20112012_994.html.csv,4,4,0,-1
20112012_997.html.csv,39,0,39,0
20112012_998.html.csv,210,146,64,0
20112012_998.html.csv,127,0,127,0
20122013_1.html.csv,62,62,0,0
20122013_1.html.csv,42,42,0,0
20122013_1.html.csv,12,0,12,0
20122013_101.html.csv,56,38,18,0
20122013_101.html.csv,0,0,0,0
20122013_102.html.csv,79,0,79,0
20122013_107.html.csv,382,336,46,2
20122013_107.html.csv,56,34,22,0
20122013_11.html.csv,67,0,67,2
20122013_110.html.csv,70,70,0,-1
20122013_110.html.csv,24,20,4,0
20122013_110.html.csv,7,0,7,0
20122013_112.html.csv,93,84,9,-2
20122013_112.html.csv,84,3,81,0
20122013_113.html.csv,92,0,92,1
20122013_115.html.csv,0,0,0,0
20122013_116.html.csv,16,3,13,1
20122013_117.html.csv,186,126,60,-1
20122013_12.html.csv,55,0,55,0
20122013_120.html.csv,89,0,89,0
20122013_121.html.csv,18,0,18,-2
20122013_122.html.csv,343,343,0,2
20122013_122.html.csv,105,22,83,-1
20122013_124.html.csv,338,338,0,2
20122013_124.html.csv,35,0,35,0
20122013_125.html.csv,45,0,45,0
20122013_126.html.csv,389,387,2,0
20122013_127.html.csv,73,0,73,0
20122013_128.html.csv,125,27,98,-2
20122013_129.html.csv,42,39,3,-1
20122013_130.html.csv,63,0,63,0
20122013_131.html.csv,110,5,105,0
20122013_132.html.csv,43,15,28,-2
20122013_133.html.csv,86,14,72,2
20122013_135.html.csv,301,301,0,2
20122013_137.html.csv,72,72,0,-1
20122013_138.html.csv,34,0,34,0
20122013_14.html.csv,89,48,41,-1
20122013_141.html.csv,383,383,0,2
20122013_141.html.csv,42,2,40,1
20122013_142.html.csv,50,27,23,0
20122013_142.html.csv,10,0,10,0
20122013_143.html.csv,129,128,1,-1
20122013_146.html.csv,112,110,2,2
20122013_148.html.csv,41,0,41,0
20122013_15.html.csv,115,112,3,-1
20122013_151.html.csv,350,350,0,2
20122013_153.html.csv,77,20,57,0
20122013_153.html.csv,1,0,1,0
20122013_154.html.csv,41,0,41,0
20122013_155.html.csv,102,102,0,0
20122013_157.html.csv,67,0,67,0
20122013_158.html.csv,26,26,0,-2
20122013_16.html.csv,228,227,1,2
20122013_16.html.csv,84,84,0,-2
20122013_166.html.csv,54,53,1,1
20122013_167.html.csv,94,13,81,-1
20122013_168.html.csv,66,49,17,-1
20122013_17.html.csv,0,0,0,0
20122013_170.html.csv,73,0,73,0
20122013_173.html.csv,53,44,9,0
20122013_173.html.csv,11,11,0,-1
20122013_178.html.csv,34,0,34,-1
20122013_179.html.csv,92,91,1,1
20122013_179.html.csv,79,43,36,1
20122013_18.html.csv,449,449,0,2
20122013_180.html.csv,178,163,15,2
20122013_180.html.csv,32,26,6,-2
20122013_181.html.csv,103,103,0,1
20122013_182.html.csv,173,173,0,2
20122013_183.html.csv,414,414,0,2
20122013_183.html.csv,72,47,25,1
20122013_183.html.csv,9,0,9,-2
20122013_187.html.csv,58,0,58,0
20122013_190.html.csv,97,86,11,-1
20122013_192.html.csv,182,158,24,0
20122013_192.html.csv,119,102,17,0
20122013_192.html.csv,90,0,90,0
20122013_193.html.csv,51,0,51,0
20122013_196.html.csv,67,67,0,2
20122013_197.html.csv,96,0,96,0
20122013_198.html.csv,96,96,0,-1
20122013_198.html.csv,58,0,58,0
20122013_199.html.csv,103,95,8,1
20122013_199.html.csv,72,28,44,-1
20122013_200.html.csv,399,396,3,2
20122013_200.html.csv,153,109,44,-1
20122013_201.html.csv,520,518,2,0
20122013_203.html.csv,60,0,60,0
20122013_204.html.csv,35,0,35,0
20122013_205.html.csv,42,38,4,-1
20122013_206.html.csv,110,64,46,-1
20122013_208.html.csv,22,11,11,1
20122013_210.html.csv,64,64,0,-1
20122013_211.html.csv,69,69,0,-1
20122013_211.html.csv,35,35,0,2
20122013_212.html.csv,29,0,29,-2
20122013_213.html.csv,68,64,4,2
20122013_214.html.csv,64,47,17,0
20122013_214.html.csv,33,0,33,0
20122013_215.html.csv,59,0,59,0
20122013_216.html.csv,49,0,49,0
20122013_217.html.csv,416,416,0,2
20122013_217.html.csv,81,0,81,0
20122013_221.html.csv,121,78,43,1
20122013_221.html.csv,60,0,60,0
20122013_225.html.csv,40,34,6,2
20122013_226.html.csv,103,0,103,0
20122013_227.html.csv,66,66,0,-1
20122013_228.html.csv,128,33,95,-2
20122013_229.html.csv,155,0,155,0
20122013_23.html.csv,131,106,25,2
20122013_23.html.csv,86,77,9,0
20122013_23.html.csv,55,44,11,0
20122013_23.html.csv,26,8,18,2
20122013_230.html.csv,111,47,64,-2
20122013_232.html.csv,204,204,0,0
20122013_232.html.csv,93,61,32,1
20122013_233.html.csv,26,22,4,-1
20122013_234.html.csv,0,0,0,0
20122013_236.html.csv,59,0,59,0
20122013_237.html.csv,92,0,92,0
20122013_239.html.csv,87,0,87,-2
20122013_240.html.csv,60,58,2,2
20122013_243.html.csv,82,0,82,-2
20122013_244.html.csv,25,0,25,0
20122013_247.html.csv,73,0,73,0
20122013_248.html.csv,12,0,12,0
20122013_249.html.csv,67,67,0,0
20122013_249.html.csv,45,9,36,2
20122013_249.html.csv,9,0,9,0
20122013_250.html.csv,378,373,5,2
20122013_251.html.csv,79,0,79,-1
20122013_256.html.csv,3,0,3,0
20122013_26.html.csv,29,0,29,0
20122013_260.html.csv,50,0,50,0
20122013_261.html.csv,84,9,75,-1
20122013_262.html.csv,206,204,2,2
20122013_263.html.csv,196,163,33,0
20122013_263.html.csv,111,0,111,0
20122013_265.html.csv,55,30,25,-1
20122013_266.html.csv,33,0,33,0
20122013_267.html.csv,65,52,13,-1
20122013_267.html.csv,33,0,33,0
20122013_268.html.csv,15,15,0,0
20122013_270.html.csv,522,522,0,2
20122013_270.html.csv,48,13,35,-1
20122013_274.html.csv,103,21,82,-1
20122013_275.html.csv,38,0,38,0
20122013_278.html.csv,140,65,75,-1
20122013_279.html.csv,64,64,0,0
20122013_279.html.csv,43,0,43,0
20122013_280.html.csv,60,60,0,-1
20122013_280.html.csv,55,0,55,0
20122013_282.html.csv,26,23,3,-1
20122013_287.html.csv,61,61,0,0
20122013_287.html.csv,32,0,32,0
20122013_291.html.csv,86,0,86,0
20122013_293.html.csv,70,36,34,-1
20122013_295.html.csv,240,240,0,-2
20122013_296.html.csv,83,18,65,-2
20122013_297.html.csv,124,108,16,-2
20122013_297.html.csv,85,59,26,1
20122013_297.html.csv,52,0,52,0
20122013_299.html.csv,97,0,97,0
20122013_30.html.csv,456,456,0,2
20122013_301.html.csv,48,0,48,0
20122013_302.html.csv,61,46,15,2
20122013_303.html.csv,99,0,99,0
20122013_309.html.csv,73,23,50,-1
20122013_31.html.csv,95,65,30,-2
20122013_31.html.csv,59,4,55,1
20122013_310.html.csv,419,412,7,2
20122013_310.html.csv,74,74,0,0
20122013_310.html.csv,18,0,18,0
20122013_312.html.csv,497,497,0,2
20122013_314.html.csv,176,124,52,-2
20122013_315.html.csv,81,0,81,1
20122013_316.html.csv,66,0,66,0
20122013_318.html.csv,176,0,176,0
20122013_319.html.csv,88,78,10,-2
20122013_32.html.csv,24,24,0,-2
20122013_320.html.csv,308,308,0,2
20122013_320.html.csv,131,21,110,0
20122013_321.html.csv,52,52,0,-1
20122013_321.html.csv,9,0,9,1
20122013_324.html.csv,131,80,51,-1
20122013_325.html.csv,39,17,22,-1
20122013_326.html.csv,147,147,0,0
20122013_327.html.csv,98,74,24,-2
20122013_329.html.csv,106,0,106,0
20122013_33.html.csv,64,0,64,0
20122013_331.html.csv,109,90,19,1
20122013_331.html.csv,83,0,83,0
20122013_332.html.csv,99,50,49,0
20122013_332.html.csv,29,5,24,0
20122013_334.html.csv,68,0,68,0
20122013_335.html.csv,143,117,26,1
20122013_335.html.csv,35,0,35,0
20122013_336.html.csv,0,0,0,0
20122013_337.html.csv,541,541,0,2
20122013_338.html.csv,29,21,8,-1
20122013_339.html.csv,86,15,71,-1
20122013_34.html.csv,104,0,104,0
20122013_340.html.csv,444,444,0,2
20122013_340.html.csv,70,66,4,1
20122013_342.html.csv,72,0,72,0
20122013_343.html.csv,387,380,7,2
20122013_344.html.csv,94,32,62,-2
20122013_345.html.csv,514,514,0,2
20122013_346.html.csv,71,0,71,0
20122013_347.html.csv,135,70,65,-1
20122013_349.html.csv,104,101,3,-1
20122013_350.html.csv,57,0,57,0
20122013_352.html.csv,254,254,0,2
20122013_354.html.csv,222,222,0,1
20122013_36.html.csv,111,111,0,-2
20122013_360.html.csv,136,74,62,-1
20122013_361.html.csv,43,0,43,0
20122013_363.html.csv,38,0,38,0
20122013_369.html.csv,518,518,0,2
20122013_369.html.csv,41,41,0,2
20122013_370.html.csv,76,0,76,0
20122013_371.html.csv,28,28,0,0
20122013_371.html.csv,11,0,11,0
20122013_372.html.csv,101,0,101,0
20122013_374.html.csv,40,40,0,-1
20122013_376.html.csv,30,27,3,-1
20122013_377.html.csv,87,0,87,0
20122013_380.html.csv,42,0,42,0
20122013_381.html.csv,35,0,35,0
20122013_383.html.csv,76,76,0,-1
20122013_383.html.csv,44,35,9,0
20122013_39.html.csv,131,130,1,2
20122013_391.html.csv,58,58,0,-1
20122013_392.html.csv,48,23,25,2
20122013_393.html.csv,69,16,53,2
20122013_395.html.csv,78,40,38,-1
20122013_395.html.csv,0,0,0,0
20122013_396.html.csv,94,39,55,-1
20122013_398.html.csv,79,34,45,-1
20122013_398.html.csv,28,12,16,0
20122013_4.html.csv,301,298,3,0
20122013_4.html.csv,159,155,4,0
20122013_4.html.csv,84,58,26,-2
20122013_40.html.csv,117,105,12,2
20122013_400.html.csv,128,97,31,-1
20122013_401.html.csv,49,0,49,0
20122013_403.html.csv,85,20,65,-1
20122013_408.html.csv,78,0,78,0
20122013_41.html.csv,60,0,60,0
20122013_410.html.csv,84,0,84,0
20122013_413.html.csv,90,0,90,0
20122013_414.html.csv,2,0,2,0
20122013_418.html.csv,0,0,0,0
20122013_420.html.csv,132,113,19,0
20122013_420.html.csv,81,80,1,-2
20122013_421.html.csv,101,0,101,1
20122013_423.html.csv,24,3,21,-1
20122013_424.html.csv,85,0,85,0
20122013_426.html.csv,117,18,99,-2
20122013_426.html.csv,18,0,18,0
20122013_427.html.csv,65,46,19,-1
20122013_429.html.csv,92,0,92,0
20122013_43.html.csv,567,567,0,2
20122013_43.html.csv,91,88,3,-1
20122013_430.html.csv,52,9,43,-1
20122013_431.html.csv,114,114,0,0
20122013_431.html.csv,85,53,32,-1
20122013_432.html.csv,93,74,19,1
20122013_432.html.csv,52,0,52,0
20122013_434.html.csv,87,81,6,0
20122013_434.html.csv,72,3,69,-2
20122013_435.html.csv,62,62,0,0
20122013_435.html.csv,53,7,46,-1
20122013_436.html.csv,186,186,0,2
20122013_436.html.csv,29,0,29,0
20122013_437.html.csv,41,41,0,1
20122013_437.html.csv,17,0,17,-2
20122013_437.html.csv,0,0,0,0
20122013_438.html.csv,33,0,33,0
20122013_44.html.csv,76,76,0,-1
20122013_44.html.csv,52,0,52,0
20122013_440.html.csv,0,0,0,0
20122013_442.html.csv,56,21,35,-1
20122013_443.html.csv,84,77,7,2
20122013_447.html.csv,0,0,0,0
20122013_448.html.csv,526,526,0,2
20122013_448.html.csv,437,437,0,0
20122013_449.html.csv,60,0,60,0
20122013_45.html.csv,375,375,0,2
20122013_450.html.csv,69,2,67,0
20122013_451.html.csv,60,0,60,0
20122013_452.html.csv,31,0,31,-1
20122013_456.html.csv,46,21,25,-1
20122013_457.html.csv,104,0,104,0
20122013_458.html.csv,37,5,32,2
20122013_459.html.csv,106,76,30,1
20122013_459.html.csv,54,0,54,0
20122013_460.html.csv,58,0,58,0
20122013_461.html.csv,76,0,76,0
20122013_465.html.csv,53,13,40,-1
20122013_468.html.csv,43,0,43,0
20122013_469.html.csv,45,14,31,0
20122013_469.html.csv,0,0,0,0
20122013_470.html.csv,50,0,50,0
20122013_471.html.csv,34,34,0,-2
20122013_474.html.csv,455,453,2,2
20122013_474.html.csv,69,0,69,0
20122013_475.html.csv,52,0,52,0
20122013_476.html.csv,16,16,0,-1
20122013_477.html.csv,59,0,59,0
20122013_478.html.csv,45,28,17,-1
20122013_479.html.csv,92,0,92,0
20122013_48.html.csv,44,5,39,1
20122013_480.html.csv,55,0,55,0
20122013_481.html.csv,98,0,98,0
20122013_484.html.csv,4,0,4,0
20122013_486.html.csv,60,6,54,2
20122013_489.html.csv,55,55,0,1
20122013_49.html.csv,86,59,27,-2
20122013_490.html.csv,513,513,0,2
20122013_490.html.csv,80,0,80,0
20122013_492.html.csv,58,45,13,-1
20122013_492.html.csv,15,3,12,-1
20122013_495.html.csv,139,122,17,-1
20122013_496.html.csv,452,443,9,2
20122013_496.html.csv,207,207,0,2
20122013_497.html.csv,79,76,3,-1
20122013_499.html.csv,86,42,44,-1
20122013_5.html.csv,27,0,27,0
20122013_50.html.csv,95,0,95,0
20122013_500.html.csv,102,84,18,-1
20122013_500.html.csv,57,40,17,-1
20122013_501.html.csv,117,0,117,0
20122013_502.html.csv,16,16,0,1
20122013_503.html.csv,75,4,71,2
20122013_504.html.csv,29,0,29,0
20122013_505.html.csv,65,36,29,-1
20122013_506.html.csv,97,59,38,-1
20122013_506.html.csv,35,10,25,0
20122013_507.html.csv,169,12,157,0
20122013_508.html.csv,81,34,47,0
20122013_508.html.csv,10,0,10,0
20122013_511.html.csv,79,40,39,1
20122013_514.html.csv,85,27,58,1
20122013_519.html.csv,94,0,94,0
20122013_520.html.csv,50,0,50,0
20122013_521.html.csv,74,10,64,1
20122013_522.html.csv,128,33,95,0
20122013_522.html.csv,12,0,12,0
20122013_523.html.csv,68,64,4,0
20122013_523.html.csv,23,0,23,0
20122013_524.html.csv,95,30,65,-1
20122013_525.html.csv,138,78,60,1
20122013_525.html.csv,42,0,42,0
20122013_528.html.csv,149,136,13,0
20122013_528.html.csv,55,28,27,-1
20122013_53.html.csv,42,42,0,-1
20122013_530.html.csv,42,0,42,0
20122013_531.html.csv,42,34,8,2
20122013_532.html.csv,69,36,33,-1
20122013_533.html.csv,98,0,98,0
20122013_534.html.csv,291,290,1,2
20122013_536.html.csv,58,15,43,-1
20122013_537.html.csv,96,59,37,-2
20122013_539.html.csv,57,39,18,-1
20122013_54.html.csv,102,0,102,0
20122013_541.html.csv,39,4,35,-1
20122013_542.html.csv,102,102,0,0
20122013_542.html.csv,88,88,0,0
20122013_542.html.csv,82,54,28,2
20122013_543.html.csv,65,0,65,0
20122013_544.html.csv,80,17,63,-1
20122013_548.html.csv,108,76,32,0
20122013_548.html.csv,52,0,52,0
20122013_55.html.csv,86,68,18,-1
20122013_55.html.csv,20,0,20,0
20122013_550.html.csv,390,390,0,2
20122013_551.html.csv,145,83,62,2
20122013_551.html.csv,73,73,0,0
20122013_551.html.csv,46,1,45,-1
20122013_553.html.csv,177,164,13,0
20122013_553.html.csv,78,0,78,0
20122013_556.html.csv,344,344,0,2
20122013_557.html.csv,90,90,0,-2
20122013_558.html.csv,90,0,90,0
20122013_559.html.csv,364,364,0,2
20122013_560.html.csv,99,90,9,0
20122013_560.html.csv,69,0,69,0
20122013_561.html.csv,142,49,93,-1
20122013_563.html.csv,388,388,0,2
20122013_563.html.csv,64,43,21,2
20122013_564.html.csv,63,14,49,-1
20122013_565.html.csv,286,285,1,2
20122013_565.html.csv,82,0,82,-1
20122013_566.html.csv,46,0,46,1
20122013_568.html.csv,70,30,40,2
20122013_569.html.csv,0,0,0,0
20122013_571.html.csv,52,10,42,2
20122013_573.html.csv,39,5,34,-1
20122013_574.html.csv,37,32,5,-1
20122013_578.html.csv,73,0,73,0
20122013_579.html.csv,0,0,0,0
20122013_58.html.csv,132,105,27,0
20122013_58.html.csv,89,75,14,-1
20122013_58.html.csv,46,46,0,2
20122013_580.html.csv,82,82,0,2
20122013_581.html.csv,55,0,55,0
20122013_582.html.csv,69,69,0,-1
20122013_583.html.csv,59,2,57,-1
20122013_585.html.csv,36,0,36,0
20122013_586.html.csv,78,0,78,2
20122013_586.html.csv,0,0,0,0
20122013_587.html.csv,57,26,31,-1
20122013_588.html.csv,51,51,0,0
20122013_588.html.csv,19,0,19,0
20122013_589.html.csv,77,0,77,0
20122013_59.html.csv,549,548,1,2
20122013_59.html.csv,487,476,11,2
20122013_59.html.csv,153,139,14,1
20122013_59.html.csv,37,0,37,0
20122013_591.html.csv,70,0,70,1
20122013_594.html.csv,430,429,1,2
20122013_594.html.csv,129,17,112,-2
20122013_596.html.csv,83,0,83,0
20122013_598.html.csv,101,60,41,0
20122013_598.html.csv,20,7,13,-1
20122013_599.html.csv,85,50,35,2
20122013_599.html.csv,50,6,44,-1
20122013_6.html.csv,47,2,45,2
20122013_601.html.csv,519,519,0,2
20122013_603.html.csv,50,9,41,2
20122013_605.html.csv,139,0,139,0
20122013_61.html.csv,98,15,83,2
20122013_610.html.csv,93,0,93,0
20122013_612.html.csv,466,463,3,2
20122013_613.html.csv,597,572,25,2
20122013_615.html.csv,29,29,0,-1
20122013_618.html.csv,88,2,86,-2
20122013_619.html.csv,331,331,0,2
20122013_62.html.csv,120,0,120,0
20122013_620.html.csv,14,14,0,-2
20122013_621.html.csv,86,0,86,0
20122013_622.html.csv,122,11,111,0
20122013_623.html.csv,117,79,38,-1
20122013_624.html.csv,58,58,0,0
20122013_624.html.csv,37,37,0,-1
20122013_625.html.csv,72,37,35,-1
20122013_627.html.csv,164,27,137,-1
20122013_629.html.csv,146,146,0,2
20122013_629.html.csv,62,58,4,2
20122013_63.html.csv,69,2,67,1
20122013_630.html.csv,87,87,0,0
20122013_630.html.csv,40,0,40,1
20122013_631.html.csv,36,35,1,2
20122013_634.html.csv,330,330,0,2
20122013_634.html.csv,42,0,42,0
20122013_635.html.csv,44,14,30,-1
20122013_638.html.csv,101,0,101,0
20122013_64.html.csv,338,338,0,2
20122013_641.html.csv,49,48,1,2
20122013_642.html.csv,63,30,33,2
20122013_643.html.csv,203,203,0,2
20122013_646.html.csv,29,26,3,0
20122013_647.html.csv,97,87,10,-1
20122013_648.html.csv,87,73,14,-1
20122013_649.html.csv,74,72,2,1
20122013_65.html.csv,65,65,0,0
20122013_65.html.csv,33,0,33,0
20122013_652.html.csv,35,0,35,-2
20122013_654.html.csv,65,0,65,1
20122013_656.html.csv,57,0,57,0
20122013_658.html.csv,60,0,60,0
20122013_659.html.csv,52,51,1,-1
20122013_659.html.csv,11,9,2,0
20122013_663.html.csv,276,276,0,2
20122013_664.html.csv,81,33,48,-1
20122013_665.html.csv,146,146,0,2
20122013_665.html.csv,25,11,14,0
20122013_668.html.csv,82,82,0,-1
20122013_669.html.csv,13,0,13,0
20122013_671.html.csv,320,280,40,-2
20122013_671.html.csv,90,35,55,0
20122013_673.html.csv,113,0,113,0
20122013_674.html.csv,414,384,30,2
20122013_674.html.csv,74,0,74,2
20122013_676.html.csv,30,0,30,0
20122013_677.html.csv,24,0,24,0
20122013_678.html.csv,151,82,69,-1
20122013_680.html.csv,337,303,34,2
20122013_680.html.csv,157,100,57,0
20122013_680.html.csv,78,0,78,0
20122013_681.html.csv,33,0,33,0
20122013_682.html.csv,40,29,11,-1
20122013_685.html.csv,67,33,34,1
20122013_685.html.csv,10,0,10,0
20122013_686.html.csv,82,82,0,2
20122013_687.html.csv,64,0,64,0
20122013_688.html.csv,30,0,30,0
20122013_689.html.csv,104,0,104,0
20122013_690.html.csv,201,169,32,-1
20122013_691.html.csv,26,0,26,0
20122013_692.html.csv,121,102,19,-1
20122013_693.html.csv,91,0,91,0
20122013_694.html.csv,103,0,103,0
20122013_695.html.csv,292,292,0,2
20122013_697.html.csv,3,0,3,0
20122013_70.html.csv,465,465,0,2
20122013_702.html.csv,82,64,18,0
20122013_702.html.csv,38,0,38,0
20122013_706.html.csv,43,39,4,0
20122013_706.html.csv,17,0,17,0
20122013_709.html.csv,3,0,3,0
20122013_712.html.csv,96,49,47,-1
20122013_713.html.csv,76,30,46,-1
20122013_715.html.csv,99,4,95,-1
20122013_715.html.csv,0,0,0,0
20122013_716.html.csv,76,0,76,0
20122013_719.html.csv,448,448,0,2
20122013_719.html.csv,104,2,102,-1
20122013_720.html.csv,80,0,80,0
20122013_73.html.csv,8,8,0,-2
20122013_74.html.csv,31,5,26,2
20122013_74.html.csv,5,5,0,-2
20122013_77.html.csv,44,44,0,1
20122013_80.html.csv,58,0,58,0
20122013_81.html.csv,37,0,37,0
20122013_82.html.csv,68,0,68,0
20122013_86.html.csv,58,0,58,0
20122013_92.html.csv,68,14,54,-1
20122013_93.html.csv,15,0,15,0
20122013_97.html.csv,113,88,25,-1
20122013_98.html.csv,61,48,13,-1
20142015_1.html.csv,23,0,23,0
20142015_100.html.csv,21,0,21,0
20142015_1000.html.csv,129,0,129,0
20142015_1002.html.csv,545,545,0,2
20142015_1003.html.csv,145,144,1,-2
20142015_1004.html.csv,135,70,65,-1
20142015_1006.html.csv,174,0,174,0
20142015_1007.html.csv,124,46,78,-1
20142015_1007.html.csv,22,0,22,0
20142015_1010.html.csv,276,264,12,-1
20142015_1011.html.csv,65,38,27,2
20142015_1012.html.csv,7,0,7,0
20142015_1013.html.csv,47,0,47,0
20142015_1014.html.csv,88,0,88,1
20142015_1016.html.csv,73,0,73,0
20142015_1019.html.csv,63,38,25,-1
20142015_102.html.csv,102,2,100,0
20142015_1020.html.csv,229,136,93,-1
20142015_1021.html.csv,267,267,0,2
20142015_1021.html.csv,44,33,11,-1
20142015_1022.html.csv,68,0,68,0
20142015_1023.html.csv,107,81,26,0
20142015_1023.html.csv,70,70,0,0
20142015_1023.html.csv,44,25,19,-1
20142015_1024.html.csv,192,40,152,-1
20142015_1025.html.csv,525,525,0,2
20142015_1025.html.csv,215,178,37,-1
20142015_1026.html.csv,98,97,1,0
20142015_1026.html.csv,74,0,74,0
20142015_1028.html.csv,72,0,72,0
20142015_1029.html.csv,33,0,33,0
20142015_1030.html.csv,30,0,30,0
20142015_1031.html.csv,75,0,75,0
20142015_1032.html.csv,523,523,0,2
20142015_1032.html.csv,106,106,0,-1
20142015_1034.html.csv,492,492,0,2
20142015_1035.html.csv,115,0,115,0
20142015_1036.html.csv,160,5,155,0
20142015_104.html.csv,121,87,34,-1
20142015_1040.html.csv,75,0,75,0
20142015_1042.html.csv,92,49,43,-1
20142015_1044.html.csv,15,15,0,-2
20142015_1048.html.csv,519,518,1,2
20142015_1048.html.csv,335,335,0,-1
20142015_1049.html.csv,536,536,0,2
20142015_1049.html.csv,168,134,34,0
20142015_1049.html.csv,118,10,108,-1
20142015_105.html.csv,166,147,19,-1
20142015_1050.html.csv,46,23,23,0
20142015_1050.html.csv,5,0,5,0
20142015_1055.html.csv,99,19,80,-1
20142015_1056.html.csv,101,4,97,0
20142015_1057.html.csv,69,2,67,2
20142015_1059.html.csv,93,70,23,0
20142015_1059.html.csv,31,0,31,0
20142015_106.html.csv,98,0,98,0
20142015_1061.html.csv,301,262,39,-1
20142015_1062.html.csv,88,13,75,-1
20142015_1064.html.csv,134,28,106,-1
20142015_1068.html.csv,78,56,22,-1
20142015_1068.html.csv,44,44,0,2
20142015_1069.html.csv,508,487,21,2
20142015_1069.html.csv,104,104,0,0
20142015_1069.html.csv,91,14,77,-1
20142015_107.html.csv,492,483,9,2
20142015_107.html.csv,341,333,8,1
20142015_1070.html.csv,72,47,25,-1
20142015_1072.html.csv,159,38,121,-1
20142015_1077.html.csv,59,12,47,-1
20142015_1079.html.csv,562,562,0,2
20142015_108.html.csv,115,0,115,0
20142015_1080.html.csv,9,0,9,0
20142015_1082.html.csv,76,69,7,-1
20142015_1082.html.csv,47,0,47,0
20142015_1083.html.csv,112,0,112,0
20142015_1084.html.csv,89,40,49,-1
20142015_1085.html.csv,49,0,49,0
20142015_1086.html.csv,210,195,15,0
20142015_1086.html.csv,176,176,0,0
20142015_1086.html.csv,92,83,9,-1
20142015_1087.html.csv,41,0,41,0
20142015_1088.html.csv,104,4,100,0
20142015_1091.html.csv,175,0,175,0
20142015_1093.html.csv,37,37,0,-1
20142015_1095.html.csv,0,0,0,0
20142015_1097.html.csv,63,32,31,-1
20142015_1097.html.csv,12,7,5,-1
20142015_1099.html.csv,51,51,0,2
20142015_11.html.csv,19,0,19,0
20142015_110.html.csv,63,63,0,0
20142015_110.html.csv,46,0,46,-1
20142015_1100.html.csv,150,150,0,2
20142015_1101.html.csv,60,39,21,1
20142015_1102.html.csv,264,264,0,2
20142015_1103.html.csv,42,0,42,0
20142015_1104.html.csv,33,30,3,1
20142015_1106.html.csv,233,230,3,-2
20142015_1106.html.csv,96,96,0,-1
20142015_1108.html.csv,95,77,18,-1
20142015_1108.html.csv,42,11,31,0
20142015_1109.html.csv,8,0,8,0
20142015_111.html.csv,89,31,58,-1
20142015_1112.html.csv,78,0,78,0
20142015_1113.html.csv,370,370,0,2
20142015_1113.html.csv,150,59,91,-1
20142015_1115.html.csv,103,0,103,0
20142015_1117.html.csv,80,80,0,0
20142015_1117.html.csv,41,41,0,0
20142015_1117.html.csv,31,0,31,0
20142015_1118.html.csv,257,257,0,2
20142015_1119.html.csv,111,111,0,1
20142015_1119.html.csv,98,0,98,0
20142015_112.html.csv,73,0,73,0
20142015_1120.html.csv,153,135,18,0
20142015_1120.html.csv,117,99,18,-1
20142015_1121.html.csv,145,84,61,1
20142015_1123.html.csv,131,131,0,0
20142015_1123.html.csv,111,12,99,0
20142015_1124.html.csv,128,78,50,-1
20142015_1124.html.csv,0,0,0,0
20142015_1125.html.csv,115,82,33,-1
20142015_1126.html.csv,122,0,122,0
20142015_1127.html.csv,92,92,0,2
20142015_1128.html.csv,145,143,2,-1
20142015_1129.html.csv,100,97,3,0
20142015_1129.html.csv,83,83,0,2
20142015_1130.html.csv,95,54,41,0
20142015_1130.html.csv,0,0,0,0
20142015_1132.html.csv,139,30,109,-1
20142015_1133.html.csv,75,62,13,2
20142015_1134.html.csv,430,429,1,2
20142015_1136.html.csv,113,57,56,-1
20142015_1137.html.csv,91,91,0,-1
20142015_1139.html.csv,80,7,73,-1
20142015_1140.html.csv,139,95,44,-1
20142015_1141.html.csv,591,590,1,2
20142015_1141.html.csv,62,43,19,-1
20142015_1142.html.csv,28,28,0,2
20142015_1144.html.csv,198,198,0,2
20142015_1145.html.csv,192,0,192,0
20142015_1148.html.csv,91,91,0,0
20142015_1148.html.csv,54,39,15,-2
20142015_1149.html.csv,101,79,22,2
20142015_1151.html.csv,40,40,0,2
20142015_1152.html.csv,299,245,54,-1
20142015_1152.html.csv,212,212,0,-1
20142015_1156.html.csv,120,64,56,0
20142015_1158.html.csv,125,125,0,-1
20142015_1159.html.csv,24,0,24,0
20142015_116.html.csv,169,0,169,0
20142015_1160.html.csv,108,0,108,0
20142015_1162.html.csv,108,103,5,1
20142015_1162.html.csv,37,0,37,0
20142015_1164.html.csv,155,22,133,-1
20142015_1165.html.csv,84,84,0,-1
20142015_1165.html.csv,70,0,70,0
20142015_1166.html.csv,121,86,35,0
20142015_1166.html.csv,45,0,45,0
20142015_1168.html.csv,76,57,19,-1
20142015_1168.html.csv,20,13,7,0
20142015_1169.html.csv,156,125,31,1
20142015_1169.html.csv,84,67,17,0
20142015_1169.html.csv,48,0,48,0
20142015_117.html.csv,212,212,0,2
20142015_1176.html.csv,115,115,0,1
20142015_1177.html.csv,38,11,27,-1
20142015_1179.html.csv,51,0,51,0
20142015_1180.html.csv,122,0,122,0
20142015_1184.html.csv,70,0,70,0
20142015_1185.html.csv,336,322,14,1
20142015_1185.html.csv,72,0,72,0
20142015_1186.html.csv,65,28,37,1
20142015_1187.html.csv,124,0,124,0
20142015_119.html.csv,24,24,0,0
20142015_119.html.csv,0,0,0,0
20142015_1190.html.csv,110,108,2,-1
20142015_1191.html.csv,145,104,41,1
20142015_1191.html.csv,84,28,56,1
20142015_1192.html.csv,124,108,16,1
20142015_1193.html.csv,100,0,100,0
20142015_1195.html.csv,70,6,64,0
20142015_1196.html.csv,108,108,0,1
20142015_1196.html.csv,85,0,85,0
20142015_1197.html.csv,75,7,68,2
20142015_1198.html.csv,82,0,82,0
20142015_1199.html.csv,74,2,72,-1
20142015_12.html.csv,107,107,0,2
20142015_1203.html.csv,181,99,82,-1
20142015_1204.html.csv,549,547,2,2
20142015_1204.html.csv,245,221,24,1
20142015_1204.html.csv,103,39,64,-1
20142015_1207.html.csv,215,166,49,0
20142015_1207.html.csv,34,0,34,0
20142015_1208.html.csv,54,0,54,0
20142015_1209.html.csv,68,60,8,-1
20142015_1209.html.csv,43,0,43,0
20142015_121.html.csv,30,0,30,0
20142015_1211.html.csv,50,50,0,-1
20142015_1211.html.csv,32,0,32,0
20142015_1212.html.csv,51,29,22,-1
20142015_1214.html.csv,57,0,57,0
20142015_1215.html.csv,69,10,59,-1
20142015_1216.html.csv,188,188,0,-2
20142015_1217.html.csv,150,114,36,-1
20142015_1219.html.csv,51,44,7,-1
20142015_122.html.csv,43,0,43,0
20142015_1220.html.csv,171,0,171,0
20142015_1222.html.csv,82,0,82,0
20142015_1223.html.csv,537,529,8,1
20142015_1223.html.csv,95,95,0,1
20142015_1224.html.csv,154,140,14,-1
20142015_1224.html.csv,74,0,74,0
20142015_1225.html.csv,68,66,2,1
20142015_1227.html.csv,178,125,53,-1
20142015_1228.html.csv,34,0,34,0
20142015_123.html.csv,379,379,0,0
20142015_123.html.csv,197,138,59,-1
20142015_124.html.csv,76,0,76,0
20142015_125.html.csv,55,0,55,0
20142015_131.html.csv,35,0,35,0
20142015_135.html.csv,54,17,37,-1
20142015_136.html.csv,24,1,23,0
20142015_142.html.csv,91,0,91,1
20142015_143.html.csv,79,56,23,0
20142015_143.html.csv,13,0,13,0
20142015_144.html.csv,168,50,118,2
20142015_149.html.csv,136,114,22,0
20142015_149.html.csv,70,70,0,-1
20142015_15.html.csv,114,96,18,-2
20142015_151.html.csv,109,2,107,0
20142015_152.html.csv,73,73,0,2
20142015_153.html.csv,40,0,40,0
20142015_154.html.csv,73,0,73,0
20142015_155.html.csv,106,0,106,0
20142015_156.html.csv,228,0,228,1
20142015_157.html.csv,25,0,25,-2
20142015_163.html.csv,45,3,42,0
20142015_165.html.csv,31,0,31,0
20142015_166.html.csv,210,210,0,-1
20142015_167.html.csv,205,205,0,2
20142015_167.html.csv,74,0,74,1
20142015_168.html.csv,187,187,0,2
20142015_168.html.csv,38,21,17,-2
20142015_169.html.csv,39,0,39,0
20142015_17.html.csv,60,58,2,0
20142015_17.html.csv,39,0,39,0
20142015_170.html.csv,54,0,54,0
20142015_173.html.csv,76,0,76,0
20142015_176.html.csv,81,12,69,-1
20142015_178.html.csv,58,58,0,-1
20142015_179.html.csv,127,94,33,-1
20142015_180.html.csv,111,100,11,-1
20142015_180.html.csv,88,52,36,-2
20142015_181.html.csv,110,0,110,0
20142015_182.html.csv,583,583,0,2
20142015_183.html.csv,32,0,32,0
20142015_185.html.csv,122,108,14,-2
20142015_185.html.csv,108,31,77,2
20142015_187.html.csv,89,8,81,-1
20142015_190.html.csv,185,130,55,-1
20142015_191.html.csv,192,180,12,-2
20142015_191.html.csv,89,51,38,1
20142015_191.html.csv,20,0,20,0
20142015_193.html.csv,70,0,70,0
20142015_194.html.csv,79,76,3,1
20142015_196.html.csv,94,0,94,0
20142015_197.html.csv,60,0,60,-2
20142015_199.html.csv,100,0,100,0
20142015_2.html.csv,361,361,0,2
20142015_2.html.csv,27,27,0,0
20142015_20.html.csv,0,0,0,0
20142015_200.html.csv,88,0,88,0
20142015_202.html.csv,88,88,0,-2
20142015_202.html.csv,20,0,20,0
20142015_204.html.csv,86,0,86,0
20142015_206.html.csv,320,318,2,2
20142015_207.html.csv,34,0,34,0
20142015_208.html.csv,87,51,36,-1
20142015_208.html.csv,51,51,0,-2
20142015_210.html.csv,57,30,27,0
20142015_210.html.csv,7,0,7,0
20142015_211.html.csv,96,69,27,-2
20142015_211.html.csv,69,42,27,-1
20142015_211.html.csv,3,3,0,0
20142015_215.html.csv,98,87,11,-1
20142015_215.html.csv,71,19,52,0
20142015_216.html.csv,173,117,56,-1
20142015_218.html.csv,150,0,150,0
20142015_223.html.csv,110,52,58,-2
20142015_224.html.csv,208,92,116,2
20142015_227.html.csv,73,0,73,0
20142015_229.html.csv,6,0,6,0
20142015_23.html.csv,80,0,80,0
20142015_233.html.csv,193,191,2,2
20142015_234.html.csv,97,90,7,-1
20142015_234.html.csv,55,0,55,0
20142015_236.html.csv,0,0,0,0
20142015_237.html.csv,72,0,72,0
20142015_238.html.csv,148,148,0,-1
20142015_239.html.csv,70,0,70,0
20142015_241.html.csv,107,0,107,0
20142015_242.html.csv,72,0,72,0
20142015_243.html.csv,101,0,101,0
20142015_244.html.csv,0,0,0,0
20142015_245.html.csv,142,129,13,-1
20142015_247.html.csv,295,295,0,2
20142015_248.html.csv,83,0,83,0
20142015_249.html.csv,90,0,90,0
20142015_25.html.csv,179,81,98,-1
20142015_254.html.csv,8,0,8,0
20142015_256.html.csv,301,300,1,2
20142015_256.html.csv,60,0,60,0
20142015_257.html.csv,104,0,104,0
20142015_259.html.csv,87,0,87,0
20142015_260.html.csv,70,8,62,-1
20142015_262.html.csv,246,150,96,0
20142015_262.html.csv,133,7,126,0
20142015_265.html.csv,77,0,77,0
20142015_266.html.csv,580,578,2,2
20142015_267.html.csv,196,121,75,-2
20142015_267.html.csv,0,0,0,0
20142015_268.html.csv,89,42,47,-1
20142015_27.html.csv,39,3,36,-1
20142015_273.html.csv,402,402,0,2
20142015_273.html.csv,63,0,63,0
20142015_274.html.csv,87,0,87,0
20142015_275.html.csv,321,321,0,2
20142015_275.html.csv,258,258,0,2
20142015_278.html.csv,202,45,157,2
20142015_279.html.csv,109,0,109,0
20142015_28.html.csv,83,83,0,2
20142015_280.html.csv,20,0,20,0
20142015_281.html.csv,332,253,79,1
20142015_281.html.csv,203,203,0,0
20142015_281.html.csv,178,8,170,-1
20142015_283.html.csv,75,0,75,0
20142015_284.html.csv,70,0,70,0
20142015_285.html.csv,89,0,89,0
20142015_286.html.csv,65,0,65,0
20142015_287.html.csv,90,0,90,0
20142015_289.html.csv,146,146,0,0
20142015_289.html.csv,92,67,25,0
20142015_289.html.csv,60,0,60,0
20142015_29.html.csv,164,153,11,2
20142015_29.html.csv,26,4,22,-1
20142015_290.html.csv,89,34,55,1
20142015_291.html.csv,378,377,1,2
20142015_294.html.csv,210,0,210,0
20142015_296.html.csv,96,0,96,0
20142015_297.html.csv,594,591,3,2
20142015_297.html.csv,148,142,6,0
20142015_297.html.csv,119,107,12,-1
20142015_298.html.csv,93,77,16,2
20142015_3.html.csv,85,76,9,-1
20142015_3.html.csv,52,0,52,0
20142015_300.html.csv,49,14,35,-2
20142015_301.html.csv,79,0,79,0
20142015_302.html.csv,118,43,75,1
20142015_302.html.csv,33,31,2,1
20142015_304.html.csv,73,0,73,0
20142015_305.html.csv,485,484,1,2
20142015_305.html.csv,162,142,20,1
20142015_305.html.csv,73,73,0,0
20142015_305.html.csv,30,5,25,1
20142015_308.html.csv,118,40,78,-1
20142015_310.html.csv,41,41,0,2
20142015_311.html.csv,99,43,56,-1
20142015_314.html.csv,224,215,9,2
20142015_314.html.csv,63,35,28,1
20142015_314.html.csv,27,27,0,0
20142015_314.html.csv,1,0,1,0
20142015_315.html.csv,111,89,22,-1
20142015_317.html.csv,107,41,66,1
20142015_319.html.csv,22,0,22,0
20142015_321.html.csv,150,0,150,0
20142015_322.html.csv,139,0,139,1
20142015_323.html.csv,65,0,65,0
20142015_324.html.csv,0,0,0,0
20142015_325.html.csv,467,467,0,2
20142015_325.html.csv,156,82,74,-1
20142015_326.html.csv,59,26,33,-2
20142015_327.html.csv,102,95,7,0
20142015_327.html.csv,83,49,34,0
20142015_327.html.csv,0,0,0,0
20142015_330.html.csv,110,6,104,0
20142015_332.html.csv,142,142,0,2
20142015_334.html.csv,113,80,33,0
20142015_334.html.csv,60,60,0,-1
20142015_335.html.csv,120,88,32,-1
20142015_337.html.csv,49,0,49,0
20142015_340.html.csv,329,322,7,-1
20142015_341.html.csv,74,0,74,0
20142015_342.html.csv,2,0,2,0
20142015_343.html.csv,121,112,9,1
20142015_344.html.csv,320,295,25,2
20142015_347.html.csv,190,190,0,2
20142015_348.html.csv,113,24,89,-1
20142015_349.html.csv,12,0,12,0
20142015_350.html.csv,444,444,0,2
20142015_350.html.csv,5,0,5,0
20142015_354.html.csv,173,109,64,-1
20142015_356.html.csv,262,230,32,1
20142015_356.html.csv,97,50,47,-1
20142015_356.html.csv,30,0,30,0
20142015_357.html.csv,120,107,13,2
20142015_358.html.csv,65,0,65,0
20142015_359.html.csv,162,95,67,0
20142015_359.html.csv,38,0,38,0
20142015_361.html.csv,54,0,54,0
20142015_364.html.csv,69,0,69,0
20142015_365.html.csv,110,0,110,0
20142015_366.html.csv,71,60,11,2
20142015_367.html.csv,173,50,123,-2
20142015_368.html.csv,203,59,144,1
20142015_368.html.csv,41,0,41,0
20142015_369.html.csv,79,68,11,-2
20142015_37.html.csv,61,29,32,0
20142015_37.html.csv,0,0,0,0
20142015_370.html.csv,12,5,7,0
20142015_371.html.csv,77,50,27,-1
20142015_372.html.csv,119,58,61,1
20142015_372.html.csv,47,0,47,0
20142015_375.html.csv,91,3,88,1
20142015_377.html.csv,198,161,37,0
20142015_377.html.csv,125,0,125,0
20142015_378.html.csv,125,124,1,2
20142015_378.html.csv,35,0,35,0
20142015_379.html.csv,92,92,0,2
20142015_380.html.csv,534,534,0,2
20142015_383.html.csv,34,0,34,0
20142015_384.html.csv,101,77,24,1
20142015_387.html.csv,75,75,0,0
20142015_387.html.csv,54,41,13,-2
20142015_389.html.csv,14,0,14,0
20142015_390.html.csv,54,0,54,0
20142015_392.html.csv,147,141,6,-1
20142015_393.html.csv,574,574,0,2
20142015_393.html.csv,64,1,63,0
20142015_394.html.csv,223,144,79,2
20142015_394.html.csv,130,73,57,1
20142015_394.html.csv,48,0,48,0
20142015_395.html.csv,55,0,55,0
20142015_396.html.csv,90,25,65,-1
20142015_397.html.csv,50,50,0,0
20142015_398.html.csv,83,71,12,-1
20142015_398.html.csv,41,0,41,-2
20142015_399.html.csv,95,64,31,-1
20142015_4.html.csv,67,67,0,2
20142015_401.html.csv,105,79,26,2
20142015_403.html.csv,117,0,117,0
20142015_405.html.csv,94,89,5,0
20142015_405.html.csv,58,0,58,0
20142015_407.html.csv,128,0,128,0
20142015_408.html.csv,32,32,0,-1
20142015_409.html.csv,67,67,0,-2
20142015_411.html.csv,86,56,30,1
20142015_412.html.csv,74,40,34,-1
20142015_412.html.csv,4,4,0,-1
20142015_413.html.csv,49,0,49,-1
20142015_414.html.csv,76,62,14,0
20142015_414.html.csv,25,0,25,1
20142015_415.html.csv,0,0,0,0
20142015_417.html.csv,110,58,52,-1
20142015_42.html.csv,27,1,26,-1
20142015_420.html.csv,0,0,0,0
20142015_421.html.csv,82,29,53,0
20142015_422.html.csv,64,0,64,0
20142015_423.html.csv,156,150,6,-1
20142015_425.html.csv,92,81,11,1
20142015_425.html.csv,57,57,0,-1
20142015_425.html.csv,37,0,37,0
20142015_426.html.csv,15,0,15,0
20142015_427.html.csv,77,64,13,-1
20142015_430.html.csv,136,0,136,0
20142015_431.html.csv,139,0,139,0
20142015_434.html.csv,553,553,0,2
20142015_434.html.csv,19,17,2,-1
20142015_438.html.csv,253,194,59,-1
20142015_439.html.csv,77,0,77,0
20142015_44.html.csv,43,0,43,0
20142015_440.html.csv,86,39,47,-1
20142015_441.html.csv,87,11,76,1
20142015_442.html.csv,160,156,4,2
20142015_443.html.csv,148,67,81,1
20142015_443.html.csv,37,0,37,0
20142015_444.html.csv,510,509,1,2
20142015_447.html.csv,106,94,12,-1
20142015_447.html.csv,79,21,58,2
20142015_447.html.csv,21,21,0,-2
20142015_449.html.csv,97,18,79,0
20142015_449.html.csv,9,0,9,0
20142015_450.html.csv,299,298,1,2
20142015_450.html.csv,61,22,39,-1
20142015_452.html.csv,126,0,126,0
20142015_453.html.csv,144,42,102,-1
20142015_458.html.csv,95,84,11,-1
20142015_460.html.csv,180,178,2,2
20142015_461.html.csv,507,507,0,2
20142015_461.html.csv,92,14,78,-1
20142015_462.html.csv,226,226,0,0
20142015_462.html.csv,185,181,4,-1
20142015_463.html.csv,596,593,3,2
20142015_464.html.csv,64,1,63,-1
20142015_466.html.csv,74,26,48,-1
20142015_469.html.csv,159,84,75,-1
20142015_471.html.csv,12,0,12,0
20142015_472.html.csv,130,65,65,0
20142015_472.html.csv,49,0,49,0
20142015_473.html.csv,81,2,79,0
20142015_474.html.csv,91,41,50,1
20142015_476.html.csv,19,0,19,0
20142015_477.html.csv,61,0,61,0
20142015_478.html.csv,97,28,69,2
20142015_479.html.csv,47,0,47,0
20142015_480.html.csv,230,183,47,2
20142015_480.html.csv,47,26,21,-1
20142015_483.html.csv,173,131,42,-1
20142015_484.html.csv,87,71,16,-1
20142015_484.html.csv,45,36,9,2
20142015_485.html.csv,188,188,0,2
20142015_487.html.csv,158,158,0,2
20142015_488.html.csv,58,48,10,1
20142015_49.html.csv,188,80,108,0
20142015_49.html.csv,29,27,2,-1
20142015_490.html.csv,67,21,46,1
20142015_493.html.csv,108,91,17,1
20142015_494.html.csv,80,0,80,0
20142015_497.html.csv,118,0,118,0
20142015_498.html.csv,115,115,0,2
20142015_502.html.csv,132,132,0,1
20142015_502.html.csv,80,59,21,1
20142015_503.html.csv,73,38,35,-1
20142015_505.html.csv,53,43,10,-2
20142015_506.html.csv,52,30,22,2
20142015_507.html.csv,350,350,0,2
20142015_507.html.csv,165,75,90,0
20142015_507.html.csv,49,29,20,-1
20142015_509.html.csv,116,0,116,1
20142015_51.html.csv,3,0,3,0
20142015_511.html.csv,307,283,24,-1
20142015_512.html.csv,274,231,43,-1
20142015_516.html.csv,439,439,0,0
20142015_516.html.csv,57,57,0,0
20142015_516.html.csv,56,0,56,0
20142015_517.html.csv,100,88,12,0
20142015_517.html.csv,58,55,3,-1
20142015_518.html.csv,165,76,89,0
20142015_521.html.csv,33,14,19,0
20142015_522.html.csv,238,198,40,-1
20142015_524.html.csv,109,6,103,-1
20142015_525.html.csv,61,61,0,2
20142015_526.html.csv,77,0,77,0
20142015_527.html.csv,285,281,4,2
20142015_527.html.csv,99,0,99,-1
20142015_529.html.csv,178,146,32,-1
20142015_530.html.csv,110,64,46,-2
20142015_532.html.csv,99,23,76,-1
20142015_533.html.csv,420,420,0,2
20142015_533.html.csv,198,53,145,0
20142015_533.html.csv,20,2,18,-1
20142015_534.html.csv,241,241,0,2
20142015_534.html.csv,77,0,77,0
20142015_536.html.csv,107,87,20,0
20142015_536.html.csv,51,0,51,0
20142015_537.html.csv,73,73,0,1
20142015_538.html.csv,83,0,83,0
20142015_539.html.csv,62,0,62,0
20142015_54.html.csv,87,82,5,-1
20142015_540.html.csv,412,411,1,2
20142015_540.html.csv,85,28,57,-1
20142015_542.html.csv,104,94,10,0
20142015_542.html.csv,75,0,75,0
20142015_544.html.csv,154,19,135,0
20142015_544.html.csv,0,0,0,0
20142015_548.html.csv,59,0,59,0
20142015_549.html.csv,44,23,21,-1
20142015_552.html.csv,138,125,13,-1
20142015_556.html.csv,191,191,0,2
20142015_557.html.csv,60,0,60,0
20142015_558.html.csv,178,39,139,2
20142015_559.html.csv,89,27,62,-1
20142015_56.html.csv,18,0,18,0
20142015_560.html.csv,57,5,52,-1
20142015_561.html.csv,112,0,112,0
20142015_562.html.csv,63,0,63,0
20142015_564.html.csv,214,205,9,1
20142015_564.html.csv,79,3,76,0
20142015_565.html.csv,472,472,0,2
20142015_566.html.csv,502,502,0,2
20142015_567.html.csv,108,64,44,1
20142015_567.html.csv,34,34,0,1
20142015_574.html.csv,210,210,0,1
20142015_574.html.csv,138,111,27,-1
20142015_574.html.csv,73,73,0,-2
20142015_574.html.csv,73,32,41,-1
20142015_575.html.csv,223,223,0,2
20142015_577.html.csv,137,119,18,1
20142015_577.html.csv,108,13,95,0
20142015_58.html.csv,66,0,66,0
20142015_580.html.csv,61,0,61,0
20142015_582.html.csv,185,150,35,-1
20142015_582.html.csv,64,64,0,2
20142015_583.html.csv,5,0,5,0
20142015_584.html.csv,184,184,0,-1
20142015_586.html.csv,127,55,72,-2
20142015_587.html.csv,94,86,8,2
20142015_587.html.csv,21,0,21,0
20142015_589.html.csv,157,0,157,0
20142015_590.html.csv,111,0,111,0
20142015_591.html.csv,244,243,1,2
20142015_593.html.csv,48,0,48,0
20142015_594.html.csv,152,121,31,0
20142015_594.html.csv,54,27,27,-1
20142015_596.html.csv,105,84,21,0
20142015_596.html.csv,56,0,56,0
20142015_597.html.csv,143,134,9,-1
20142015_598.html.csv,99,12,87,-1
20142015_599.html.csv,418,399,19,2
20142015_6.html.csv,92,60,32,-1
20142015_6.html.csv,0,0,0,0
20142015_60.html.csv,112,0,112,0
20142015_603.html.csv,81,60,21,-1
20142015_605.html.csv,137,114,23,2
20142015_606.html.csv,63,15,48,0
20142015_607.html.csv,70,37,33,2
20142015_609.html.csv,92,73,19,-1
20142015_61.html.csv,120,15,105,-1
20142015_610.html.csv,198,198,0,2
20142015_610.html.csv,4,4,0,2
20142015_611.html.csv,25,7,18,0
20142015_611.html.csv,0,0,0,0
20142015_612.html.csv,146,146,0,-1
20142015_613.html.csv,108,0,108,0
20142015_615.html.csv,58,18,40,2
20142015_616.html.csv,464,464,0,2
20142015_617.html.csv,149,0,149,0
20142015_62.html.csv,53,0,53,0
20142015_621.html.csv,18,0,18,0
20142015_623.html.csv,83,60,23,-1
20142015_624.html.csv,62,62,0,0
20142015_624.html.csv,29,29,0,2
20142015_628.html.csv,117,0,117,0
20142015_629.html.csv,64,60,4,-1
20142015_629.html.csv,21,0,21,0
20142015_630.html.csv,26,8,18,0
20142015_631.html.csv,106,0,106,0
20142015_635.html.csv,91,0,91,-2
20142015_635.html.csv,0,0,0,0
20142015_638.html.csv,97,0,97,0
20142015_639.html.csv,53,0,53,0
20142015_64.html.csv,151,151,0,1
20142015_64.html.csv,98,64,34,0
20142015_64.html.csv,32,0,32,0
20142015_640.html.csv,55,0,55,0
20142015_641.html.csv,76,0,76,0
20142015_642.html.csv,218,215,3,2
20142015_642.html.csv,67,67,0,-1
20142015_643.html.csv,51,0,51,0
20142015_647.html.csv,171,36,135,-1
20142015_648.html.csv,92,0,92,0
20142015_649.html.csv,88,27,61,-1
20142015_65.html.csv,83,0,83,0
20142015_650.html.csv,48,48,0,1
20142015_651.html.csv,153,76,77,1
20142015_651.html.csv,56,0,56,0
20142015_652.html.csv,102,85,17,-1
20142015_653.html.csv,45,45,0,-1
20142015_653.html.csv,20,0,20,0
20142015_654.html.csv,89,73,16,-1
20142015_656.html.csv,58,0,58,0
20142015_657.html.csv,68,0,68,0
20142015_658.html.csv,64,29,35,-1
20142015_660.html.csv,38,38,0,-1
20142015_661.html.csv,146,146,0,2
20142015_661.html.csv,23,0,23,0
20142015_662.html.csv,138,63,75,-2
20142015_663.html.csv,78,64,14,0
20142015_663.html.csv,43,0,43,0
20142015_665.html.csv,74,7,67,1
20142015_668.html.csv,62,0,62,0
20142015_669.html.csv,54,54,0,-1
20142015_67.html.csv,74,74,0,-1
20142015_67.html.csv,24,0,24,0
20142015_670.html.csv,515,515,0,2
20142015_673.html.csv,141,60,81,-1
20142015_676.html.csv,136,63,73,-1
20142015_677.html.csv,161,94,67,-1
20142015_678.html.csv,154,152,2,1
20142015_678.html.csv,83,0,83,0
20142015_679.html.csv,59,0,59,0
20142015_68.html.csv,91,80,11,-1
20142015_68.html.csv,48,15,33,2
20142015_680.html.csv,109,15,94,0
20142015_682.html.csv,409,409,0,2
20142015_685.html.csv,96,67,29,1
20142015_688.html.csv,226,195,31,0
20142015_688.html.csv,165,146,19,-1
20142015_690.html.csv,61,0,61,0
20142015_691.html.csv,120,94,26,0
20142015_691.html.csv,83,83,0,1
20142015_691.html.csv,40,40,0,0
20142015_691.html.csv,25,0,25,0
20142015_693.html.csv,416,416,0,2
20142015_694.html.csv,125,105,20,1
20142015_695.html.csv,103,59,44,0
20142015_695.html.csv,36,19,17,-1
20142015_696.html.csv,69,32,37,2
20142015_696.html.csv,12,3,9,-1
20142015_697.html.csv,265,265,0,2
20142015_699.html.csv,71,54,17,0
20142015_699.html.csv,28,28,0,-1
20142015_700.html.csv,134,0,134,0
20142015_701.html.csv,24,0,24,0
20142015_702.html.csv,68,0,68,0
20142015_703.html.csv,28,22,6,0
20142015_703.html.csv,0,0,0,0
20142015_704.html.csv,119,36,83,1
20142015_706.html.csv,96,82,14,2
20142015_706.html.csv,13,13,0,2
20142015_707.html.csv,268,227,41,0
20142015_707.html.csv,147,32,115,-1
20142015_710.html.csv,90,0,90,0
20142015_711.html.csv,200,126,74,-1
20142015_712.html.csv,81,28,53,0
20142015_712.html.csv,2,0,2,0
20142015_713.html.csv,134,101,33,-1
20142015_714.html.csv,172,0,172,0
20142015_715.html.csv,58,58,0,2
20142015_717.html.csv,85,0,85,0
20142015_719.html.csv,95,0,95,0
20142015_720.html.csv,122,122,0,1
20142015_720.html.csv,108,91,17,-2
20142015_720.html.csv,10,0,10,0
20142015_724.html.csv,164,154,10,0
20142015_724.html.csv,125,71,54,-1
20142015_725.html.csv,88,35,53,-1
20142015_728.html.csv,519,519,0,2
20142015_73.html.csv,168,0,168,0
20142015_730.html.csv,51,17,34,-1
20142015_731.html.csv,159,152,7,-1
20142015_731.html.csv,71,0,71,0
20142015_733.html.csv,50,0,50,0
20142015_734.html.csv,159,22,137,0
20142015_735.html.csv,267,206,61,1
20142015_735.html.csv,191,165,26,2
20142015_735.html.csv,15,4,11,-2
20142015_736.html.csv,142,126,16,0
20142015_736.html.csv,105,0,105,0
20142015_737.html.csv,70,70,0,-1
20142015_737.html.csv,54,54,0,0
20142015_737.html.csv,9,0,9,0
20142015_738.html.csv,83,0,83,0
20142015_739.html.csv,18,0,18,0
20142015_74.html.csv,62,0,62,0
20142015_741.html.csv,588,588,0,2
20142015_741.html.csv,129,55,74,-1
20142015_741.html.csv,22,22,0,0
20142015_741.html.csv,11,0,11,0
20142015_742.html.csv,145,113,32,-1
20142015_743.html.csv,160,153,7,-1
20142015_745.html.csv,58,0,58,0
20142015_746.html.csv,67,23,44,-1
20142015_748.html.csv,173,131,42,-1
20142015_749.html.csv,86,60,26,0
20142015_749.html.csv,25,0,25,0
20142015_751.html.csv,61,0,61,0
20142015_753.html.csv,85,20,65,1
20142015_756.html.csv,66,0,66,0
20142015_757.html.csv,173,0,173,0
20142015_758.html.csv,137,0,137,0
20142015_759.html.csv,77,77,0,-1
20142015_761.html.csv,30,0,30,0
20142015_762.html.csv,61,0,61,0
20142015_763.html.csv,219,205,14,0
20142015_763.html.csv,142,79,63,-1
20142015_764.html.csv,106,77,29,-1
20142015_764.html.csv,68,0,68,0
20142015_765.html.csv,156,15,141,-1
20142015_77.html.csv,32,0,32,0
20142015_773.html.csv,108,91,17,-2
20142015_774.html.csv,88,35,53,0
20142015_774.html.csv,29,0,29,0
20142015_775.html.csv,65,28,37,0
20142015_775.html.csv,28,0,28,0
20142015_776.html.csv,111,0,111,0
20142015_779.html.csv,76,76,0,-1
20142015_78.html.csv,61,0,61,0
20142015_780.html.csv,109,0,109,0
20142015_781.html.csv,114,114,0,1
20142015_781.html.csv,76,76,0,-1
20142015_781.html.csv,71,47,24,-2
20142015_782.html.csv,351,351,0,2
20142015_783.html.csv,87,70,17,-1
20142015_783.html.csv,62,55,7,1
20142015_783.html.csv,30,30,0,0
20142015_783.html.csv,10,0,10,0
20142015_784.html.csv,32,14,18,-1
20142015_786.html.csv,116,73,43,2
20142015_786.html.csv,73,73,0,-2
20142015_786.html.csv,37,0,37,0
20142015_787.html.csv,0,0,0,0
20142015_788.html.csv,123,114,9,0
20142015_788.html.csv,89,0,89,0
20142015_790.html.csv,265,265,0,2
20142015_790.html.csv,140,0,140,1
20142015_791.html.csv,31,31,0,-1
20142015_792.html.csv,85,0,85,0
20142015_793.html.csv,122,113,9,1
20142015_793.html.csv,88,0,88,0
20142015_794.html.csv,45,45,0,0
20142015_794.html.csv,21,21,0,-2
20142015_796.html.csv,336,336,0,2
20142015_796.html.csv,124,113,11,-1
20142015_797.html.csv,506,506,0,2
20142015_797.html.csv,90,33,57,-1
20142015_798.html.csv,10,0,10,0
20142015_799.html.csv,43,0,43,0
20142015_800.html.csv,79,31,48,0
20142015_800.html.csv,2,0,2,0
20142015_801.html.csv,165,152,13,2
20142015_803.html.csv,43,0,43,0
20142015_807.html.csv,90,55,35,1
20142015_809.html.csv,70,39,31,0
20142015_809.html.csv,4,0,4,0
20142015_81.html.csv,261,252,9,2
20142015_810.html.csv,92,33,59,2
20142015_811.html.csv,68,25,43,1
20142015_813.html.csv,65,65,0,-1
20142015_814.html.csv,195,71,124,-2
20142015_815.html.csv,99,79,20,2
20142015_816.html.csv,215,192,23,0
20142015_816.html.csv,158,140,18,-2
20142015_816.html.csv,1,0,1,2
20142015_817.html.csv,151,0,151,0
20142015_819.html.csv,53,44,9,-1
20142015_820.html.csv,66,0,66,0
20142015_821.html.csv,86,86,0,-1
20142015_821.html.csv,49,24,25,0
20142015_821.html.csv,11,0,11,0
20142015_822.html.csv,120,120,0,-1
20142015_827.html.csv,79,12,67,-2
20142015_828.html.csv,181,109,72,-1
20142015_830.html.csv,567,540,27,0
20142015_830.html.csv,165,165,0,0
20142015_830.html.csv,146,31,115,0
20142015_831.html.csv,67,0,67,0
20142015_832.html.csv,173,23,150,0
20142015_834.html.csv,83,73,10,1
20142015_835.html.csv,38,25,13,0
20142015_835.html.csv,0,0,0,0
20142015_836.html.csv,130,31,99,-2
20142015_837.html.csv,575,574,1,2
20142015_837.html.csv,171,140,31,-1
20142015_838.html.csv,28,0,28,0
20142015_839.html.csv,73,73,0,2
20142015_84.html.csv,106,54,52,2
20142015_840.html.csv,94,65,29,0
20142015_840.html.csv,58,10,48,-1
20142015_844.html.csv,75,0,75,0
20142015_845.html.csv,130,77,53,0
20142015_845.html.csv,60,37,23,1
20142015_845.html.csv,24,0,24,0
20142015_847.html.csv,158,56,102,-1
20142015_849.html.csv,291,259,32,-1
20142015_850.html.csv,225,68,157,2
20142015_850.html.csv,23,0,23,0
20142015_853.html.csv,105,91,14,-1
20142015_853.html.csv,31,0,31,0
20142015_854.html.csv,83,83,0,1
20142015_856.html.csv,151,99,52,-2
20142015_857.html.csv,305,305,0,2
20142015_860.html.csv,120,120,0,1
20142015_862.html.csv,102,0,102,0
20142015_865.html.csv,76,65,11,-1
20142015_865.html.csv,54,54,0,-1
20142015_867.html.csv,234,234,0,2
20142015_867.html.csv,92,63,29,0
20142015_868.html.csv,102,55,47,0
20142015_87.html.csv,444,444,0,0
20142015_871.html.csv,80,61,19,-1
20142015_873.html.csv,87,48,39,1
20142015_878.html.csv,274,0,274,0
20142015_879.html.csv,319,318,1,2
20142015_879.html.csv,76,0,76,0
20142015_880.html.csv,586,579,7,2
20142015_880.html.csv,46,0,46,0
20142015_881.html.csv,134,108,26,1
20142015_882.html.csv,64,41,23,-2
20142015_883.html.csv,84,45,39,0
20142015_883.html.csv,4,0,4,0
20142015_884.html.csv,116,58,58,2
20142015_887.html.csv,193,11,182,-1
20142015_889.html.csv,100,62,38,1
20142015_889.html.csv,56,0,56,0
20142015_89.html.csv,88,0,88,0
20142015_892.html.csv,129,108,21,-1
20142015_894.html.csv,578,578,0,2
20142015_894.html.csv,122,10,112,0
20142015_896.html.csv,66,0,66,0
20142015_898.html.csv,141,6,135,0
20142015_9.html.csv,44,44,0,0
20142015_90.html.csv,82,27,55,-1
20142015_901.html.csv,68,0,68,0
20142015_902.html.csv,201,187,14,-1
20142015_902.html.csv,37,0,37,0
20142015_904.html.csv,71,0,71,2
20142015_905.html.csv,117,117,0,0
20142015_905.html.csv,100,47,53,2
20142015_906.html.csv,145,0,145,0
20142015_907.html.csv,99,7,92,-1
20142015_908.html.csv,77,2,75,-1
20142015_91.html.csv,76,0,76,0
20142015_910.html.csv,140,17,123,-1
20142015_911.html.csv,90,0,90,0
20142015_912.html.csv,137,71,66,0
20142015_912.html.csv,47,47,0,-1
20142015_913.html.csv,159,159,0,0
20142015_913.html.csv,153,99,54,-1
20142015_913.html.csv,87,0,87,0
20142015_914.html.csv,57,57,0,2
20142015_916.html.csv,61,41,20,2
20142015_918.html.csv,80,42,38,-1
20142015_918.html.csv,21,0,21,1
20142015_919.html.csv,196,11,185,-1
20142015_92.html.csv,101,85,16,-1
20142015_920.html.csv,299,282,17,2
20142015_922.html.csv,69,47,22,0
20142015_922.html.csv,24,24,0,-1
20142015_923.html.csv,44,17,27,-1
20142015_924.html.csv,163,163,0,2
20142015_924.html.csv,36,23,13,-2
20142015_925.html.csv,145,0,145,0
20142015_926.html.csv,53,30,23,-1
20142015_928.html.csv,269,152,117,-1
20142015_929.html.csv,15,1,14,-1
20142015_93.html.csv,48,0,48,0
20142015_930.html.csv,244,197,47,2
20142015_930.html.csv,76,16,60,0
20142015_931.html.csv,67,54,13,2
20142015_932.html.csv,73,70,3,-1
20142015_932.html.csv,58,0,58,0
20142015_933.html.csv,88,56,32,-1
20142015_934.html.csv,88,81,7,0
20142015_934.html.csv,60,0,60,2
20142015_935.html.csv,0,0,0,0
20142015_936.html.csv,317,293,24,-1
20142015_937.html.csv,111,0,111,0
20142015_938.html.csv,539,539,0,2
20142015_939.html.csv,247,44,203,-1
20142015_94.html.csv,175,159,16,1
20142015_94.html.csv,55,39,16,1
20142015_942.html.csv,147,74,73,-1
20142015_942.html.csv,60,12,48,0
20142015_944.html.csv,9,9,0,-1
20142015_945.html.csv,34,32,2,2
20142015_946.html.csv,71,10,61,0
20142015_948.html.csv,86,86,0,0
20142015_948.html.csv,23,2,21,1
20142015_95.html.csv,212,181,31,-1
20142015_951.html.csv,169,169,0,-1
20142015_951.html.csv,155,111,44,-1
20142015_952.html.csv,129,100,29,0
20142015_952.html.csv,91,87,4,0
20142015_952.html.csv,65,0,65,0
20142015_954.html.csv,147,0,147,0
20142015_955.html.csv,128,128,0,2
20142015_955.html.csv,83,12,71,0
20142015_957.html.csv,83,73,10,-1
20142015_957.html.csv,60,0,60,0
20142015_958.html.csv,130,73,57,-2
20142015_959.html.csv,109,109,0,2
20142015_96.html.csv,80,0,80,0
20142015_961.html.csv,138,0,138,0
20142015_962.html.csv,78,78,0,0
20142015_962.html.csv,59,54,5,1
20142015_964.html.csv,45,0,45,0
20142015_965.html.csv,403,403,0,2
20142015_966.html.csv,73,0,73,0
20142015_967.html.csv,197,106,91,0
20142015_967.html.csv,75,66,9,-1
20142015_969.html.csv,596,596,0,2
20142015_969.html.csv,152,133,19,-2
20142015_969.html.csv,11,11,0,-1
20142015_97.html.csv,108,0,108,0
20142015_972.html.csv,103,77,26,2
20142015_976.html.csv,192,136,56,0
20142015_976.html.csv,50,50,0,-1
20142015_976.html.csv,35,35,0,-2
20142015_977.html.csv,80,2,78,-1
20142015_979.html.csv,89,9,80,-2
20142015_980.html.csv,140,121,19,0
20142015_980.html.csv,98,80,18,-1
20142015_982.html.csv,100,0,100,1
20142015_984.html.csv,51,0,51,0
20142015_987.html.csv,150,140,10,2
20142015_987.html.csv,66,64,2,-1
20142015_987.html.csv,18,18,0,-1
20142015_988.html.csv,90,58,32,2
20142015_99.html.csv,22,0,22,0
20142015_991.html.csv,58,0,58,0
20142015_992.html.csv,76,0,76,0
20142015_995.html.csv,96,0,96,0
20142015_996.html.csv,0,0,0,0
20142015_998.html.csv,258,254,4,0
20142015_998.html.csv,237,154,83,0
20152016_1.html.csv,40,31,9,-1
20152016_10.html.csv,165,16,149,0
20152016_1002.html.csv,77,77,0,1
20152016_1003.html.csv,78,78,0,1
20152016_1008.html.csv,146,0,146,0
20152016_101.html.csv,227,145,82,-1
20152016_101.html.csv,82,33,49,-2
20152016_1011.html.csv,66,0,66,0
20152016_1012.html.csv,135,53,82,-1
20152016_1013.html.csv,85,0,85,0
20152016_1014.html.csv,229,194,35,0
20152016_1014.html.csv,162,162,0,1
20152016_1014.html.csv,143,0,143,0
20152016_1015.html.csv,117,82,35,-1
20152016_1016.html.csv,490,371,119,0
20152016_1016.html.csv,321,321,0,0
20152016_1016.html.csv,292,292,0,0
20152016_1017.html.csv,114,101,13,-1
20152016_1018.html.csv,105,0,105,0
20152016_1019.html.csv,125,125,0,2
20152016_1021.html.csv,135,135,0,0
20152016_1021.html.csv,101,99,2,-1
20152016_1024.html.csv,97,0,97,0
20152016_1025.html.csv,368,339,29,2
20152016_1027.html.csv,99,49,50,-1
20152016_1027.html.csv,19,7,12,0
20152016_1029.html.csv,145,44,101,-1
20152016_103.html.csv,77,72,5,1
20152016_1030.html.csv,97,39,58,-1
20152016_1031.html.csv,39,39,0,2
20152016_1032.html.csv,92,92,0,0
20152016_1032.html.csv,53,0,53,0
20152016_1033.html.csv,57,57,0,0
20152016_1033.html.csv,23,0,23,0
20152016_1035.html.csv,134,35,99,-1
20152016_1036.html.csv,113,13,100,2
20152016_1036.html.csv,0,0,0,0
20152016_1039.html.csv,77,57,20,-2
20152016_1042.html.csv,136,119,17,0
20152016_1042.html.csv,99,93,6,-1
20152016_1042.html.csv,77,13,64,-1
20152016_1044.html.csv,437,437,0,2
20152016_1044.html.csv,107,46,61,0
20152016_1044.html.csv,25,8,17,1
20152016_1046.html.csv,74,0,74,0
20152016_1048.html.csv,80,0,80,0
20152016_1049.html.csv,356,356,0,2
20152016_1049.html.csv,31,18,13,-1
20152016_105.html.csv,436,435,1,2
20152016_1050.html.csv,129,128,1,-2
20152016_1051.html.csv,140,0,140,0
20152016_1052.html.csv,43,0,43,0
20152016_1053.html.csv,196,8,188,0
20152016_1055.html.csv,26,0,26,0
20152016_1056.html.csv,182,126,56,-1
20152016_1056.html.csv,100,23,77,-1
20152016_1057.html.csv,57,57,0,-1
20152016_1058.html.csv,49,0,49,0
20152016_1059.html.csv,78,78,0,-2
20152016_1061.html.csv,45,0,45,0
20152016_1065.html.csv,140,26,114,-2
20152016_1067.html.csv,105,98,7,-1
20152016_107.html.csv,6,0,6,0
20152016_1071.html.csv,268,268,0,2
20152016_1072.html.csv,60,37,23,-1
20152016_1074.html.csv,246,174,72,-1
20152016_1075.html.csv,162,153,9,0
20152016_1075.html.csv,114,66,48,-1
20152016_1076.html.csv,50,50,0,-1
20152016_1076.html.csv,36,22,14,2
20152016_1077.html.csv,61,0,61,0
20152016_1079.html.csv,326,326,0,2
20152016_1079.html.csv,95,0,95,0
20152016_108.html.csv,183,15,168,2
20152016_1081.html.csv,531,526,5,2
20152016_1081.html.csv,198,172,26,0
20152016_1083.html.csv,67,4,63,1
20152016_1085.html.csv,179,27,152,-1
20152016_1086.html.csv,130,121,9,2
20152016_1086.html.csv,9,9,0,-1
20152016_1087.html.csv,516,515,1,2
20152016_1087.html.csv,87,81,6,-1
20152016_1087.html.csv,35,27,8,-1
20152016_1088.html.csv,99,29,70,-1
20152016_1089.html.csv,133,0,133,0
20152016_109.html.csv,136,121,15,-1
20152016_1090.html.csv,181,153,28,-2
20152016_1090.html.csv,10,8,2,1
20152016_1091.html.csv,70,0,70,0
20152016_1092.html.csv,113,93,20,1
20152016_1092.html.csv,21,13,8,-1
20152016_1095.html.csv,49,23,26,-1
20152016_1096.html.csv,403,372,31,-1
20152016_1097.html.csv,100,46,54,-1
20152016_1099.html.csv,109,0,109,0
20152016_11.html.csv,92,58,34,0
20152016_11.html.csv,2,0,2,0
20152016_1100.html.csv,180,173,7,-1
20152016_1101.html.csv,115,21,94,-1
20152016_1102.html.csv,223,25,198,0
20152016_1103.html.csv,80,0,80,0
20152016_1105.html.csv,46,17,29,2
20152016_1108.html.csv,118,118,0,-1
20152016_1109.html.csv,112,5,107,-1
20152016_1110.html.csv,178,122,56,0
20152016_1110.html.csv,106,60,46,0
20152016_1110.html.csv,2,0,2,0
20152016_1111.html.csv,22,6,16,-1
20152016_1113.html.csv,237,85,152,-1
20152016_1116.html.csv,66,65,1,0
20152016_1116.html.csv,20,0,20,0
20152016_1117.html.csv,592,544,48,2
20152016_1118.html.csv,95,68,27,-1
20152016_1119.html.csv,208,97,111,-2
20152016_112.html.csv,515,513,2,1
20152016_1121.html.csv,78,58,20,1
20152016_1122.html.csv,384,250,134,2
20152016_1122.html.csv,117,106,11,2
20152016_1126.html.csv,74,72,2,-1
20152016_1126.html.csv,57,12,45,-1
20152016_1127.html.csv,143,135,8,2
20152016_1127.html.csv,135,135,0,-2
20152016_1128.html.csv,103,84,19,0
20152016_1128.html.csv,58,33,25,-1
20152016_1129.html.csv,43,0,43,0
20152016_1131.html.csv,30,0,30,0
20152016_1133.html.csv,145,145,0,-1
20152016_1134.html.csv,195,180,15,-1
20152016_1134.html.csv,158,109,49,1
20152016_1134.html.csv,89,0,89,0
20152016_1136.html.csv,113,0,113,0
20152016_1137.html.csv,259,250,9,2
20152016_1137.html.csv,76,0,76,0
20152016_1138.html.csv,107,102,5,-1
20152016_1139.html.csv,152,19,133,-1
20152016_1140.html.csv,109,71,38,-2
20152016_1143.html.csv,136,40,96,-2
20152016_1143.html.csv,29,0,29,0
20152016_1144.html.csv,211,159,52,-1
20152016_1145.html.csv,279,0,279,0
20152016_1146.html.csv,306,304,2,2
20152016_1146.html.csv,182,162,20,0
20152016_1146.html.csv,119,79,40,-1
20152016_1147.html.csv,125,115,10,-1
20152016_1147.html.csv,86,76,10,-1
20152016_1148.html.csv,135,17,118,-1
20152016_1149.html.csv,49,0,49,-2
20152016_1149.html.csv,0,0,0,0
20152016_115.html.csv,55,41,14,0
20152016_1152.html.csv,193,193,0,2
20152016_1152.html.csv,73,3,70,-1
20152016_1153.html.csv,40,1,39,0
20152016_1155.html.csv,39,0,39,0
20152016_1156.html.csv,152,148,4,-1
20152016_1156.html.csv,124,0,124,0
20152016_1157.html.csv,7,0,7,1
20152016_1161.html.csv,240,240,0,2
20152016_1161.html.csv,107,21,86,-1
20152016_1162.html.csv,44,0,44,0
20152016_1163.html.csv,97,89,8,0
20152016_1163.html.csv,55,21,34,1
20152016_1163.html.csv,11,11,0,2
20152016_1165.html.csv,123,10,113,-1
20152016_1166.html.csv,56,0,56,0
20152016_1168.html.csv,39,0,39,0
20152016_1169.html.csv,61,0,61,0
20152016_117.html.csv,136,57,79,-1
20152016_1170.html.csv,159,67,92,1
20152016_1170.html.csv,17,0,17,0
20152016_1171.html.csv,67,33,34,-1
20152016_1172.html.csv,543,540,3,2
20152016_1172.html.csv,12,0,12,0
20152016_1173.html.csv,79,25,54,0
20152016_1173.html.csv,15,0,15,0
20152016_1176.html.csv,565,565,0,2
20152016_1178.html.csv,143,0,143,0
20152016_118.html.csv,0,0,0,0
20152016_1180.html.csv,213,207,6,0
20152016_1180.html.csv,185,164,21,-1
20152016_1181.html.csv,229,175,54,-1
20152016_1182.html.csv,138,88,50,1
20152016_1182.html.csv,63,22,41,-1
20152016_1185.html.csv,85,0,85,0
20152016_1186.html.csv,460,460,0,2
20152016_1187.html.csv,8,0,8,0
20152016_1189.html.csv,52,48,4,-1
20152016_1190.html.csv,68,68,0,-2
20152016_1192.html.csv,236,236,0,0
20152016_1192.html.csv,113,106,7,-2
20152016_1193.html.csv,90,7,83,-1
20152016_1194.html.csv,220,117,103,2
20152016_1197.html.csv,49,36,13,1
20152016_12.html.csv,137,21,116,2
20152016_120.html.csv,38,0,38,0
20152016_1200.html.csv,128,103,25,-1
20152016_1203.html.csv,47,47,0,-1
20152016_1204.html.csv,110,32,78,-1
20152016_1205.html.csv,58,58,0,1
20152016_1207.html.csv,66,15,51,0
20152016_1208.html.csv,119,0,119,0
20152016_1209.html.csv,96,35,61,0
20152016_1209.html.csv,27,0,27,1
20152016_1210.html.csv,76,76,0,1
20152016_1211.html.csv,217,186,31,-1
20152016_1211.html.csv,15,0,15,0
20152016_1213.html.csv,100,0,100,0
20152016_1217.html.csv,156,156,0,-1
20152016_1217.html.csv,127,94,33,1
20152016_1217.html.csv,83,73,10,2
20152016_1218.html.csv,352,352,0,2
20152016_1218.html.csv,76,58,18,-1
20152016_1219.html.csv,570,570,0,2
20152016_122.html.csv,146,146,0,1
20152016_122.html.csv,125,75,50,0
20152016_122.html.csv,27,0,27,0
20152016_1220.html.csv,86,6,80,-1
20152016_1221.html.csv,128,6,122,-1
20152016_1222.html.csv,191,176,15,-1
20152016_1224.html.csv,124,119,5,-2
20152016_1227.html.csv,52,0,52,0
20152016_1230.html.csv,12,0,12,0
20152016_125.html.csv,62,0,62,0
20152016_126.html.csv,70,54,16,1
20152016_127.html.csv,48,30,18,-1
20152016_129.html.csv,102,41,61,-1
20152016_129.html.csv,12,12,0,0
20152016_13.html.csv,64,0,64,0
20152016_130.html.csv,60,0,60,0
20152016_131.html.csv,102,54,48,-1
20152016_131.html.csv,27,27,0,-1
20152016_132.html.csv,46,0,46,0
20152016_134.html.csv,352,347,5,2
20152016_135.html.csv,103,103,0,-1
20152016_135.html.csv,58,0,58,0
20152016_136.html.csv,99,0,99,0
20152016_138.html.csv,166,95,71,0
20152016_138.html.csv,78,7,71,-1
20152016_139.html.csv,148,146,2,1
20152016_140.html.csv,99,0,99,0
20152016_141.html.csv,193,191,2,2
20152016_141.html.csv,60,0,60,0
20152016_142.html.csv,175,0,175,0
20152016_144.html.csv,27,0,27,0
20152016_145.html.csv,121,43,78,2
20152016_145.html.csv,43,43,0,2
20152016_146.html.csv,128,111,17,1
20152016_146.html.csv,84,49,35,-1
20152016_147.html.csv,110,60,50,0
20152016_147.html.csv,32,0,32,0
20152016_148.html.csv,134,0,134,1
20152016_149.html.csv,122,55,67,-1
20152016_149.html.csv,17,0,17,0
20152016_150.html.csv,179,179,0,0
20152016_150.html.csv,174,126,48,2
20152016_151.html.csv,81,81,0,0
20152016_151.html.csv,31,0,31,0
20152016_153.html.csv,159,141,18,1
20152016_153.html.csv,81,0,81,0
20152016_158.html.csv,43,0,43,0
20152016_159.html.csv,106,70,36,-1
20152016_161.html.csv,155,74,81,1
20152016_161.html.csv,45,0,45,0
20152016_163.html.csv,9,0,9,0
20152016_164.html.csv,80,80,0,-1
20152016_164.html.csv,21,6,15,0
20152016_165.html.csv,158,1,157,1
20152016_167.html.csv,82,12,70,0
20152016_168.html.csv,163,11,152,-2
20152016_169.html.csv,127,71,56,-2
20152016_170.html.csv,69,17,52,0
20152016_171.html.csv,109,54,55,-1
20152016_172.html.csv,89,0,89,0
20152016_173.html.csv,38,20,18,2
20152016_175.html.csv,233,231,2,2
20152016_176.html.csv,60,0,60,0
20152016_177.html.csv,159,136,23,0
20152016_177.html.csv,114,45,69,-1
20152016_178.html.csv,172,169,3,-1
20152016_179.html.csv,92,43,49,-1
20152016_18.html.csv,107,54,53,-1
20152016_180.html.csv,155,99,56,-1
20152016_181.html.csv,91,36,55,2
20152016_183.html.csv,156,67,89,1
20152016_183.html.csv,22,0,22,0
20152016_184.html.csv,55,40,15,2
20152016_185.html.csv,95,95,0,0
20152016_185.html.csv,47,30,17,-1
20152016_186.html.csv,168,110,58,-1
20152016_187.html.csv,233,123,110,-1
20152016_189.html.csv,125,99,26,2
20152016_191.html.csv,52,47,5,0
20152016_191.html.csv,34,14,20,-1
20152016_192.html.csv,141,60,81,1
20152016_192.html.csv,7,0,7,0
20152016_193.html.csv,463,460,3,2
20152016_193.html.csv,163,145,18,0
20152016_193.html.csv,66,66,0,-1
20152016_194.html.csv,421,418,3,2
20152016_194.html.csv,105,62,43,1
20152016_195.html.csv,402,248,154,0
20152016_195.html.csv,215,86,129,1
20152016_195.html.csv,80,0,80,0
20152016_196.html.csv,111,0,111,-1
20152016_197.html.csv,97,5,92,0
20152016_198.html.csv,86,0,86,0
20152016_199.html.csv,127,60,67,1
20152016_199.html.csv,28,16,12,-1
20152016_2.html.csv,79,79,0,-2
20152016_2.html.csv,79,0,79,0
20152016_200.html.csv,17,0,17,0
20152016_202.html.csv,59,48,11,-1
20152016_203.html.csv,38,1,37,1
20152016_204.html.csv,117,4,113,1
20152016_205.html.csv,153,95,58,-1
20152016_207.html.csv,65,65,0,0
20152016_207.html.csv,30,0,30,0
20152016_208.html.csv,68,67,1,2
20152016_209.html.csv,146,139,7,-1
20152016_210.html.csv,24,0,24,0
20152016_211.html.csv,135,68,67,-1
20152016_211.html.csv,51,51,0,2
20152016_212.html.csv,198,198,0,2
20152016_213.html.csv,2,2,0,2
20152016_214.html.csv,111,111,0,1
20152016_214.html.csv,94,65,29,0
20152016_214.html.csv,49,14,35,-2
20152016_215.html.csv,475,475,0,0
20152016_216.html.csv,70,0,70,0
20152016_217.html.csv,441,441,0,2
20152016_219.html.csv,99,99,0,-1
20152016_219.html.csv,74,0,74,0
20152016_22.html.csv,510,492,18,2
20152016_22.html.csv,137,81,56,1
20152016_22.html.csv,66,66,0,0
20152016_22.html.csv,47,47,0,-2
20152016_22.html.csv,47,0,47,0
20152016_220.html.csv,66,0,66,0
20152016_221.html.csv,206,36,170,-1
20152016_222.html.csv,89,44,45,0
20152016_222.html.csv,9,0,9,0
20152016_223.html.csv,87,0,87,0
20152016_224.html.csv,86,0,86,0
20152016_225.html.csv,79,0,79,0
20152016_226.html.csv,15,0,15,0
20152016_227.html.csv,85,5,80,-1
20152016_23.html.csv,85,21,64,2
20152016_230.html.csv,108,0,108,0
20152016_231.html.csv,142,94,48,-1
20152016_231.html.csv,9,9,0,2
20152016_234.html.csv,96,91,5,2
20152016_234.html.csv,24,0,24,0
20152016_235.html.csv,35,10,25,0
20152016_236.html.csv,114,0,114,0
20152016_238.html.csv,98,46,52,0
20152016_238.html.csv,27,0,27,0
20152016_239.html.csv,141,74,67,-1
20152016_239.html.csv,51,51,0,-1
20152016_24.html.csv,116,0,116,0
20152016_241.html.csv,110,0,110,0
20152016_242.html.csv,124,58,66,1
20152016_242.html.csv,22,0,22,0
20152016_244.html.csv,176,112,64,1
20152016_244.html.csv,87,0,87,0
20152016_247.html.csv,85,0,85,0
20152016_249.html.csv,582,582,0,2
20152016_249.html.csv,195,27,168,-2
20152016_249.html.csv,27,0,27,0
20152016_25.html.csv,64,64,0,0
20152016_25.html.csv,33,0,33,0
20152016_251.html.csv,116,97,19,0
20152016_251.html.csv,61,43,18,2
20152016_256.html.csv,47,47,0,-1
20152016_256.html.csv,40,4,36,2
20152016_258.html.csv,225,225,0,2
20152016_258.html.csv,55,0,55,0
20152016_259.html.csv,279,264,15,2
20152016_259.html.csv,36,0,36,0
20152016_260.html.csv,154,38,116,-1
20152016_261.html.csv,147,147,0,2
20152016_261.html.csv,102,85,17,0
20152016_261.html.csv,69,40,29,-1
20152016_262.html.csv,86,60,26,-1
20152016_265.html.csv,21,0,21,0
20152016_266.html.csv,95,76,19,0
20152016_266.html.csv,61,0,61,0
20152016_267.html.csv,6,0,6,0
20152016_268.html.csv,124,87,37,-1
20152016_268.html.csv,20,0,20,0
20152016_269.html.csv,75,56,19,1
20152016_270.html.csv,60,0,60,0
20152016_271.html.csv,69,69,0,0
20152016_271.html.csv,37,34,3,-1
20152016_272.html.csv,352,299,53,0
20152016_272.html.csv,267,250,17,-2
20152016_273.html.csv,87,0,87,0
20152016_274.html.csv,54,0,54,0
20152016_275.html.csv,102,94,8,-1
20152016_278.html.csv,247,247,0,2
20152016_278.html.csv,105,105,0,-2
20152016_278.html.csv,39,0,39,2
20152016_280.html.csv,147,83,64,1
20152016_280.html.csv,44,0,44,0
20152016_281.html.csv,47,0,47,0
20152016_282.html.csv,131,51,80,1
20152016_282.html.csv,26,0,26,0
20152016_285.html.csv,79,68,11,-1
20152016_288.html.csv,220,50,170,-1
20152016_289.html.csv,32,0,32,0
20152016_29.html.csv,22,0,22,2
20152016_290.html.csv,104,19,85,-1
20152016_292.html.csv,196,151,45,-1
20152016_293.html.csv,116,7,109,-1
20152016_296.html.csv,138,109,29,1
20152016_297.html.csv,173,0,173,0
20152016_299.html.csv,177,177,0,2
20152016_299.html.csv,53,53,0,0
20152016_299.html.csv,34,0,34,0
20152016_30.html.csv,39,0,39,0
20152016_303.html.csv,141,141,0,0
20152016_303.html.csv,93,59,34,-2
20152016_304.html.csv,53,19,34,2
20152016_305.html.csv,77,76,1,-1
20152016_306.html.csv,368,367,1,2
20152016_307.html.csv,144,76,68,2
20152016_308.html.csv,60,60,0,2
20152016_311.html.csv,54,0,54,0
20152016_313.html.csv,130,0,130,0
20152016_314.html.csv,117,70,47,-1
20152016_315.html.csv,117,102,15,-1
20152016_316.html.csv,75,28,47,0
20152016_316.html.csv,13,0,13,-1
20152016_317.html.csv,101,79,22,1
20152016_317.html.csv,51,0,51,0
20152016_318.html.csv,56,0,56,0
20152016_319.html.csv,75,69,6,-1
20152016_319.html.csv,13,7,6,2
20152016_319.html.csv,7,0,7,0
20152016_322.html.csv,161,155,6,0
20152016_322.html.csv,103,0,103,0
20152016_323.html.csv,70,51,19,-1
20152016_324.html.csv,98,80,18,1
20152016_324.html.csv,33,33,0,2
20152016_327.html.csv,68,66,2,-1
20152016_328.html.csv,591,564,27,0
20152016_328.html.csv,121,11,110,2
20152016_329.html.csv,98,43,55,-1
20152016_33.html.csv,108,46,62,0
20152016_33.html.csv,24,19,5,-1
20152016_330.html.csv,77,4,73,0
20152016_331.html.csv,87,87,0,0
20152016_331.html.csv,69,20,49,1
20152016_332.html.csv,79,14,65,-2
20152016_333.html.csv,174,127,47,2
20152016_333.html.csv,54,27,27,1
20152016_334.html.csv,121,12,109,2
20152016_34.html.csv,253,222,31,0
20152016_34.html.csv,124,0,124,0
20152016_342.html.csv,222,50,172,-1
20152016_343.html.csv,87,0,87,0
20152016_344.html.csv,38,22,16,1
20152016_345.html.csv,82,0,82,0
20152016_347.html.csv,78,55,23,-1
20152016_347.html.csv,3,0,3,0
20152016_348.html.csv,219,133,86,-1
20152016_35.html.csv,61,0,61,0
20152016_350.html.csv,46,46,0,-2
20152016_351.html.csv,86,35,51,-2
20152016_355.html.csv,288,214,74,1
20152016_355.html.csv,159,48,111,-1
20152016_356.html.csv,88,0,88,0
20152016_357.html.csv,115,61,54,-1
20152016_359.html.csv,20,0,20,0
20152016_360.html.csv,74,74,0,0
20152016_360.html.csv,29,0,29,0
20152016_361.html.csv,440,440,0,2
20152016_361.html.csv,125,105,20,-1
20152016_361.html.csv,39,0,39,0
20152016_363.html.csv,131,85,46,0
20152016_363.html.csv,60,44,16,2
20152016_364.html.csv,92,50,42,-1
20152016_365.html.csv,102,0,102,0
20152016_368.html.csv,527,527,0,2
20152016_368.html.csv,276,246,30,-1
20152016_37.html.csv,178,178,0,2
20152016_37.html.csv,54,52,2,-1
20152016_37.html.csv,3,0,3,0
20152016_372.html.csv,73,57,16,0
20152016_372.html.csv,33,1,32,0
20152016_373.html.csv,143,50,93,1
20152016_373.html.csv,28,0,28,0
20152016_378.html.csv,149,0,149,0
20152016_379.html.csv,42,0,42,0
20152016_38.html.csv,124,124,0,-1
20152016_380.html.csv,87,87,0,-1
20152016_380.html.csv,65,0,65,0
20152016_381.html.csv,75,52,23,-1
20152016_385.html.csv,3,2,1,1
20152016_387.html.csv,19,0,19,0
20152016_389.html.csv,140,75,65,-1
20152016_39.html.csv,77,71,6,0
20152016_39.html.csv,12,0,12,0
20152016_390.html.csv,53,37,16,1
20152016_392.html.csv,70,0,70,0
20152016_394.html.csv,581,581,0,2
20152016_395.html.csv,121,96,25,0
20152016_395.html.csv,62,62,0,-1
20152016_397.html.csv,98,97,1,0
20152016_397.html.csv,88,0,88,0
20152016_399.html.csv,106,106,0,-1
20152016_399.html.csv,83,0,83,0
20152016_40.html.csv,562,562,0,0
20152016_40.html.csv,261,251,10,0
20152016_40.html.csv,232,120,112,-1
20152016_40.html.csv,112,47,65,-1
20152016_400.html.csv,172,0,172,0
20152016_401.html.csv,127,91,36,-1
20152016_402.html.csv,90,0,90,0
20152016_403.html.csv,106,80,26,2
20152016_404.html.csv,83,83,0,2
20152016_404.html.csv,37,0,37,0
20152016_405.html.csv,91,61,30,0
20152016_405.html.csv,33,0,33,0
20152016_409.html.csv,577,577,0,2
20152016_41.html.csv,202,107,95,-1
20152016_410.html.csv,108,87,21,1
20152016_413.html.csv,62,62,0,-1
20152016_414.html.csv,135,96,39,-1
20152016_415.html.csv,9,0,9,0
20152016_416.html.csv,300,300,0,0
20152016_416.html.csv,87,86,1,2
20152016_417.html.csv,322,322,0,2
20152016_417.html.csv,115,0,115,0
20152016_418.html.csv,124,97,27,2
20152016_42.html.csv,116,108,8,-1
20152016_42.html.csv,25,0,25,0
20152016_420.html.csv,43,43,0,0
20152016_420.html.csv,22,0,22,0
20152016_422.html.csv,474,474,0,1
20152016_422.html.csv,95,14,81,-1
20152016_423.html.csv,128,128,0,1
20152016_423.html.csv,109,64,45,-1
20152016_424.html.csv,149,40,109,0
20152016_424.html.csv,12,2,10,-1
20152016_425.html.csv,177,177,0,2
20152016_426.html.csv,159,153,6,2
20152016_426.html.csv,153,104,49,1
20152016_426.html.csv,45,45,0,-1
20152016_427.html.csv,2,0,2,0
20152016_428.html.csv,421,421,0,2
20152016_429.html.csv,134,70,64,1
20152016_43.html.csv,77,57,20,-1
20152016_430.html.csv,385,385,0,2
20152016_430.html.csv,130,0,130,0
20152016_431.html.csv,84,53,31,-1
20152016_431.html.csv,22,0,22,0
20152016_432.html.csv,82,38,44,-1
20152016_433.html.csv,368,367,1,2
20152016_434.html.csv,171,144,27,-1
20152016_435.html.csv,83,83,0,-1
20152016_437.html.csv,87,85,2,0
20152016_437.html.csv,69,0,69,0
20152016_438.html.csv,28,0,28,0
20152016_44.html.csv,101,0,101,0
20152016_441.html.csv,88,3,85,0
20152016_442.html.csv,87,16,71,1
20152016_443.html.csv,105,105,0,2
20152016_444.html.csv,99,34,65,-1
20152016_446.html.csv,81,22,59,-1
20152016_447.html.csv,189,31,158,-1
20152016_449.html.csv,140,130,10,-2
20152016_45.html.csv,197,159,38,-1
20152016_45.html.csv,45,0,45,0
20152016_450.html.csv,97,11,86,0
20152016_451.html.csv,135,55,80,-2
20152016_452.html.csv,125,0,125,0
20152016_453.html.csv,141,0,141,0
20152016_454.html.csv,514,512,2,-2
20152016_454.html.csv,307,296,11,2
20152016_455.html.csv,58,4,54,-1
20152016_458.html.csv,109,109,0,0
20152016_458.html.csv,103,5,98,0
20152016_46.html.csv,286,245,41,-1
20152016_461.html.csv,56,0,56,0
20152016_462.html.csv,187,117,70,-1
20152016_464.html.csv,95,0,95,0
20152016_466.html.csv,182,41,141,0
20152016_466.html.csv,10,0,10,0
20152016_467.html.csv,287,284,3,-1
20152016_468.html.csv,134,120,14,0
20152016_468.html.csv,99,34,65,0
20152016_468.html.csv,5,5,0,0
20152016_470.html.csv,224,224,0,2
20152016_470.html.csv,49,49,0,-1
20152016_471.html.csv,347,346,1,2
20152016_471.html.csv,86,0,86,0
20152016_472.html.csv,535,535,0,2
20152016_474.html.csv,149,0,149,0
20152016_475.html.csv,79,0,79,0
20152016_476.html.csv,596,595,1,2
20152016_476.html.csv,82,50,32,-1
20152016_478.html.csv,58,25,33,-1
20152016_479.html.csv,363,363,0,2
20152016_479.html.csv,123,21,102,-1
20152016_48.html.csv,194,89,105,-1
20152016_480.html.csv,129,21,108,2
20152016_481.html.csv,89,67,22,1
20152016_482.html.csv,103,61,42,-1
20152016_484.html.csv,68,0,68,0
20152016_486.html.csv,72,0,72,0
20152016_487.html.csv,57,54,3,0
20152016_487.html.csv,29,0,29,0
20152016_490.html.csv,86,0,86,0
20152016_491.html.csv,60,2,58,0
20152016_494.html.csv,0,0,0,2
20152016_495.html.csv,103,93,10,-1
20152016_495.html.csv,80,80,0,-1
20152016_496.html.csv,252,179,73,1
20152016_496.html.csv,104,97,7,0
20152016_496.html.csv,62,0,62,-1
20152016_499.html.csv,154,153,1,-1
20152016_5.html.csv,236,218,18,-1
20152016_50.html.csv,111,0,111,0
20152016_500.html.csv,100,61,39,0
20152016_500.html.csv,3,0,3,0
20152016_501.html.csv,112,89,23,-1
20152016_502.html.csv,109,105,4,0
20152016_503.html.csv,127,125,2,-1
20152016_504.html.csv,121,113,8,-1
20152016_504.html.csv,77,14,63,-1
20152016_505.html.csv,287,220,67,-1
20152016_506.html.csv,366,366,0,2
20152016_506.html.csv,158,0,158,2
20152016_506.html.csv,0,0,0,0
20152016_507.html.csv,117,0,117,0
20152016_509.html.csv,87,58,29,-2
20152016_51.html.csv,94,72,22,0
20152016_51.html.csv,53,53,0,0
20152016_51.html.csv,25,0,25,0
20152016_512.html.csv,91,0,91,0
20152016_514.html.csv,114,109,5,-1
20152016_515.html.csv,91,0,91,0
20152016_516.html.csv,78,70,8,-1
20152016_516.html.csv,39,39,0,0
20152016_517.html.csv,79,50,29,-1
20152016_519.html.csv,145,5,140,0
20152016_520.html.csv,99,85,14,0
20152016_520.html.csv,47,0,47,0
20152016_522.html.csv,81,0,81,0
20152016_523.html.csv,116,0,116,0
20152016_526.html.csv,73,54,19,-1
20152016_527.html.csv,100,87,13,0
20152016_527.html.csv,71,71,0,0
20152016_527.html.csv,56,56,0,-2
20152016_527.html.csv,31,0,31,0
20152016_528.html.csv,96,46,50,-1
20152016_529.html.csv,121,92,29,-1
20152016_53.html.csv,94,37,57,-1
20152016_530.html.csv,94,0,94,1
20152016_531.html.csv,59,0,59,0
20152016_533.html.csv,59,0,59,0
20152016_535.html.csv,84,0,84,0
20152016_536.html.csv,268,268,0,2
20152016_537.html.csv,166,166,0,0
20152016_537.html.csv,135,0,135,0
20152016_538.html.csv,558,558,0,2
20152016_538.html.csv,117,64,53,1
20152016_538.html.csv,0,0,0,0
20152016_54.html.csv,98,0,98,0
20152016_540.html.csv,159,88,71,-1
20152016_543.html.csv,52,10,42,0
20152016_543.html.csv,1,0,1,0
20152016_544.html.csv,323,289,34,0
20152016_544.html.csv,115,15,100,-1
20152016_545.html.csv,166,73,93,-2
20152016_546.html.csv,92,92,0,1
20152016_548.html.csv,90,18,72,2
20152016_55.html.csv,80,0,80,0
20152016_550.html.csv,145,144,1,2
20152016_552.html.csv,115,73,42,-1
20152016_553.html.csv,286,286,0,2
20152016_553.html.csv,98,88,10,0
20152016_553.html.csv,72,72,0,2
20152016_554.html.csv,86,81,5,-1
20152016_554.html.csv,50,33,17,-1
20152016_556.html.csv,91,0,91,0
20152016_557.html.csv,257,207,50,2
20152016_557.html.csv,207,100,107,-1
20152016_558.html.csv,42,18,24,-1
20152016_559.html.csv,127,97,30,-1
20152016_559.html.csv,62,0,62,0
20152016_56.html.csv,86,28,58,-2
20152016_560.html.csv,438,438,0,2
20152016_562.html.csv,192,159,33,-2
20152016_563.html.csv,96,84,12,2
20152016_564.html.csv,153,144,9,0
20152016_564.html.csv,73,16,57,-1
20152016_567.html.csv,84,0,84,0
20152016_569.html.csv,167,167,0,2
20152016_569.html.csv,43,0,43,0
20152016_57.html.csv,0,0,0,0
20152016_570.html.csv,216,118,98,-2
20152016_570.html.csv,71,60,11,-1
20152016_576.html.csv,84,68,16,1
20152016_578.html.csv,206,163,43,-1
20152016_579.html.csv,107,102,5,1
20152016_579.html.csv,84,13,71,0
20152016_580.html.csv,128,0,128,0
20152016_581.html.csv,84,48,36,-1
20152016_583.html.csv,556,556,0,2
20152016_583.html.csv,26,0,26,0
20152016_587.html.csv,64,2,62,0
20152016_588.html.csv,105,0,105,0
20152016_589.html.csv,118,81,37,-1
20152016_59.html.csv,148,60,88,-1
20152016_591.html.csv,77,57,20,1
20152016_591.html.csv,26,0,26,0
20152016_593.html.csv,105,57,48,-1
20152016_593.html.csv,25,14,11,1
20152016_594.html.csv,120,30,90,-1
20152016_595.html.csv,101,99,2,1
20152016_595.html.csv,58,58,0,-1
20152016_595.html.csv,46,0,46,0
20152016_596.html.csv,48,0,48,0
20152016_597.html.csv,583,583,0,2
20152016_597.html.csv,70,66,4,-1
20152016_597.html.csv,19,0,19,0
20152016_598.html.csv,117,89,28,1
20152016_599.html.csv,34,0,34,0
20152016_6.html.csv,64,64,0,-1
20152016_6.html.csv,46,0,46,0
20152016_60.html.csv,121,0,121,0
20152016_601.html.csv,162,162,0,-1
20152016_602.html.csv,139,38,101,-2
20152016_605.html.csv,60,0,60,0
20152016_606.html.csv,184,0,184,0
20152016_607.html.csv,33,10,23,0
20152016_609.html.csv,159,61,98,-1
20152016_609.html.csv,19,19,0,2
20152016_61.html.csv,53,53,0,-1
20152016_61.html.csv,10,0,10,0
20152016_610.html.csv,84,68,16,0
20152016_610.html.csv,29,25,4,-1
20152016_611.html.csv,119,0,119,-1
20152016_612.html.csv,57,0,57,0
20152016_614.html.csv,67,6,61,1
20152016_616.html.csv,77,21,56,2
20152016_62.html.csv,142,20,122,1
20152016_62.html.csv,4,0,4,0
20152016_620.html.csv,61,0,61,0
20152016_621.html.csv,152,143,9,-1
20152016_622.html.csv,581,581,0,2
20152016_624.html.csv,109,26,83,-1
20152016_626.html.csv,486,486,0,0
20152016_626.html.csv,241,83,158,0
20152016_627.html.csv,126,98,28,0
20152016_627.html.csv,37,0,37,0
20152016_628.html.csv,117,0,117,0
20152016_629.html.csv,94,0,94,0
20152016_63.html.csv,45,45,0,-1
20152016_630.html.csv,82,0,82,0
20152016_631.html.csv,117,115,2,0
20152016_631.html.csv,73,0,73,-2
20152016_631.html.csv,0,0,0,0
20152016_633.html.csv,86,53,33,-1
20152016_633.html.csv,16,0,16,0
20152016_634.html.csv,188,164,24,2
20152016_636.html.csv,105,36,69,-1
20152016_637.html.csv,116,52,64,1
20152016_637.html.csv,38,0,38,0
20152016_638.html.csv,95,54,41,-1
20152016_639.html.csv,130,57,73,0
20152016_639.html.csv,10,0,10,0
20152016_642.html.csv,149,147,2,1
20152016_642.html.csv,73,64,9,-2
20152016_643.html.csv,136,0,136,0
20152016_646.html.csv,78,2,76,-1
20152016_647.html.csv,133,74,59,0
20152016_647.html.csv,60,60,0,0
20152016_647.html.csv,38,0,38,-1
20152016_648.html.csv,93,0,93,0
20152016_65.html.csv,39,0,39,-1
20152016_650.html.csv,173,14,159,1
20152016_651.html.csv,323,323,0,2
20152016_651.html.csv,143,100,43,0
20152016_651.html.csv,89,50,39,0
20152016_651.html.csv,43,28,15,-1
20152016_654.html.csv,257,257,0,2
20152016_654.html.csv,69,69,0,-1
20152016_655.html.csv,282,268,14,2
20152016_655.html.csv,137,132,5,-1
20152016_658.html.csv,29,0,29,0
20152016_659.html.csv,122,0,122,0
20152016_66.html.csv,551,546,5,2
20152016_661.html.csv,38,14,24,-1
20152016_662.html.csv,22,0,22,-2
20152016_663.html.csv,432,432,0,2
20152016_664.html.csv,67,0,67,0
20152016_665.html.csv,524,524,0,2
20152016_666.html.csv,117,86,31,-1
20152016_667.html.csv,165,0,165,0
20152016_67.html.csv,555,555,0,2
20152016_67.html.csv,92,5,87,0
20152016_671.html.csv,71,51,20,1
20152016_672.html.csv,84,84,0,-1
20152016_673.html.csv,170,111,59,-1
20152016_674.html.csv,105,84,21,-1
20152016_676.html.csv,72,52,20,0
20152016_678.html.csv,207,139,68,2
20152016_678.html.csv,16,16,0,-1
20152016_679.html.csv,280,279,1,2
20152016_679.html.csv,109,42,67,1
20152016_679.html.csv,36,0,36,0
20152016_68.html.csv,80,19,61,-1
20152016_680.html.csv,82,0,82,2
20152016_680.html.csv,0,0,0,-2
20152016_681.html.csv,435,435,0,2
20152016_682.html.csv,94,61,33,-1
20152016_682.html.csv,18,0,18,0
20152016_684.html.csv,8,0,8,0
20152016_685.html.csv,191,77,114,0
20152016_685.html.csv,39,33,6,-1
20152016_686.html.csv,104,83,21,-1
20152016_687.html.csv,80,27,53,-1
20152016_688.html.csv,469,467,2,2
20152016_688.html.csv,72,71,1,0
20152016_688.html.csv,58,37,21,-1
20152016_689.html.csv,137,0,137,0
20152016_69.html.csv,99,75,24,-2
20152016_690.html.csv,197,197,0,2
20152016_690.html.csv,133,133,0,0
20152016_690.html.csv,105,58,47,-2
20152016_690.html.csv,4,0,4,0
20152016_691.html.csv,7,0,7,0
20152016_692.html.csv,49,49,0,-1
20152016_692.html.csv,35,0,35,0
20152016_693.html.csv,116,23,93,-1
20152016_694.html.csv,330,321,9,2
20152016_694.html.csv,115,115,0,0
20152016_694.html.csv,106,18,88,-1
20152016_695.html.csv,50,0,50,0
20152016_696.html.csv,142,0,142,0
20152016_698.html.csv,86,0,86,0
20152016_699.html.csv,87,87,0,-1
20152016_700.html.csv,89,0,89,0
20152016_701.html.csv,161,160,1,2
20152016_701.html.csv,42,0,42,0
20152016_703.html.csv,104,49,55,-1
20152016_704.html.csv,92,0,92,0
20152016_707.html.csv,524,500,24,0
20152016_707.html.csv,486,472,14,-2
20152016_708.html.csv,118,54,64,1
20152016_709.html.csv,83,83,0,-1
20152016_709.html.csv,17,0,17,0
20152016_71.html.csv,181,178,3,-1
20152016_710.html.csv,49,0,49,0
20152016_713.html.csv,80,76,4,1
20152016_713.html.csv,57,0,57,0
20152016_714.html.csv,573,401,172,0
20152016_714.html.csv,324,324,0,0
20152016_714.html.csv,272,248,24,-1
20152016_715.html.csv,154,0,154,0
20152016_717.html.csv,173,0,173,0
20152016_719.html.csv,123,36,87,-1
20152016_72.html.csv,120,87,33,-1
20152016_720.html.csv,435,435,0,2
20152016_720.html.csv,59,0,59,0
20152016_723.html.csv,485,485,0,2
20152016_723.html.csv,114,0,114,0
20152016_724.html.csv,25,13,12,1
20152016_725.html.csv,53,45,8,-1
20152016_726.html.csv,114,36,78,-1
20152016_727.html.csv,63,0,63,0
20152016_728.html.csv,74,72,2,-1
20152016_729.html.csv,60,10,50,2
20152016_731.html.csv,84,78,6,0
20152016_731.html.csv,60,55,5,-1
20152016_732.html.csv,60,0,60,0
20152016_734.html.csv,102,82,20,-1
20152016_735.html.csv,136,23,113,2
20152016_738.html.csv,109,109,0,2
20152016_74.html.csv,33,0,33,0
20152016_740.html.csv,86,0,86,0
20152016_742.html.csv,94,90,4,2
20152016_743.html.csv,77,31,46,2
20152016_745.html.csv,46,0,46,0
20152016_746.html.csv,193,2,191,0
20152016_747.html.csv,120,43,77,-1
20152016_748.html.csv,91,0,91,0
20152016_749.html.csv,113,113,0,-1
20152016_750.html.csv,29,0,29,0
20152016_751.html.csv,114,42,72,-1
20152016_752.html.csv,119,0,119,0
20152016_755.html.csv,3,0,3,0
20152016_756.html.csv,80,13,67,-1
20152016_757.html.csv,188,0,188,0
20152016_76.html.csv,57,14,43,2
20152016_760.html.csv,108,108,0,-1
20152016_760.html.csv,63,50,13,0
20152016_760.html.csv,19,0,19,0
20152016_761.html.csv,8,0,8,0
20152016_762.html.csv,133,126,7,1
20152016_764.html.csv,349,341,8,-1
20152016_765.html.csv,156,0,156,0
20152016_77.html.csv,150,69,81,-1
20152016_771.html.csv,179,124,55,-1
20152016_772.html.csv,39,0,39,0
20152016_773.html.csv,113,113,0,0
20152016_773.html.csv,95,0,95,0
20152016_776.html.csv,53,13,40,1
20152016_780.html.csv,552,550,2,2
20152016_781.html.csv,82,75,7,1
20152016_783.html.csv,503,502,1,2
20152016_783.html.csv,293,277,16,-1
20152016_785.html.csv,165,13,152,0
20152016_786.html.csv,182,135,47,-1
20152016_786.html.csv,77,36,41,-1
20152016_787.html.csv,66,54,12,0
20152016_787.html.csv,8,0,8,0
20152016_79.html.csv,35,0,35,0
20152016_790.html.csv,31,0,31,0
20152016_792.html.csv,534,278,256,-1
20152016_795.html.csv,138,117,21,-1
20152016_796.html.csv,111,0,111,0
20152016_797.html.csv,91,52,39,-1
20152016_799.html.csv,203,0,203,0
20152016_8.html.csv,37,18,19,-1
20152016_801.html.csv,83,83,0,-2
20152016_801.html.csv,36,19,17,2
20152016_803.html.csv,120,102,18,-1
20152016_803.html.csv,26,0,26,0
20152016_804.html.csv,208,0,208,0
20152016_805.html.csv,138,0,138,-2
20152016_806.html.csv,71,71,0,-1
20152016_806.html.csv,3,0,3,0
20152016_807.html.csv,93,91,2,-1
20152016_808.html.csv,70,0,70,0
20152016_809.html.csv,295,295,0,2
20152016_81.html.csv,87,51,36,1
20152016_812.html.csv,241,241,0,2
20152016_812.html.csv,92,64,28,-1
20152016_812.html.csv,26,26,0,1
20152016_812.html.csv,0,0,0,0
20152016_813.html.csv,155,52,103,-1
20152016_813.html.csv,19,0,19,1
20152016_814.html.csv,297,288,9,-1
20152016_814.html.csv,152,150,2,2
20152016_815.html.csv,187,0,187,0
20152016_816.html.csv,582,582,0,2
20152016_816.html.csv,65,54,11,-1
20152016_818.html.csv,100,55,45,-1
20152016_819.html.csv,69,30,39,1
20152016_82.html.csv,1,0,1,0
20152016_822.html.csv,535,532,3,2
20152016_823.html.csv,91,0,91,0
20152016_826.html.csv,112,102,10,-1
20152016_826.html.csv,2,0,2,0
20152016_829.html.csv,104,44,60,-1
20152016_830.html.csv,177,107,70,1
20152016_830.html.csv,69,58,11,-1
20152016_830.html.csv,35,30,5,-1
20152016_831.html.csv,95,0,95,0
20152016_834.html.csv,464,464,0,2
20152016_835.html.csv,503,503,0,2
20152016_835.html.csv,177,110,67,-1
20152016_836.html.csv,87,0,87,0
20152016_837.html.csv,118,0,118,0
20152016_838.html.csv,89,52,37,1
20152016_838.html.csv,4,0,4,0
20152016_839.html.csv,247,102,145,2
20152016_839.html.csv,10,6,4,0
20152016_84.html.csv,235,194,41,-1
20152016_841.html.csv,176,0,176,0
20152016_847.html.csv,112,112,0,-1
20152016_848.html.csv,58,9,49,-1
20152016_849.html.csv,90,0,90,0
20152016_852.html.csv,80,14,66,2
20152016_854.html.csv,38,13,25,-1
20152016_855.html.csv,210,210,0,2
20152016_855.html.csv,71,71,0,-1
20152016_855.html.csv,62,0,62,0
20152016_856.html.csv,63,0,63,0
20152016_857.html.csv,368,366,2,2
20152016_857.html.csv,91,69,22,0
20152016_857.html.csv,43,43,0,-1
20152016_857.html.csv,0,0,0,0
20152016_858.html.csv,539,539,0,2
20152016_859.html.csv,214,203,11,0
20152016_859.html.csv,72,48,24,-1
20152016_86.html.csv,2,0,2,0
20152016_860.html.csv,172,150,22,1
20152016_860.html.csv,71,71,0,0
20152016_860.html.csv,28,20,8,-1
20152016_861.html.csv,169,1,168,-1
20152016_865.html.csv,209,209,0,2
20152016_865.html.csv,83,0,83,0
20152016_866.html.csv,102,4,98,-1
20152016_867.html.csv,326,326,0,2
20152016_867.html.csv,145,106,39,-1
20152016_868.html.csv,196,151,45,-1
20152016_87.html.csv,25,25,0,2
20152016_870.html.csv,156,145,11,-1
20152016_874.html.csv,171,0,171,0
20152016_877.html.csv,152,0,152,0
20152016_878.html.csv,61,54,7,0
20152016_880.html.csv,164,164,0,-1
20152016_881.html.csv,100,78,22,0
20152016_881.html.csv,50,34,16,1
20152016_881.html.csv,1,1,0,-1
20152016_882.html.csv,252,101,151,1
20152016_882.html.csv,85,0,85,0
20152016_883.html.csv,63,0,63,1
20152016_884.html.csv,414,407,7,-2
20152016_884.html.csv,407,371,36,-1
20152016_886.html.csv,139,10,129,-1
20152016_888.html.csv,546,503,43,-1
20152016_889.html.csv,183,177,6,1
20152016_889.html.csv,145,0,145,-1
20152016_890.html.csv,77,30,47,2
20152016_892.html.csv,192,85,107,-1
20152016_893.html.csv,104,104,0,0
20152016_893.html.csv,51,29,22,-1
20152016_894.html.csv,128,0,128,0
20152016_895.html.csv,154,143,11,1
20152016_895.html.csv,84,0,84,0
20152016_897.html.csv,74,0,74,0
20152016_899.html.csv,185,126,59,1
20152016_899.html.csv,99,15,84,-1
20152016_9.html.csv,100,100,0,1
20152016_9.html.csv,66,0,66,0
20152016_90.html.csv,64,0,64,0
20152016_900.html.csv,214,201,13,-1
20152016_901.html.csv,96,61,35,0
20152016_901.html.csv,25,0,25,0
20152016_902.html.csv,79,0,79,0
20152016_904.html.csv,130,91,39,1
20152016_905.html.csv,30,30,0,0
20152016_905.html.csv,1,0,1,0
20152016_906.html.csv,388,375,13,0
20152016_906.html.csv,32,0,32,0
20152016_908.html.csv,186,170,16,-2
20152016_908.html.csv,32,0,32,0
20152016_909.html.csv,504,504,0,2
20152016_909.html.csv,100,0,100,-2
20152016_910.html.csv,58,0,58,0
20152016_911.html.csv,95,63,32,-1
20152016_911.html.csv,36,0,36,0
20152016_914.html.csv,144,111,33,0
20152016_914.html.csv,57,29,28,-1
20152016_915.html.csv,100,78,22,0
20152016_915.html.csv,46,0,46,0
20152016_917.html.csv,86,0,86,0
20152016_918.html.csv,151,51,100,0
20152016_918.html.csv,24,14,10,-1
20152016_92.html.csv,92,43,49,-1
20152016_920.html.csv,143,77,66,-1
20152016_921.html.csv,99,0,99,0
20152016_925.html.csv,63,0,63,0
20152016_926.html.csv,228,226,2,2
20152016_927.html.csv,60,20,40,-1
20152016_928.html.csv,76,60,16,-1
20152016_928.html.csv,46,0,46,0
20152016_929.html.csv,101,0,101,0
20152016_930.html.csv,56,0,56,0
20152016_934.html.csv,198,70,128,-1
20152016_935.html.csv,151,0,151,0
20152016_936.html.csv,385,383,2,2
20152016_936.html.csv,156,0,156,0
20152016_937.html.csv,25,19,6,0
20152016_937.html.csv,3,0,3,0
20152016_938.html.csv,45,37,8,-1
20152016_94.html.csv,86,32,54,1
20152016_940.html.csv,145,135,10,1
20152016_940.html.csv,91,0,91,0
20152016_941.html.csv,102,91,11,1
20152016_943.html.csv,106,0,106,0
20152016_945.html.csv,82,22,60,-1
20152016_946.html.csv,130,107,23,2
20152016_947.html.csv,146,18,128,0
20152016_948.html.csv,141,44,97,-1
20152016_949.html.csv,61,61,0,2
20152016_950.html.csv,117,0,117,0
20152016_951.html.csv,125,83,42,0
20152016_951.html.csv,37,0,37,0
20152016_954.html.csv,193,9,184,-2
20152016_955.html.csv,96,91,5,-1
20152016_957.html.csv,157,124,33,-1
20152016_958.html.csv,125,0,125,0
20152016_959.html.csv,64,14,50,-1
20152016_96.html.csv,86,0,86,0
20152016_960.html.csv,83,70,13,0
20152016_960.html.csv,59,40,19,1
20152016_961.html.csv,87,29,58,1
20152016_962.html.csv,60,0,60,0
20152016_963.html.csv,506,506,0,2
20152016_964.html.csv,141,0,141,0
20152016_965.html.csv,59,0,59,0
20152016_966.html.csv,61,0,61,0
20152016_968.html.csv,75,67,8,0
20152016_968.html.csv,35,32,3,2
20152016_97.html.csv,141,141,0,2
20152016_97.html.csv,15,3,12,-2
20152016_970.html.csv,190,154,36,2
20152016_970.html.csv,32,0,32,0
20152016_971.html.csv,126,55,71,-1
20152016_972.html.csv,51,0,51,0
20152016_974.html.csv,107,0,107,0
20152016_977.html.csv,344,344,0,2
20152016_977.html.csv,102,94,8,0
20152016_977.html.csv,61,29,32,-1
20152016_979.html.csv,134,126,8,-1
20152016_979.html.csv,104,0,104,-2
20152016_98.html.csv,109,0,109,0
20152016_980.html.csv,100,0,100,0
20152016_981.html.csv,361,360,1,0
20152016_982.html.csv,61,61,0,-1
20152016_983.html.csv,546,546,0,2
20152016_983.html.csv,179,0,179,0
20152016_984.html.csv,88,0,88,0
20152016_985.html.csv,129,91,38,-1
20152016_985.html.csv,55,0,55,0
20152016_986.html.csv,46,27,19,-1
20152016_989.html.csv,135,94,41,2
20152016_992.html.csv,286,237,49,-1
20152016_993.html.csv,85,60,25,-1
20152016_993.html.csv,34,0,34,0
20152016_994.html.csv,77,55,22,0
20152016_994.html.csv,4,0,4,0
20152016_995.html.csv,117,1,116,1
20152016_996.html.csv,248,210,38,1
20152016_996.html.csv,154,88,66,-2
20152016_996.html.csv,88,88,0,2
20152016_996.html.csv,75,18,57,-1
20152016_999.html.csv,559,559,0,2
20152016_999.html.csv,84,0,84,0
20162017_10.html.csv,244,242,2,2
20162017_100.html.csv,97,0,97,0
20162017_1000.html.csv,6,0,6,0
20162017_1002.html.csv,259,259,0,2
20162017_1002.html.csv,35,4,31,-1
20162017_1003.html.csv,118,0,118,0
20162017_1007.html.csv,89,89,0,0
20162017_1007.html.csv,62,0,62,0
20162017_1008.html.csv,33,0,33,0
20162017_1009.html.csv,101,75,26,-1
20162017_101.html.csv,62,0,62,0
20162017_1010.html.csv,87,35,52,-2
20162017_1013.html.csv,73,67,6,-1
20162017_1013.html.csv,56,27,29,-1
20162017_1017.html.csv,106,0,106,0
20162017_1018.html.csv,115,21,94,-1
20162017_1019.html.csv,434,433,1,2
20162017_102.html.csv,70,44,26,-1
20162017_102.html.csv,34,34,0,2
20162017_1021.html.csv,113,26,87,-1
20162017_1022.html.csv,68,35,33,0
20162017_1022.html.csv,19,0,19,0
20162017_1023.html.csv,182,175,7,1
20162017_1023.html.csv,138,93,45,0
20162017_1023.html.csv,73,7,66,-1
20162017_1025.html.csv,107,41,66,0
20162017_1025.html.csv,20,0,20,0
20162017_1027.html.csv,98,82,16,-1
20162017_1027.html.csv,47,0,47,0
20162017_1031.html.csv,63,45,18,1
20162017_1034.html.csv,332,332,0,2
20162017_1034.html.csv,131,0,131,-1
20162017_1035.html.csv,156,0,156,0
20162017_1036.html.csv,121,2,119,-2
20162017_1037.html.csv,310,279,31,-1
20162017_1038.html.csv,184,184,0,2
20162017_1038.html.csv,20,15,5,-2
20162017_104.html.csv,92,0,92,0
20162017_1040.html.csv,111,86,25,-1
20162017_1040.html.csv,58,0,58,0
20162017_1041.html.csv,48,0,48,0
20162017_1042.html.csv,345,345,0,2
20162017_1042.html.csv,51,0,51,0
20162017_1044.html.csv,139,12,127,0
20162017_1045.html.csv,191,115,76,0
20162017_1045.html.csv,82,0,82,0
20162017_1047.html.csv,97,0,97,0
20162017_1048.html.csv,131,110,21,-1
20162017_1050.html.csv,43,34,9,-1
20162017_1051.html.csv,18,0,18,0
20162017_1052.html.csv,531,509,22,2
20162017_1057.html.csv,96,90,6,1
20162017_1057.html.csv,79,44,35,-1
20162017_1057.html.csv,40,17,23,0
20162017_1058.html.csv,141,109,32,1
20162017_1059.html.csv,11,0,11,0
20162017_106.html.csv,100,1,99,-1
20162017_1061.html.csv,123,23,100,-2
20162017_1062.html.csv,148,0,148,0
20162017_1063.html.csv,131,117,14,-1
20162017_1065.html.csv,3,0,3,0
20162017_1066.html.csv,44,43,1,1
20162017_1067.html.csv,138,59,79,0
20162017_1067.html.csv,28,2,26,-1
20162017_1069.html.csv,157,88,69,0
20162017_1069.html.csv,76,25,51,-1
20162017_1070.html.csv,89,73,16,-1
20162017_1070.html.csv,62,51,11,-1
20162017_1071.html.csv,80,0,80,0
20162017_1072.html.csv,109,98,11,0
20162017_1072.html.csv,24,0,24,0
20162017_1073.html.csv,106,0,106,0
20162017_1074.html.csv,47,0,47,0
20162017_1075.html.csv,87,0,87,0
20162017_1076.html.csv,103,85,18,-2
20162017_1078.html.csv,100,0,100,0
20162017_108.html.csv,22,0,22,0
20162017_1080.html.csv,37,0,37,0
20162017_1081.html.csv,71,0,71,0
20162017_1082.html.csv,58,0,58,0
20162017_1083.html.csv,49,49,0,-2
20162017_1084.html.csv,88,63,25,1
20162017_1085.html.csv,93,48,45,-1
20162017_1085.html.csv,28,0,28,0
20162017_1086.html.csv,183,167,16,-1
20162017_1087.html.csv,75,42,33,-2
20162017_1087.html.csv,10,0,10,0
20162017_1089.html.csv,179,117,62,-1
20162017_109.html.csv,312,310,2,2
20162017_109.html.csv,71,4,67,2
20162017_1091.html.csv,58,46,12,-1
20162017_1092.html.csv,147,123,24,-1
20162017_1094.html.csv,76,71,5,0
20162017_1094.html.csv,21,0,21,0
20162017_1095.html.csv,155,155,0,-1
20162017_1096.html.csv,94,9,85,0
20162017_1097.html.csv,45,45,0,-1
20162017_1097.html.csv,9,0,9,0
20162017_1099.html.csv,59,41,18,-1
20162017_11.html.csv,69,0,69,0
20162017_1104.html.csv,77,67,10,-1
20162017_1105.html.csv,39,0,39,0
20162017_1106.html.csv,32,0,32,0
20162017_1108.html.csv,105,0,105,-2
20162017_1108.html.csv,0,0,0,2
20162017_111.html.csv,80,80,0,-1
20162017_111.html.csv,55,0,55,0
20162017_1110.html.csv,134,38,96,0
20162017_1110.html.csv,0,0,0,0
20162017_1111.html.csv,491,491,0,2
20162017_1111.html.csv,72,0,72,0
20162017_1112.html.csv,597,597,0,2
20162017_1112.html.csv,99,99,0,-1
20162017_1116.html.csv,265,265,0,2
20162017_1116.html.csv,124,68,56,-1
20162017_1117.html.csv,183,149,34,-1
20162017_1120.html.csv,125,0,125,0
20162017_1121.html.csv,168,98,70,-1
20162017_1122.html.csv,84,84,0,0
20162017_1123.html.csv,91,21,70,-1
20162017_1126.html.csv,131,114,17,1
20162017_1126.html.csv,62,37,25,-2
20162017_1127.html.csv,141,91,50,-1
20162017_1130.html.csv,65,65,0,-1
20162017_1130.html.csv,52,0,52,0
20162017_1131.html.csv,81,68,13,2
20162017_1131.html.csv,19,0,19,0
20162017_1133.html.csv,79,27,52,1
20162017_1134.html.csv,45,0,45,0
20162017_1139.html.csv,92,82,10,-1
20162017_1139.html.csv,38,8,30,0
20162017_114.html.csv,130,0,130,0
20162017_1140.html.csv,409,409,0,2
20162017_1140.html.csv,88,88,0,2
20162017_1141.html.csv,75,4,71,0
20162017_1142.html.csv,113,101,12,-1
20162017_1142.html.csv,41,0,41,0
20162017_1145.html.csv,148,0,148,0
20162017_1146.html.csv,99,59,40,-1
20162017_1146.html.csv,32,0,32,0
20162017_1148.html.csv,96,12,84,1
20162017_1149.html.csv,85,0,85,0
20162017_115.html.csv,73,73,0,2
20162017_1150.html.csv,84,12,72,1
20162017_1152.html.csv,87,44,43,-1
20162017_1152.html.csv,28,0,28,0
20162017_1154.html.csv,34,34,0,-1
20162017_1155.html.csv,221,218,3,0
20162017_1155.html.csv,160,0,160,0
20162017_1157.html.csv,56,56,0,0
20162017_1157.html.csv,34,12,22,-1
20162017_1158.html.csv,208,143,65,-1
20162017_1159.html.csv,47,45,2,1
20162017_1159.html.csv,32,0,32,0
20162017_116.html.csv,362,362,0,2
20162017_116.html.csv,191,0,191,0
20162017_1162.html.csv,124,117,7,-1
20162017_1162.html.csv,85,85,0,-1
20162017_1163.html.csv,85,25,60,-1
20162017_1165.html.csv,85,0,85,0
20162017_1166.html.csv,59,0,59,0
20162017_1167.html.csv,105,0,105,0
20162017_1168.html.csv,75,73,2,0
20162017_1168.html.csv,36,2,34,-1
20162017_1169.html.csv,67,21,46,0
20162017_1169.html.csv,12,0,12,0
20162017_117.html.csv,96,0,96,0
20162017_1171.html.csv,22,0,22,0
20162017_1172.html.csv,51,3,48,-1
20162017_1173.html.csv,160,126,34,1
20162017_1173.html.csv,90,75,15,1
20162017_1173.html.csv,68,45,23,2
20162017_1174.html.csv,22,0,22,0
20162017_1175.html.csv,54,28,26,0
20162017_1175.html.csv,6,0,6,0
20162017_1176.html.csv,51,0,51,0
20162017_1178.html.csv,128,86,42,-1
20162017_1179.html.csv,146,62,84,-1
20162017_118.html.csv,161,161,0,2
20162017_118.html.csv,0,0,0,0
20162017_1180.html.csv,372,366,6,2
20162017_1180.html.csv,181,174,7,2
20162017_1183.html.csv,146,25,121,-2
20162017_1183.html.csv,25,0,25,2
20162017_1190.html.csv,81,81,0,-1
20162017_1191.html.csv,173,0,173,0
20162017_1192.html.csv,45,0,45,0
20162017_1193.html.csv,73,2,71,0
20162017_1197.html.csv,115,0,115,0
20162017_1199.html.csv,91,59,32,-1
20162017_12.html.csv,97,89,8,1
20162017_120.html.csv,68,0,68,0
20162017_1201.html.csv,99,99,0,2
20162017_1202.html.csv,105,0,105,0
20162017_1205.html.csv,131,109,22,-2
20162017_1206.html.csv,131,127,4,2
20162017_1206.html.csv,3,0,3,0
20162017_1208.html.csv,161,143,18,0
20162017_1208.html.csv,91,0,91,0
20162017_1209.html.csv,29,0,29,0
20162017_121.html.csv,78,78,0,-1
20162017_1211.html.csv,517,508,9,2
20162017_1211.html.csv,67,4,63,-1
20162017_1217.html.csv,58,23,35,0
20162017_1217.html.csv,0,0,0,0
20162017_1218.html.csv,139,40,99,1
20162017_1218.html.csv,5,0,5,0
20162017_122.html.csv,149,80,69,-1
20162017_1222.html.csv,70,1,69,-1
20162017_1223.html.csv,68,68,0,-1
20162017_1224.html.csv,99,0,99,0
20162017_1225.html.csv,468,439,29,2
20162017_1225.html.csv,98,0,98,0
20162017_1226.html.csv,84,11,73,0
20162017_1228.html.csv,36,0,36,0
20162017_123.html.csv,121,99,22,0
20162017_123.html.csv,74,47,27,2
20162017_124.html.csv,124,46,78,0
20162017_125.html.csv,93,0,93,0
20162017_129.html.csv,78,33,45,-1
20162017_13.html.csv,147,0,147,0
20162017_130.html.csv,50,25,25,-1
20162017_133.html.csv,78,60,18,2
20162017_136.html.csv,73,62,11,0
20162017_136.html.csv,14,0,14,-2
20162017_137.html.csv,106,0,106,0
20162017_138.html.csv,2,0,2,-2
20162017_139.html.csv,188,181,7,-1
20162017_140.html.csv,256,256,0,2
20162017_141.html.csv,185,2,183,1
20162017_143.html.csv,122,115,7,-1
20162017_144.html.csv,85,64,21,1
20162017_146.html.csv,88,0,88,0
20162017_148.html.csv,74,64,10,-1
20162017_15.html.csv,132,80,52,-1
20162017_15.html.csv,19,19,0,0
20162017_150.html.csv,28,0,28,0
20162017_154.html.csv,225,210,15,-1
20162017_154.html.csv,64,64,0,2
20162017_157.html.csv,94,0,94,0
20162017_159.html.csv,24,24,0,0
20162017_159.html.csv,6,6,0,-1
20162017_16.html.csv,88,60,28,2
20162017_16.html.csv,60,0,60,0
20162017_161.html.csv,61,0,61,0
20162017_163.html.csv,308,308,0,2
20162017_164.html.csv,17,0,17,0
20162017_165.html.csv,12,0,12,0
20162017_168.html.csv,18,0,18,0
20162017_174.html.csv,61,0,61,0
20162017_176.html.csv,255,246,9,0
20162017_176.html.csv,221,112,109,2
20162017_177.html.csv,434,432,2,0
20162017_177.html.csv,168,48,120,0
20162017_178.html.csv,87,80,7,1
20162017_181.html.csv,114,6,108,0
20162017_182.html.csv,47,36,11,-1
20162017_184.html.csv,194,186,8,-1
20162017_186.html.csv,53,0,53,0
20162017_187.html.csv,155,92,63,-1
20162017_189.html.csv,49,0,49,0
20162017_19.html.csv,78,0,78,2
20162017_190.html.csv,104,74,30,0
20162017_190.html.csv,30,0,30,0
20162017_191.html.csv,418,418,0,2
20162017_192.html.csv,59,0,59,0
20162017_197.html.csv,41,30,11,-1
20162017_198.html.csv,112,86,26,0
20162017_198.html.csv,63,26,37,-1
20162017_199.html.csv,109,109,0,-1
20162017_2.html.csv,146,19,127,-1
20162017_20.html.csv,113,83,30,-1
20162017_200.html.csv,549,539,10,2
20162017_200.html.csv,78,0,78,0
20162017_202.html.csv,88,57,31,-1
20162017_203.html.csv,15,0,15,0
20162017_204.html.csv,54,54,0,-1
20162017_205.html.csv,48,2,46,1
20162017_209.html.csv,131,23,108,1
20162017_21.html.csv,30,30,0,0
20162017_21.html.csv,4,0,4,0
20162017_210.html.csv,186,186,0,2
20162017_211.html.csv,109,0,109,0
20162017_212.html.csv,483,482,1,2
20162017_213.html.csv,171,171,0,0
20162017_213.html.csv,148,11,137,0
20162017_213.html.csv,0,0,0,0
20162017_214.html.csv,169,169,0,2
20162017_214.html.csv,25,14,11,1
20162017_216.html.csv,74,0,74,0
20162017_218.html.csv,247,230,17,-1
20162017_22.html.csv,112,112,0,0
20162017_22.html.csv,98,0,98,0
20162017_221.html.csv,50,44,6,0
20162017_221.html.csv,22,0,22,0
20162017_224.html.csv,106,100,6,1
20162017_226.html.csv,139,0,139,0
20162017_227.html.csv,54,28,26,-1
20162017_228.html.csv,112,0,112,0
20162017_23.html.csv,0,0,0,0
20162017_231.html.csv,112,0,112,0
20162017_235.html.csv,0,0,0,0
20162017_236.html.csv,86,86,0,-1
20162017_237.html.csv,93,0,93,0
20162017_24.html.csv,112,0,112,1
20162017_240.html.csv,109,97,12,-1
20162017_246.html.csv,110,49,61,-1
20162017_249.html.csv,98,56,42,2
20162017_25.html.csv,45,0,45,0
20162017_250.html.csv,24,0,24,0
20162017_251.html.csv,1,0,1,0
20162017_253.html.csv,82,82,0,0
20162017_253.html.csv,68,0,68,0
20162017_254.html.csv,132,49,83,0
20162017_254.html.csv,30,0,30,0
20162017_256.html.csv,80,50,30,-2
20162017_257.html.csv,63,0,63,-1
20162017_258.html.csv,60,12,48,-2
20162017_259.html.csv,57,9,48,2
20162017_26.html.csv,91,0,91,0
20162017_261.html.csv,208,152,56,1
20162017_261.html.csv,34,28,6,-1
20162017_264.html.csv,102,0,102,2
20162017_267.html.csv,158,22,136,0
20162017_267.html.csv,0,0,0,0
20162017_268.html.csv,111,0,111,0
20162017_271.html.csv,94,94,0,2
20162017_271.html.csv,36,0,36,0
20162017_273.html.csv,583,561,22,2
20162017_273.html.csv,67,45,22,0
20162017_273.html.csv,13,0,13,0
20162017_276.html.csv,65,0,65,0
20162017_277.html.csv,158,83,75,-1
20162017_278.html.csv,67,7,60,1
20162017_279.html.csv,93,50,43,1
20162017_283.html.csv,108,76,32,-1
20162017_283.html.csv,36,28,8,0
20162017_284.html.csv,81,0,81,0
20162017_285.html.csv,81,72,9,0
20162017_285.html.csv,60,0,60,2
20162017_286.html.csv,409,409,0,2
20162017_286.html.csv,89,0,89,0
20162017_291.html.csv,160,160,0,2
20162017_291.html.csv,35,29,6,1
20162017_291.html.csv,1,0,1,0
20162017_292.html.csv,138,93,45,2
20162017_293.html.csv,61,31,30,-1
20162017_294.html.csv,60,9,51,0
20162017_295.html.csv,54,16,38,-1
20162017_296.html.csv,288,288,0,2
20162017_296.html.csv,94,15,79,-1
20162017_298.html.csv,129,129,0,-1
20162017_298.html.csv,36,0,36,0
20162017_299.html.csv,14,0,14,0
20162017_3.html.csv,587,586,1,2
20162017_3.html.csv,86,82,4,-1
20162017_30.html.csv,104,60,44,1
20162017_300.html.csv,95,0,95,0
20162017_301.html.csv,111,0,111,0
20162017_302.html.csv,181,124,57,1
20162017_302.html.csv,47,0,47,0
20162017_303.html.csv,572,572,0,2
20162017_304.html.csv,44,0,44,0
20162017_305.html.csv,77,58,19,1
20162017_305.html.csv,23,0,23,0
20162017_306.html.csv,95,0,95,0
20162017_308.html.csv,67,0,67,0
20162017_309.html.csv,302,0,302,0
20162017_310.html.csv,311,311,0,1
20162017_313.html.csv,135,123,12,0
20162017_313.html.csv,91,0,91,0
20162017_314.html.csv,132,5,127,2
20162017_317.html.csv,74,14,60,1
20162017_318.html.csv,96,68,28,1
20162017_321.html.csv,76,0,76,0
20162017_323.html.csv,77,0,77,0
20162017_325.html.csv,42,42,0,-1
20162017_325.html.csv,30,10,20,-1
20162017_326.html.csv,158,158,0,0
20162017_326.html.csv,127,127,0,0
20162017_326.html.csv,78,0,78,0
20162017_327.html.csv,50,0,50,0
20162017_329.html.csv,78,50,28,1
20162017_33.html.csv,99,96,3,-1
20162017_33.html.csv,63,7,56,-1
20162017_330.html.csv,76,72,4,0
20162017_330.html.csv,54,0,54,0
20162017_331.html.csv,396,396,0,2
20162017_331.html.csv,218,216,2,2
20162017_333.html.csv,239,239,0,2
20162017_333.html.csv,76,0,76,0
20162017_334.html.csv,127,63,64,-1
20162017_334.html.csv,22,22,0,0
20162017_335.html.csv,82,50,32,0
20162017_335.html.csv,2,0,2,0
20162017_337.html.csv,83,0,83,0
20162017_338.html.csv,50,0,50,0
20162017_339.html.csv,60,0,60,0
20162017_340.html.csv,173,120,53,1
20162017_340.html.csv,81,28,53,-2
20162017_340.html.csv,22,0,22,0
20162017_342.html.csv,27,24,3,-1
20162017_344.html.csv,81,77,4,-1
20162017_345.html.csv,66,32,34,1
20162017_346.html.csv,41,0,41,0
20162017_347.html.csv,166,166,0,-1
20162017_348.html.csv,174,0,174,0
20162017_351.html.csv,77,3,74,2
20162017_354.html.csv,118,0,118,0
20162017_355.html.csv,83,15,68,-2
20162017_356.html.csv,108,62,46,0
20162017_356.html.csv,49,0,49,0
20162017_357.html.csv,385,377,8,2
20162017_358.html.csv,77,77,0,0
20162017_358.html.csv,40,6,34,0
20162017_359.html.csv,389,389,0,2
20162017_359.html.csv,83,62,21,0
20162017_359.html.csv,19,0,19,0
20162017_36.html.csv,99,50,49,-1
20162017_360.html.csv,111,38,73,0
20162017_360.html.csv,23,0,23,0
20162017_361.html.csv,59,0,59,0
20162017_363.html.csv,178,91,87,0
20162017_363.html.csv,66,26,40,-2
20162017_365.html.csv,113,41,72,-1
20162017_366.html.csv,345,345,0,0
20162017_369.html.csv,112,82,30,-1
20162017_37.html.csv,57,0,57,0
20162017_373.html.csv,116,27,89,-1
20162017_378.html.csv,89,89,0,1
20162017_379.html.csv,148,148,0,-1
20162017_38.html.csv,72,66,6,2
20162017_380.html.csv,392,392,0,0
20162017_380.html.csv,221,192,29,2
20162017_381.html.csv,90,90,0,2
20162017_382.html.csv,73,29,44,1
20162017_383.html.csv,18,0,18,0
20162017_384.html.csv,156,86,70,2
20162017_387.html.csv,100,93,7,2
20162017_390.html.csv,66,0,66,0
20162017_391.html.csv,113,0,113,0
20162017_393.html.csv,13,13,0,2
20162017_394.html.csv,35,16,19,-1
20162017_395.html.csv,128,12,116,0
20162017_396.html.csv,122,0,122,0
20162017_397.html.csv,50,0,50,0
20162017_4.html.csv,55,0,55,0
20162017_400.html.csv,204,167,37,2
20162017_400.html.csv,37,33,4,-1
20162017_401.html.csv,26,0,26,0
20162017_404.html.csv,282,282,0,2
20162017_404.html.csv,40,0,40,0
20162017_405.html.csv,574,573,1,2
20162017_405.html.csv,72,72,0,-1
20162017_406.html.csv,166,14,152,-1
20162017_41.html.csv,77,13,64,-1
20162017_410.html.csv,94,22,72,-2
20162017_411.html.csv,69,69,0,-1
20162017_412.html.csv,554,554,0,2
20162017_413.html.csv,119,93,26,-1
20162017_415.html.csv,109,16,93,2
20162017_416.html.csv,107,107,0,0
20162017_416.html.csv,96,48,48,-1
20162017_42.html.csv,60,6,54,1
20162017_420.html.csv,99,0,99,0
20162017_423.html.csv,117,52,65,-1
20162017_424.html.csv,59,59,0,-1
20162017_424.html.csv,38,12,26,0
20162017_425.html.csv,46,0,46,0
20162017_426.html.csv,393,368,25,2
20162017_427.html.csv,79,64,15,0
20162017_427.html.csv,44,0,44,0
20162017_428.html.csv,0,0,0,0
20162017_43.html.csv,110,0,110,0
20162017_431.html.csv,80,26,54,-1
20162017_432.html.csv,78,50,28,2
20162017_433.html.csv,68,0,68,0
20162017_434.html.csv,84,58,26,-1
20162017_437.html.csv,143,82,61,-1
20162017_439.html.csv,363,363,0,-1
20162017_44.html.csv,138,138,0,-1
20162017_440.html.csv,330,318,12,2
20162017_440.html.csv,125,62,63,-2
20162017_443.html.csv,101,45,56,-1
20162017_444.html.csv,84,0,84,0
20162017_445.html.csv,101,46,55,0
20162017_445.html.csv,22,0,22,0
20162017_446.html.csv,47,0,47,0
20162017_448.html.csv,214,214,0,-1
20162017_449.html.csv,177,150,27,0
20162017_449.html.csv,88,81,7,-1
20162017_45.html.csv,522,520,2,2
20162017_45.html.csv,70,45,25,-1
20162017_450.html.csv,75,75,0,0
20162017_450.html.csv,56,56,0,-1
20162017_450.html.csv,48,21,27,-1
20162017_452.html.csv,520,519,1,2
20162017_452.html.csv,125,64,61,-1
20162017_452.html.csv,27,18,9,0
20162017_455.html.csv,144,0,144,0
20162017_457.html.csv,139,0,139,0
20162017_459.html.csv,72,47,25,-1
20162017_459.html.csv,3,3,0,0
20162017_460.html.csv,46,18,28,-1
20162017_461.html.csv,78,37,41,-1
20162017_463.html.csv,91,14,77,-1
20162017_465.html.csv,111,0,111,0
20162017_467.html.csv,75,49,26,-1
20162017_467.html.csv,36,0,36,0
20162017_47.html.csv,92,0,92,0
20162017_470.html.csv,38,0,38,0
20162017_471.html.csv,74,30,44,-1
20162017_472.html.csv,69,69,0,1
20162017_473.html.csv,156,156,0,2
20162017_473.html.csv,36,26,10,-1
20162017_474.html.csv,47,47,0,-1
20162017_475.html.csv,87,73,14,1
20162017_477.html.csv,122,109,13,0
20162017_477.html.csv,100,52,48,1
20162017_478.html.csv,185,0,185,0
20162017_480.html.csv,60,60,0,-1
20162017_480.html.csv,33,0,33,0
20162017_481.html.csv,141,45,96,-2
20162017_489.html.csv,117,0,117,0
20162017_49.html.csv,77,0,77,0
20162017_491.html.csv,390,385,5,2
20162017_491.html.csv,134,134,0,-1
20162017_493.html.csv,108,108,0,2
20162017_494.html.csv,118,65,53,0
20162017_494.html.csv,44,44,0,-2
20162017_494.html.csv,44,44,0,2
20162017_495.html.csv,104,60,44,-1
20162017_495.html.csv,24,0,24,0
20162017_498.html.csv,85,23,62,-1
20162017_5.html.csv,124,92,32,2
20162017_50.html.csv,73,60,13,2
20162017_500.html.csv,31,31,0,-1
20162017_501.html.csv,117,83,34,-1
20162017_506.html.csv,314,314,0,2
20162017_506.html.csv,189,180,9,1
20162017_506.html.csv,69,69,0,-1
20162017_509.html.csv,90,0,90,0
20162017_51.html.csv,54,50,4,2
20162017_514.html.csv,137,46,91,-1
20162017_517.html.csv,78,78,0,-1
20162017_518.html.csv,179,179,0,2
20162017_518.html.csv,57,0,57,0
20162017_519.html.csv,388,388,0,2
20162017_519.html.csv,84,0,84,0
20162017_52.html.csv,54,0,54,0
20162017_520.html.csv,580,580,0,2
20162017_520.html.csv,103,0,103,0
20162017_521.html.csv,60,0,60,0
20162017_523.html.csv,174,0,174,0
20162017_525.html.csv,68,68,0,-1
20162017_525.html.csv,44,8,36,0
20162017_525.html.csv,7,0,7,0
20162017_528.html.csv,147,0,147,0
20162017_53.html.csv,117,0,117,-2
20162017_530.html.csv,200,176,24,-1
20162017_531.html.csv,81,81,0,0
20162017_531.html.csv,58,0,58,0
20162017_532.html.csv,71,52,19,-1
20162017_535.html.csv,170,170,0,2
20162017_537.html.csv,77,0,77,2
20162017_538.html.csv,112,101,11,-1
20162017_538.html.csv,74,73,1,2
20162017_539.html.csv,80,0,80,0
20162017_540.html.csv,70,26,44,-1
20162017_541.html.csv,36,14,22,-2
20162017_541.html.csv,7,0,7,0
20162017_542.html.csv,39,14,25,-1
20162017_543.html.csv,379,379,0,2
20162017_543.html.csv,101,89,12,0
20162017_543.html.csv,73,65,8,0
20162017_543.html.csv,27,27,0,-1
20162017_544.html.csv,109,0,109,0
20162017_547.html.csv,44,0,44,0
20162017_548.html.csv,78,40,38,0
20162017_548.html.csv,24,2,22,0
20162017_55.html.csv,251,0,251,0
20162017_550.html.csv,218,218,0,2
20162017_550.html.csv,97,0,97,0
20162017_551.html.csv,227,157,70,0
20162017_551.html.csv,57,9,48,0
20162017_552.html.csv,55,55,0,1
20162017_554.html.csv,149,0,149,0
20162017_556.html.csv,81,0,81,0
20162017_558.html.csv,118,63,55,0
20162017_558.html.csv,56,5,51,0
20162017_559.html.csv,144,106,38,1
20162017_559.html.csv,80,2,78,1
20162017_56.html.csv,32,0,32,0
20162017_560.html.csv,61,0,61,0
20162017_562.html.csv,177,74,103,-1
20162017_563.html.csv,120,118,2,-1
20162017_564.html.csv,81,0,81,0
20162017_567.html.csv,140,120,20,-1
20162017_567.html.csv,85,0,85,0
20162017_568.html.csv,97,0,97,0
20162017_569.html.csv,221,179,42,2
20162017_569.html.csv,98,83,15,-1
20162017_569.html.csv,31,29,2,0
20162017_569.html.csv,16,0,16,0
20162017_57.html.csv,116,55,61,0
20162017_57.html.csv,11,2,9,0
20162017_573.html.csv,140,135,5,-1
20162017_576.html.csv,196,196,0,2
20162017_577.html.csv,122,42,80,-2
20162017_578.html.csv,64,0,64,0
20162017_579.html.csv,486,486,0,2
20162017_58.html.csv,160,127,33,1
20162017_580.html.csv,430,367,63,2
20162017_580.html.csv,367,358,9,-1
20162017_581.html.csv,385,385,0,2
20162017_581.html.csv,79,79,0,-1
20162017_581.html.csv,38,0,38,0
20162017_584.html.csv,200,200,0,2
20162017_584.html.csv,52,0,52,0
20162017_585.html.csv,65,9,56,0
20162017_586.html.csv,112,30,82,0
20162017_586.html.csv,16,0,16,0
20162017_587.html.csv,70,2,68,-2
20162017_589.html.csv,83,44,39,-2
20162017_591.html.csv,52,0,52,2
20162017_591.html.csv,0,0,0,-2
20162017_591.html.csv,0,0,0,-2
20162017_592.html.csv,195,0,195,0
20162017_593.html.csv,114,77,37,2
20162017_594.html.csv,146,43,103,2
20162017_595.html.csv,71,0,71,0
20162017_598.html.csv,17,0,17,0
20162017_599.html.csv,76,0,76,0
20162017_6.html.csv,184,143,41,-1
20162017_6.html.csv,74,74,0,-2
20162017_60.html.csv,75,38,37,-1
20162017_601.html.csv,79,0,79,0
20162017_605.html.csv,36,17,19,1
20162017_606.html.csv,82,82,0,-1
20162017_607.html.csv,88,74,14,-1
20162017_607.html.csv,47,32,15,-1
20162017_608.html.csv,104,0,104,0
20162017_609.html.csv,65,65,0,-1
20162017_609.html.csv,39,16,23,-1
20162017_61.html.csv,28,5,23,0
20162017_611.html.csv,127,115,12,-2
20162017_611.html.csv,115,0,115,0
20162017_612.html.csv,74,53,21,-1
20162017_613.html.csv,121,4,117,-1
20162017_614.html.csv,99,21,78,-1
20162017_615.html.csv,101,77,24,-1
20162017_615.html.csv,11,11,0,0
20162017_616.html.csv,115,69,46,0
20162017_616.html.csv,49,49,0,1
20162017_618.html.csv,149,0,149,0
20162017_619.html.csv,118,87,31,2
20162017_62.html.csv,68,0,68,0
20162017_620.html.csv,67,0,67,0
20162017_621.html.csv,218,32,186,0
20162017_622.html.csv,216,216,0,2
20162017_622.html.csv,89,89,0,0
20162017_622.html.csv,60,60,0,0
20162017_622.html.csv,21,18,3,-1
20162017_623.html.csv,40,39,1,-2
20162017_625.html.csv,129,129,0,2
20162017_627.html.csv,90,0,90,0
20162017_629.html.csv,208,66,142,-1
20162017_63.html.csv,212,206,6,2
20162017_63.html.csv,83,0,83,0
20162017_630.html.csv,171,96,75,-1
20162017_633.html.csv,38,29,9,0
20162017_635.html.csv,3,0,3,0
20162017_636.html.csv,170,104,66,-1
20162017_638.html.csv,44,0,44,0
20162017_639.html.csv,123,123,0,0
20162017_639.html.csv,111,90,21,1
20162017_639.html.csv,76,0,76,0
20162017_640.html.csv,97,54,43,-1
20162017_641.html.csv,135,0,135,0
20162017_642.html.csv,103,70,33,0
20162017_642.html.csv,42,0,42,0
20162017_643.html.csv,92,0,92,0
20162017_645.html.csv,76,0,76,0
20162017_647.html.csv,77,21,56,-1
20162017_648.html.csv,48,0,48,0
20162017_65.html.csv,164,121,43,2
20162017_651.html.csv,354,323,31,-1
20162017_653.html.csv,76,23,53,2
20162017_657.html.csv,168,10,158,-1
20162017_659.html.csv,50,8,42,0
20162017_660.html.csv,122,88,34,0
20162017_660.html.csv,62,10,52,1
20162017_662.html.csv,117,0,117,0
20162017_663.html.csv,60,60,0,0
20162017_663.html.csv,16,13,3,2
20162017_665.html.csv,63,0,63,0
20162017_666.html.csv,181,129,52,0
20162017_666.html.csv,83,73,10,-1
20162017_666.html.csv,27,0,27,0
20162017_667.html.csv,25,0,25,0
20162017_668.html.csv,11,11,0,-1
20162017_669.html.csv,128,128,0,-1
20162017_67.html.csv,193,0,193,0
20162017_670.html.csv,59,0,59,0
20162017_676.html.csv,83,83,0,0
20162017_676.html.csv,70,0,70,0
20162017_677.html.csv,176,4,172,-1
20162017_678.html.csv,144,0,144,-2
20162017_679.html.csv,178,177,1,-1
20162017_681.html.csv,67,0,67,0
20162017_682.html.csv,460,460,0,2
20162017_682.html.csv,179,48,131,1
20162017_682.html.csv,38,0,38,0
20162017_683.html.csv,60,0,60,0
20162017_684.html.csv,30,0,30,0
20162017_685.html.csv,31,0,31,0
20162017_688.html.csv,153,0,153,0
20162017_690.html.csv,65,28,37,0
20162017_690.html.csv,10,0,10,0
20162017_691.html.csv,2,0,2,0
20162017_692.html.csv,84,68,16,0
20162017_692.html.csv,43,0,43,0
20162017_695.html.csv,80,69,11,-2
20162017_698.html.csv,144,44,100,-2
20162017_70.html.csv,147,147,0,1
20162017_700.html.csv,205,35,170,-1
20162017_705.html.csv,590,590,0,2
20162017_706.html.csv,39,24,15,-1
20162017_707.html.csv,108,78,30,-1
20162017_707.html.csv,36,0,36,0
20162017_708.html.csv,26,0,26,1
20162017_709.html.csv,169,167,2,1
20162017_71.html.csv,91,42,49,0
20162017_71.html.csv,6,6,0,-1
20162017_711.html.csv,140,0,140,0
20162017_715.html.csv,89,0,89,0
20162017_716.html.csv,75,20,55,0
20162017_72.html.csv,420,420,0,2
20162017_72.html.csv,148,148,0,1
20162017_72.html.csv,100,88,12,1
20162017_720.html.csv,72,65,7,1
20162017_720.html.csv,2,0,2,0
20162017_721.html.csv,83,83,0,0
20162017_721.html.csv,69,0,69,0
20162017_722.html.csv,201,125,76,-1
20162017_725.html.csv,166,41,125,-2
20162017_726.html.csv,85,33,52,-2
20162017_728.html.csv,76,50,26,0
20162017_729.html.csv,180,180,0,0
20162017_729.html.csv,132,113,19,-1
20162017_73.html.csv,388,388,0,0
20162017_730.html.csv,164,164,0,0
20162017_730.html.csv,29,29,0,0
20162017_731.html.csv,116,64,52,0
20162017_731.html.csv,23,0,23,0
20162017_732.html.csv,160,144,16,-1
20162017_733.html.csv,73,62,11,1
20162017_735.html.csv,314,312,2,2
20162017_735.html.csv,105,0,105,0
20162017_737.html.csv,154,123,31,-1
20162017_737.html.csv,98,91,7,-2
20162017_738.html.csv,8,0,8,0
20162017_739.html.csv,75,34,41,-1
20162017_74.html.csv,105,72,33,-1
20162017_740.html.csv,159,112,47,-1
20162017_741.html.csv,85,68,17,-1
20162017_741.html.csv,47,47,0,1
20162017_741.html.csv,30,0,30,0
20162017_742.html.csv,184,67,117,1
20162017_742.html.csv,56,0,56,0
20162017_743.html.csv,144,144,0,0
20162017_743.html.csv,130,113,17,2
20162017_743.html.csv,113,0,113,0
20162017_746.html.csv,582,582,0,2
20162017_746.html.csv,10,0,10,0
20162017_747.html.csv,156,124,32,1
20162017_747.html.csv,94,0,94,0
20162017_748.html.csv,76,35,41,-1
20162017_748.html.csv,15,0,15,1
20162017_749.html.csv,91,61,30,0
20162017_749.html.csv,27,3,24,1
20162017_75.html.csv,72,39,33,-1
20162017_752.html.csv,485,485,0,2
20162017_752.html.csv,83,0,83,0
20162017_754.html.csv,89,89,0,0
20162017_754.html.csv,49,46,3,-1
20162017_755.html.csv,80,0,80,0
20162017_759.html.csv,60,14,46,-1
20162017_760.html.csv,25,25,0,-1
20162017_762.html.csv,105,0,105,0
20162017_763.html.csv,115,0,115,0
20162017_764.html.csv,65,65,0,0
20162017_764.html.csv,26,0,26,0
20162017_767.html.csv,0,0,0,0
20162017_768.html.csv,47,0,47,0
20162017_77.html.csv,334,245,89,0
20162017_77.html.csv,161,127,34,2
20162017_770.html.csv,91,91,0,0
20162017_770.html.csv,48,0,48,0
20162017_771.html.csv,69,0,69,0
20162017_773.html.csv,105,38,67,-1
20162017_774.html.csv,51,0,51,0
20162017_777.html.csv,506,506,0,2
20162017_778.html.csv,192,192,0,-1
20162017_779.html.csv,46,18,28,-1
20162017_78.html.csv,109,103,6,-1
20162017_780.html.csv,122,0,122,0
20162017_781.html.csv,135,63,72,-2
20162017_785.html.csv,594,594,0,2
20162017_786.html.csv,21,0,21,0
20162017_787.html.csv,83,0,83,0
20162017_788.html.csv,104,89,15,1
20162017_789.html.csv,490,489,1,2
20162017_789.html.csv,0,0,0,0
20162017_79.html.csv,48,0,48,0
20162017_791.html.csv,95,19,76,-1
20162017_794.html.csv,329,329,0,2
20162017_794.html.csv,189,0,189,0
20162017_797.html.csv,596,596,0,2
20162017_798.html.csv,100,43,57,-1
20162017_799.html.csv,106,0,106,-1
20162017_8.html.csv,104,58,46,-1
20162017_80.html.csv,63,5,58,0
20162017_802.html.csv,116,30,86,-1
20162017_803.html.csv,56,56,0,-1
20162017_804.html.csv,83,0,83,0
20162017_805.html.csv,158,121,37,0
20162017_806.html.csv,140,124,16,0
20162017_806.html.csv,112,92,20,-1
20162017_809.html.csv,343,343,0,2
20162017_809.html.csv,68,4,64,2
20162017_81.html.csv,416,416,0,2
20162017_81.html.csv,77,63,14,-1
20162017_81.html.csv,56,0,56,0
20162017_811.html.csv,250,209,41,2
20162017_811.html.csv,96,93,3,0
20162017_811.html.csv,65,37,28,-1
20162017_814.html.csv,155,155,0,2
20162017_814.html.csv,71,16,55,-1
20162017_815.html.csv,69,0,69,0
20162017_816.html.csv,137,120,17,-2
20162017_818.html.csv,131,75,56,0
20162017_818.html.csv,72,38,34,-1
20162017_820.html.csv,125,0,125,0
20162017_821.html.csv,225,45,180,0
20162017_821.html.csv,28,4,24,-2
20162017_822.html.csv,86,61,25,-1
20162017_822.html.csv,13,0,13,0
20162017_823.html.csv,103,98,5,-1
20162017_823.html.csv,44,0,44,0
20162017_824.html.csv,114,13,101,-1
20162017_825.html.csv,117,36,81,-1
20162017_826.html.csv,78,78,0,0
20162017_826.html.csv,57,57,0,0
20162017_826.html.csv,41,15,26,1
20162017_828.html.csv,94,84,10,-1
20162017_831.html.csv,129,98,31,-1
20162017_831.html.csv,84,8,76,0
20162017_833.html.csv,28,0,28,0
20162017_834.html.csv,374,374,0,2
20162017_834.html.csv,61,0,61,0
20162017_836.html.csv,80,0,80,0
20162017_839.html.csv,71,0,71,0
20162017_84.html.csv,60,14,46,-1
20162017_840.html.csv,71,71,0,0
20162017_840.html.csv,48,0,48,0
20162017_841.html.csv,120,108,12,-1
20162017_841.html.csv,71,62,9,-1
20162017_843.html.csv,160,141,19,-1
20162017_844.html.csv,98,11,87,-1
20162017_845.html.csv,44,39,5,-1
20162017_845.html.csv,39,1,38,-2
20162017_846.html.csv,79,38,41,1
20162017_847.html.csv,126,15,111,0
20162017_848.html.csv,102,97,5,-1
20162017_849.html.csv,80,70,10,-1
20162017_849.html.csv,17,0,17,0
20162017_850.html.csv,390,389,1,2
20162017_851.html.csv,89,0,89,0
20162017_854.html.csv,117,85,32,-1
20162017_854.html.csv,40,40,0,2
20162017_858.html.csv,533,532,1,2
20162017_858.html.csv,81,78,3,0
20162017_859.html.csv,84,77,7,-1
20162017_859.html.csv,29,0,29,0
20162017_86.html.csv,4,0,4,0
20162017_860.html.csv,482,482,0,2
20162017_861.html.csv,145,110,35,-1
20162017_861.html.csv,45,45,0,-1
20162017_862.html.csv,184,183,1,2
20162017_862.html.csv,36,0,36,0
20162017_863.html.csv,130,27,103,-1
20162017_863.html.csv,1,0,1,0
20162017_865.html.csv,169,115,54,-1
20162017_866.html.csv,210,210,0,2
20162017_867.html.csv,6,6,0,1
20162017_868.html.csv,29,0,29,0
20162017_869.html.csv,58,0,58,0
20162017_870.html.csv,61,52,9,-1
20162017_871.html.csv,34,34,0,0
20162017_871.html.csv,3,0,3,0
20162017_872.html.csv,291,280,11,2
20162017_873.html.csv,63,0,63,0
20162017_874.html.csv,72,0,72,0
20162017_876.html.csv,49,42,7,1
20162017_878.html.csv,349,340,9,2
20162017_878.html.csv,61,0,61,0
20162017_879.html.csv,83,0,83,0
20162017_88.html.csv,111,0,111,0
20162017_880.html.csv,5,0,5,0
20162017_881.html.csv,404,404,0,2
20162017_881.html.csv,49,27,22,1
20162017_881.html.csv,14,0,14,0
20162017_882.html.csv,46,0,46,0
20162017_884.html.csv,69,6,63,0
20162017_886.html.csv,137,0,137,0
20162017_887.html.csv,88,0,88,-1
20162017_888.html.csv,160,158,2,2
20162017_889.html.csv,89,62,27,-1
20162017_889.html.csv,25,0,25,0
20162017_89.html.csv,71,71,0,-1
20162017_890.html.csv,53,0,53,0
20162017_891.html.csv,98,0,98,0
20162017_893.html.csv,54,49,5,-1
20162017_895.html.csv,80,59,21,-1
20162017_897.html.csv,71,37,34,-1
20162017_897.html.csv,14,0,14,0
20162017_899.html.csv,63,62,1,-1
20162017_899.html.csv,16,8,8,-1
20162017_9.html.csv,149,131,18,0
20162017_9.html.csv,125,81,44,-1
20162017_90.html.csv,64,23,41,0
20162017_90.html.csv,10,0,10,0
20162017_900.html.csv,96,0,96,0
20162017_901.html.csv,127,110,17,0
20162017_901.html.csv,89,0,89,0
20162017_902.html.csv,431,429,2,2
20162017_904.html.csv,402,398,4,2
20162017_904.html.csv,112,67,45,-1
20162017_906.html.csv,129,52,77,-1
20162017_91.html.csv,193,139,54,-1
20162017_910.html.csv,136,40,96,-1
20162017_913.html.csv,130,64,66,0
20162017_913.html.csv,29,0,29,0
20162017_915.html.csv,131,16,115,-2
20162017_916.html.csv,96,0,96,0
20162017_917.html.csv,96,3,93,-1
20162017_918.html.csv,19,0,19,0
20162017_919.html.csv,94,53,41,1
20162017_924.html.csv,383,377,6,2
20162017_924.html.csv,186,167,19,-2
20162017_925.html.csv,359,358,1,2
20162017_928.html.csv,64,0,64,0
20162017_929.html.csv,105,0,105,0
20162017_930.html.csv,104,0,104,0
20162017_933.html.csv,26,23,3,-1
20162017_935.html.csv,122,122,0,0
20162017_935.html.csv,112,88,24,0
20162017_935.html.csv,66,41,25,-1
20162017_936.html.csv,17,0,17,0
20162017_937.html.csv,103,103,0,-1
20162017_937.html.csv,59,4,55,-1
20162017_939.html.csv,546,537,9,2
20162017_939.html.csv,81,81,0,-2
20162017_94.html.csv,28,20,8,2
20162017_940.html.csv,83,83,0,-2
20162017_941.html.csv,525,476,49,2
20162017_941.html.csv,9,0,9,0
20162017_942.html.csv,91,0,91,0
20162017_943.html.csv,83,83,0,0
20162017_943.html.csv,53,0,53,0
20162017_945.html.csv,61,0,61,0
20162017_946.html.csv,155,60,95,-1
20162017_947.html.csv,48,0,48,0
20162017_948.html.csv,154,136,18,-1
20162017_948.html.csv,113,69,44,-1
20162017_949.html.csv,128,74,54,1
20162017_95.html.csv,290,290,0,2
20162017_950.html.csv,100,100,0,0
20162017_950.html.csv,52,2,50,1
20162017_951.html.csv,162,74,88,-1
20162017_952.html.csv,87,0,87,0
20162017_953.html.csv,45,45,0,2
20162017_954.html.csv,211,211,0,2
20162017_954.html.csv,90,0,90,0
20162017_955.html.csv,7,0,7,0
20162017_958.html.csv,265,265,0,2
20162017_959.html.csv,39,39,0,-1
20162017_960.html.csv,91,12,79,1
20162017_961.html.csv,270,270,0,2
20162017_961.html.csv,134,93,41,-2
20162017_962.html.csv,60,0,60,0
20162017_964.html.csv,355,355,0,2
20162017_965.html.csv,122,109,13,-1
20162017_965.html.csv,85,0,85,0
20162017_967.html.csv,94,0,94,0
20162017_968.html.csv,98,29,69,-2
20162017_969.html.csv,115,78,37,-1
20162017_969.html.csv,19,0,19,0
20162017_970.html.csv,82,50,32,-1
20162017_972.html.csv,126,26,100,-1
20162017_972.html.csv,7,0,7,0
20162017_973.html.csv,563,549,14,2
20162017_974.html.csv,76,76,0,-1
20162017_975.html.csv,55,5,50,-2
20162017_976.html.csv,324,295,29,2
20162017_976.html.csv,136,105,31,-1
20162017_977.html.csv,73,0,73,1
20162017_978.html.csv,102,50,52,-1
20162017_979.html.csv,159,134,25,0
20162017_979.html.csv,107,60,47,-1
20162017_98.html.csv,91,69,22,-1
20162017_980.html.csv,1,0,1,0
20162017_985.html.csv,61,0,61,0
20162017_986.html.csv,340,340,0,2
20162017_986.html.csv,157,148,9,1
20162017_986.html.csv,113,60,53,-1
20162017_986.html.csv,32,0,32,0
20162017_987.html.csv,417,417,0,2
20162017_987.html.csv,110,69,41,-1
20162017_988.html.csv,140,0,140,0
20162017_989.html.csv,20,0,20,0
20162017_99.html.csv,15,0,15,0
20162017_990.html.csv,421,411,10,2
20162017_992.html.csv,39,20,19,1
20162017_993.html.csv,455,455,0,2
20162017_993.html.csv,0,0,0,0
20162017_994.html.csv,74,0,74,0
20162017_995.html.csv,92,0,92,0
20162017_996.html.csv,224,206,18,-2
20162017_996.html.csv,82,19,63,0
20162017_997.html.csv,102,70,32,-1
20162017_997.html.csv,36,3,33,-1
20162017_998.html.csv,20,0,20,0
20172018_1002.html.csv,85,3,82,-1
20172018_1005.html.csv,62,62,0,2
20172018_1006.html.csv,63,54,9,0
20172018_1006.html.csv,19,2,17,0
20172018_1007.html.csv,148,147,1,2
20172018_1009.html.csv,387,377,10,2
20172018_1009.html.csv,116,66,50,1
20172018_101.html.csv,101,0,101,0
20172018_1010.html.csv,133,23,110,0
20172018_1011.html.csv,103,4,99,2
20172018_1012.html.csv,120,0,120,0
20172018_1013.html.csv,225,218,7,-1
20172018_1014.html.csv,85,53,32,-1
20172018_1015.html.csv,98,0,98,0
20172018_1017.html.csv,152,68,84,1
20172018_102.html.csv,72,0,72,0
20172018_1021.html.csv,30,0,30,0
20172018_1022.html.csv,179,34,145,-1
20172018_1023.html.csv,162,141,21,-1
20172018_1025.html.csv,79,48,31,0
20172018_1025.html.csv,26,14,12,-1
20172018_1026.html.csv,146,146,0,2
20172018_1028.html.csv,159,86,73,-1
20172018_103.html.csv,99,0,99,1
20172018_1030.html.csv,124,101,23,-1
20172018_1031.html.csv,34,34,0,0
20172018_1031.html.csv,1,0,1,0
20172018_1032.html.csv,2,0,2,0
20172018_1033.html.csv,134,97,37,0
20172018_1033.html.csv,46,0,46,0
20172018_1037.html.csv,119,10,109,0
20172018_1039.html.csv,53,0,53,0
20172018_104.html.csv,69,69,0,0
20172018_104.html.csv,38,22,16,-1
20172018_104.html.csv,16,0,16,0
20172018_1040.html.csv,153,0,153,0
20172018_1042.html.csv,78,78,0,-1
20172018_1042.html.csv,60,0,60,0
20172018_1043.html.csv,87,87,0,0
20172018_1043.html.csv,77,15,62,-1
20172018_1044.html.csv,109,0,109,0
20172018_1045.html.csv,464,462,2,2
20172018_1045.html.csv,89,34,55,0
20172018_1045.html.csv,17,0,17,0
20172018_1046.html.csv,372,372,0,2
20172018_1046.html.csv,79,22,57,2
20172018_1047.html.csv,103,44,59,-1
20172018_1048.html.csv,124,124,0,0
20172018_1048.html.csv,63,22,41,-1
20172018_1051.html.csv,84,0,84,0
20172018_1054.html.csv,109,109,0,-1
20172018_1054.html.csv,55,13,42,0
20172018_1055.html.csv,200,195,5,0
20172018_1055.html.csv,162,148,14,1
20172018_1055.html.csv,114,58,56,-1
20172018_1057.html.csv,129,66,63,1
20172018_1058.html.csv,247,245,2,2
20172018_1058.html.csv,163,153,10,-1
20172018_1059.html.csv,22,0,22,0
20172018_1060.html.csv,158,11,147,-1
20172018_1061.html.csv,75,44,31,-1
20172018_1062.html.csv,91,0,91,0
20172018_1063.html.csv,160,157,3,-1
20172018_1063.html.csv,109,24,85,-1
20172018_1064.html.csv,89,0,89,0
20172018_1067.html.csv,87,0,87,0
20172018_1068.html.csv,150,0,150,0
20172018_1069.html.csv,221,221,0,-2
20172018_107.html.csv,108,0,108,0
20172018_1070.html.csv,94,94,0,-1
20172018_1071.html.csv,111,94,17,-1
20172018_1072.html.csv,122,112,10,2
20172018_1074.html.csv,69,31,38,2
20172018_1074.html.csv,31,0,31,0
20172018_1076.html.csv,113,113,0,2
20172018_1078.html.csv,100,16,84,1
20172018_108.html.csv,79,0,79,0
20172018_1082.html.csv,147,79,68,-2
20172018_1083.html.csv,199,44,155,-1
20172018_1084.html.csv,114,114,0,-1
20172018_1085.html.csv,113,1,112,-1
20172018_1086.html.csv,113,113,0,-1
20172018_1086.html.csv,72,0,72,0
20172018_1087.html.csv,177,89,88,0
20172018_1087.html.csv,73,5,68,0
20172018_1088.html.csv,188,42,146,-1
20172018_1089.html.csv,96,49,47,-1
20172018_1090.html.csv,77,0,77,0
20172018_1092.html.csv,199,118,81,-1
20172018_1094.html.csv,124,69,55,-1
20172018_1094.html.csv,57,43,14,-2
20172018_1095.html.csv,373,335,38,1
20172018_1095.html.csv,262,238,24,-1
20172018_1096.html.csv,176,175,1,2
20172018_1096.html.csv,29,0,29,0
20172018_1097.html.csv,185,56,129,1
20172018_1097.html.csv,34,34,0,-1
20172018_1098.html.csv,50,39,11,-1
20172018_1098.html.csv,18,0,18,0
20172018_1099.html.csv,91,50,41,-1
20172018_11.html.csv,103,1,102,0
20172018_110.html.csv,101,39,62,-1
20172018_1100.html.csv,79,0,79,0
20172018_1102.html.csv,114,0,114,0
20172018_1103.html.csv,123,110,13,-1
20172018_1104.html.csv,38,0,38,0
20172018_1106.html.csv,99,18,81,-1
20172018_1107.html.csv,98,88,10,0
20172018_1107.html.csv,49,25,24,-1
20172018_111.html.csv,27,0,27,0
20172018_1110.html.csv,0,0,0,0
20172018_1111.html.csv,134,128,6,2
20172018_1111.html.csv,116,0,116,0
20172018_1112.html.csv,146,38,108,-1
20172018_1113.html.csv,126,106,20,0
20172018_1113.html.csv,97,82,15,1
20172018_1114.html.csv,124,89,35,-1
20172018_1114.html.csv,32,0,32,0
20172018_1115.html.csv,35,0,35,0
20172018_1118.html.csv,130,0,130,0
20172018_1119.html.csv,79,47,32,1
20172018_1120.html.csv,156,137,19,0
20172018_1120.html.csv,97,97,0,-1
20172018_1120.html.csv,82,38,44,0
20172018_1120.html.csv,29,21,8,-1
20172018_1121.html.csv,181,149,32,-1
20172018_1122.html.csv,384,384,0,2
20172018_1122.html.csv,190,186,4,2
20172018_1122.html.csv,31,2,29,-1
20172018_1127.html.csv,133,42,91,0
20172018_1129.html.csv,163,116,47,-1
20172018_113.html.csv,156,99,57,-1
20172018_1132.html.csv,188,10,178,-1
20172018_1136.html.csv,48,0,48,0
20172018_1137.html.csv,105,0,105,0
20172018_1138.html.csv,87,0,87,0
20172018_1139.html.csv,148,145,3,-1
20172018_1141.html.csv,60,0,60,0
20172018_1146.html.csv,77,75,2,-1
20172018_1146.html.csv,47,44,3,-1
20172018_115.html.csv,139,112,27,1
20172018_115.html.csv,63,56,7,-1
20172018_1150.html.csv,12,0,12,0
20172018_1153.html.csv,84,0,84,0
20172018_1154.html.csv,104,0,104,0
20172018_1155.html.csv,106,35,71,-1
20172018_1157.html.csv,101,0,101,0
20172018_1158.html.csv,84,74,10,-1
20172018_1158.html.csv,31,0,31,0
20172018_116.html.csv,132,111,21,2
20172018_1160.html.csv,102,0,102,0
20172018_1161.html.csv,106,101,5,-1
20172018_1162.html.csv,39,0,39,0
20172018_1163.html.csv,111,43,68,1
20172018_1164.html.csv,182,141,41,0
20172018_1164.html.csv,112,41,71,-1
20172018_1167.html.csv,89,89,0,1
20172018_1168.html.csv,113,15,98,0
20172018_1168.html.csv,3,0,3,0
20172018_117.html.csv,102,93,9,-1
20172018_117.html.csv,77,0,77,0
20172018_1170.html.csv,97,0,97,0
20172018_1171.html.csv,138,119,19,-1
20172018_1172.html.csv,141,0,141,0
20172018_1173.html.csv,109,25,84,0
20172018_1173.html.csv,8,8,0,-1
20172018_1175.html.csv,159,16,143,-1
20172018_1177.html.csv,57,0,57,0
20172018_1178.html.csv,89,0,89,0
20172018_1179.html.csv,218,196,22,1
20172018_1179.html.csv,162,88,74,-1
20172018_118.html.csv,179,169,10,2
20172018_118.html.csv,38,0,38,0
20172018_1185.html.csv,151,143,8,2
20172018_1185.html.csv,16,16,0,-1
20172018_1186.html.csv,127,86,41,1
20172018_1186.html.csv,80,38,42,0
20172018_1186.html.csv,13,0,13,0
20172018_1187.html.csv,97,97,0,0
20172018_1187.html.csv,65,65,0,1
20172018_1188.html.csv,88,0,88,0
20172018_1189.html.csv,120,0,120,0
20172018_119.html.csv,67,60,7,-1
20172018_119.html.csv,17,17,0,2
20172018_119.html.csv,17,17,0,-2
20172018_1190.html.csv,72,56,16,-1
20172018_1190.html.csv,46,6,40,-2
20172018_1191.html.csv,487,487,0,2
20172018_1194.html.csv,67,17,50,-1
20172018_1195.html.csv,145,18,127,-1
20172018_1198.html.csv,86,0,86,0
20172018_1199.html.csv,89,76,13,-2
20172018_1199.html.csv,41,2,39,-1
20172018_12.html.csv,110,26,84,-2
20172018_120.html.csv,63,63,0,-1
20172018_1200.html.csv,88,0,88,0
20172018_1201.html.csv,115,104,11,-1
20172018_1202.html.csv,130,130,0,-1
20172018_1207.html.csv,101,101,0,-2
20172018_1208.html.csv,146,97,49,1
20172018_1208.html.csv,81,81,0,1
20172018_1209.html.csv,166,67,99,-2
20172018_1210.html.csv,69,0,69,0
20172018_1212.html.csv,154,74,80,2
20172018_1213.html.csv,137,96,41,0
20172018_1214.html.csv,122,47,75,-1
20172018_1216.html.csv,73,0,73,0
20172018_1217.html.csv,26,0,26,-2
20172018_1218.html.csv,58,4,54,1
20172018_1220.html.csv,9,0,9,0
20172018_1221.html.csv,164,141,23,-2
20172018_1224.html.csv,165,165,0,2
20172018_1224.html.csv,12,0,12,0
20172018_1225.html.csv,145,0,145,0
20172018_1226.html.csv,169,127,42,2
20172018_1226.html.csv,83,0,83,0
20172018_1227.html.csv,78,44,34,-1
20172018_1228.html.csv,177,25,152,-2
20172018_123.html.csv,474,473,1,2
20172018_123.html.csv,0,0,0,0
20172018_1230.html.csv,298,296,2,2
20172018_1230.html.csv,98,0,98,2
20172018_1230.html.csv,0,0,0,-2
20172018_1231.html.csv,157,157,0,2
20172018_1234.html.csv,95,37,58,0
20172018_1234.html.csv,21,1,20,0
20172018_1237.html.csv,87,24,63,-1
20172018_1238.html.csv,64,39,25,-1
20172018_1238.html.csv,9,0,9,0
20172018_1239.html.csv,9,0,9,0
20172018_1240.html.csv,143,133,10,-1
20172018_1241.html.csv,160,31,129,-2
20172018_1242.html.csv,79,0,79,0
20172018_1243.html.csv,89,0,89,0
20172018_1244.html.csv,130,1,129,2
20172018_1246.html.csv,49,4,45,0
20172018_1247.html.csv,56,40,16,0
20172018_1247.html.csv,15,0,15,2
20172018_1248.html.csv,36,36,0,0
20172018_125.html.csv,135,91,44,0
20172018_125.html.csv,81,0,81,0
20172018_1252.html.csv,101,54,47,0
20172018_1252.html.csv,8,2,6,-1
20172018_1254.html.csv,119,86,33,-1
20172018_1254.html.csv,54,0,54,0
20172018_1255.html.csv,174,71,103,-1
20172018_1256.html.csv,166,0,166,0
20172018_1258.html.csv,94,43,51,-1
20172018_1259.html.csv,147,147,0,2
20172018_126.html.csv,128,128,0,2
20172018_1260.html.csv,97,96,1,2
20172018_1260.html.csv,1,0,1,0
20172018_1261.html.csv,91,83,8,-1
20172018_1261.html.csv,45,44,1,2
20172018_1261.html.csv,17,0,17,0
20172018_1265.html.csv,73,73,0,0
20172018_1265.html.csv,52,40,12,-1
20172018_1266.html.csv,275,203,72,-1
20172018_1266.html.csv,182,9,173,1
20172018_1267.html.csv,107,69,38,0
20172018_1267.html.csv,56,4,52,-1
20172018_1269.html.csv,2,0,2,0
20172018_1270.html.csv,50,8,42,0
20172018_1271.html.csv,181,181,0,0
20172018_1271.html.csv,86,26,60,1
20172018_129.html.csv,173,153,20,-1
20172018_129.html.csv,114,81,33,-1
20172018_133.html.csv,93,19,74,2
20172018_134.html.csv,15,4,11,-1
20172018_135.html.csv,29,0,29,0
20172018_137.html.csv,46,44,2,-1
20172018_138.html.csv,12,0,12,0
20172018_14.html.csv,201,191,10,2
20172018_14.html.csv,64,14,50,-1
20172018_140.html.csv,88,36,52,-1
20172018_143.html.csv,130,106,24,1
20172018_143.html.csv,77,0,77,0
20172018_144.html.csv,578,578,0,0
20172018_144.html.csv,158,144,14,2
20172018_144.html.csv,94,83,11,2
20172018_146.html.csv,343,343,0,2
20172018_147.html.csv,36,0,36,0
20172018_15.html.csv,573,573,0,1
20172018_15.html.csv,52,0,52,0
20172018_150.html.csv,130,75,55,1
20172018_150.html.csv,51,37,14,1
20172018_152.html.csv,76,0,76,0
20172018_153.html.csv,556,556,0,2
20172018_153.html.csv,86,0,86,0
20172018_154.html.csv,76,52,24,0
20172018_154.html.csv,17,4,13,-2
20172018_154.html.csv,4,0,4,0
20172018_155.html.csv,93,0,93,0
20172018_157.html.csv,179,0,179,0
20172018_158.html.csv,97,11,86,0
20172018_159.html.csv,291,4,287,0
20172018_16.html.csv,265,224,41,0
20172018_16.html.csv,193,162,31,-2
20172018_161.html.csv,121,0,121,0
20172018_165.html.csv,209,198,11,0
20172018_165.html.csv,186,0,186,0
20172018_166.html.csv,158,158,0,2
20172018_166.html.csv,35,19,16,-1
20172018_169.html.csv,22,22,0,0
20172018_169.html.csv,3,0,3,-2
20172018_171.html.csv,132,53,79,1
20172018_171.html.csv,21,15,6,1
20172018_174.html.csv,161,19,142,-1
20172018_175.html.csv,78,65,13,-1
20172018_175.html.csv,33,24,9,2
20172018_177.html.csv,143,133,10,-1
20172018_177.html.csv,30,30,0,0
20172018_178.html.csv,82,74,8,-1
20172018_178.html.csv,58,34,24,0
20172018_179.html.csv,95,82,13,-1
20172018_179.html.csv,77,4,73,0
20172018_18.html.csv,97,48,49,0
20172018_180.html.csv,122,0,122,0
20172018_181.html.csv,121,109,12,-1
20172018_181.html.csv,91,22,69,0
20172018_181.html.csv,4,0,4,0
20172018_182.html.csv,73,0,73,0
20172018_183.html.csv,68,16,52,-1
20172018_184.html.csv,59,0,59,0
20172018_186.html.csv,16,0,16,0
20172018_187.html.csv,79,0,79,0
20172018_188.html.csv,142,10,132,-1
20172018_190.html.csv,49,45,4,2
20172018_191.html.csv,81,6,75,-1
20172018_192.html.csv,129,115,14,-1
20172018_193.html.csv,184,161,23,0
20172018_193.html.csv,116,116,0,0
20172018_193.html.csv,82,60,22,-1
20172018_194.html.csv,103,13,90,0
20172018_195.html.csv,72,72,0,1
20172018_196.html.csv,138,52,86,1
20172018_196.html.csv,40,40,0,0
20172018_196.html.csv,16,0,16,0
20172018_197.html.csv,163,79,84,2
20172018_197.html.csv,79,0,79,0
20172018_198.html.csv,112,112,0,-1
20172018_199.html.csv,93,81,12,0
20172018_199.html.csv,56,18,38,-1
20172018_20.html.csv,26,26,0,-1
20172018_200.html.csv,453,453,0,2
20172018_200.html.csv,98,34,64,1
20172018_200.html.csv,24,0,24,0
20172018_201.html.csv,41,0,41,0
20172018_203.html.csv,126,116,10,1
20172018_205.html.csv,170,52,118,0
20172018_205.html.csv,35,0,35,0
20172018_208.html.csv,108,97,11,-1
20172018_208.html.csv,55,25,30,0
20172018_210.html.csv,195,145,50,0
20172018_210.html.csv,115,18,97,0
20172018_215.html.csv,143,0,143,0
20172018_217.html.csv,160,57,103,-1
20172018_219.html.csv,96,49,47,-1
20172018_221.html.csv,178,84,94,0
20172018_221.html.csv,53,53,0,2
20172018_222.html.csv,32,0,32,0
20172018_223.html.csv,56,20,36,-1
20172018_224.html.csv,70,57,13,-1
20172018_226.html.csv,63,0,63,0
20172018_227.html.csv,74,74,0,-1
20172018_228.html.csv,84,16,68,-1
20172018_229.html.csv,122,97,25,1
20172018_229.html.csv,79,0,79,0
20172018_23.html.csv,52,1,51,1
20172018_230.html.csv,138,77,61,0
20172018_230.html.csv,46,0,46,0
20172018_232.html.csv,110,55,55,0
20172018_232.html.csv,39,31,8,-1
20172018_233.html.csv,456,456,0,2
20172018_233.html.csv,61,8,53,-1
20172018_236.html.csv,360,359,1,2
20172018_236.html.csv,69,0,69,0
20172018_237.html.csv,137,35,102,-1
20172018_239.html.csv,157,143,14,-1
20172018_24.html.csv,178,0,178,0
20172018_242.html.csv,129,92,37,-1
20172018_242.html.csv,75,75,0,-1
20172018_243.html.csv,120,60,60,1
20172018_244.html.csv,184,162,22,-1
20172018_245.html.csv,37,25,12,-1
20172018_249.html.csv,78,70,8,0
20172018_249.html.csv,34,2,32,-1
20172018_250.html.csv,593,593,0,2
20172018_250.html.csv,141,107,34,-1
20172018_252.html.csv,113,108,5,0
20172018_252.html.csv,54,6,48,2
20172018_252.html.csv,6,6,0,2
20172018_254.html.csv,91,0,91,0
20172018_255.html.csv,77,0,77,0
20172018_258.html.csv,586,585,1,2
20172018_259.html.csv,136,17,119,-1
20172018_26.html.csv,138,72,66,1
20172018_260.html.csv,101,101,0,-1
20172018_262.html.csv,250,86,164,0
20172018_262.html.csv,16,5,11,0
20172018_263.html.csv,94,0,94,0
20172018_264.html.csv,67,0,67,0
20172018_266.html.csv,74,63,11,-1
20172018_271.html.csv,69,69,0,-1
20172018_271.html.csv,37,37,0,-1
20172018_274.html.csv,44,0,44,0
20172018_276.html.csv,99,90,9,-1
20172018_279.html.csv,110,78,32,-1
20172018_28.html.csv,88,0,88,0
20172018_280.html.csv,18,0,18,0
20172018_281.html.csv,74,31,43,-1
20172018_281.html.csv,0,0,0,0
20172018_283.html.csv,69,67,2,-1
20172018_283.html.csv,24,0,24,0
20172018_284.html.csv,54,49,5,1
20172018_287.html.csv,122,122,0,-1
20172018_288.html.csv,91,91,0,2
20172018_289.html.csv,149,0,149,0
20172018_290.html.csv,196,0,196,0
20172018_294.html.csv,599,599,0,2
20172018_296.html.csv,237,173,64,-1
20172018_297.html.csv,102,41,61,-1
20172018_299.html.csv,73,22,51,-1
20172018_3.html.csv,90,59,31,-1
20172018_30.html.csv,176,23,153,0
20172018_300.html.csv,90,0,90,0
20172018_301.html.csv,35,0,35,0
20172018_302.html.csv,489,489,0,1
20172018_304.html.csv,140,74,66,2
20172018_306.html.csv,94,46,48,1
20172018_307.html.csv,149,149,0,-1
20172018_308.html.csv,62,62,0,-1
20172018_308.html.csv,13,0,13,0
20172018_309.html.csv,179,179,0,1
20172018_309.html.csv,113,0,113,0
20172018_31.html.csv,140,0,140,0
20172018_311.html.csv,123,66,57,-1
20172018_311.html.csv,51,41,10,-1
20172018_312.html.csv,183,82,101,0
20172018_313.html.csv,126,0,126,0
20172018_314.html.csv,146,96,50,1
20172018_316.html.csv,123,21,102,-1
20172018_318.html.csv,91,84,7,0
20172018_318.html.csv,53,27,26,-1
20172018_319.html.csv,73,52,21,0
20172018_319.html.csv,33,0,33,0
20172018_32.html.csv,60,44,16,-1
20172018_324.html.csv,99,80,19,-1
20172018_325.html.csv,103,91,12,-1
20172018_329.html.csv,110,56,54,1
20172018_33.html.csv,61,60,1,1
20172018_331.html.csv,111,48,63,-1
20172018_333.html.csv,76,30,46,-2
20172018_334.html.csv,96,0,96,0
20172018_337.html.csv,106,100,6,-1
20172018_338.html.csv,152,128,24,-1
20172018_338.html.csv,122,109,13,2
20172018_339.html.csv,133,51,82,-1
20172018_339.html.csv,20,0,20,0
20172018_340.html.csv,580,580,0,2
20172018_340.html.csv,91,91,0,0
20172018_340.html.csv,36,0,36,0
20172018_342.html.csv,126,50,76,-1
20172018_343.html.csv,128,0,128,0
20172018_344.html.csv,101,48,53,-1
20172018_344.html.csv,31,0,31,0
20172018_345.html.csv,88,60,28,-1
20172018_348.html.csv,123,9,114,-1
20172018_349.html.csv,322,0,322,0
20172018_35.html.csv,345,338,7,2
20172018_350.html.csv,100,94,6,0
20172018_350.html.csv,57,0,57,0
20172018_355.html.csv,93,2,91,-1
20172018_356.html.csv,54,0,54,0
20172018_357.html.csv,238,190,48,-1
20172018_358.html.csv,102,92,10,1
20172018_361.html.csv,91,51,40,-1
20172018_362.html.csv,81,0,81,0
20172018_363.html.csv,79,64,15,1
20172018_364.html.csv,93,84,9,-1
20172018_364.html.csv,73,0,73,0
20172018_367.html.csv,259,0,259,0
20172018_369.html.csv,45,0,45,0
20172018_37.html.csv,145,145,0,0
20172018_370.html.csv,166,0,166,0
20172018_373.html.csv,114,0,114,0
20172018_374.html.csv,141,1,140,-1
20172018_377.html.csv,80,0,80,0
20172018_378.html.csv,75,0,75,0
20172018_379.html.csv,395,395,0,2
20172018_379.html.csv,114,48,66,0
20172018_379.html.csv,17,0,17,1
20172018_38.html.csv,594,593,1,2
20172018_38.html.csv,89,0,89,0
20172018_380.html.csv,8,8,0,2
20172018_381.html.csv,82,43,39,-1
20172018_381.html.csv,31,4,27,-1
20172018_383.html.csv,94,57,37,-1
20172018_383.html.csv,19,19,0,-2
20172018_384.html.csv,87,6,81,-1
20172018_387.html.csv,31,1,30,-1
20172018_389.html.csv,437,395,42,2
20172018_389.html.csv,89,0,89,0
20172018_39.html.csv,118,107,11,-1
20172018_39.html.csv,81,0,81,0
20172018_390.html.csv,147,133,14,-1
20172018_390.html.csv,99,99,0,0
20172018_390.html.csv,80,72,8,-1
20172018_391.html.csv,29,29,0,-1
20172018_392.html.csv,87,0,87,0
20172018_394.html.csv,85,68,17,-1
20172018_395.html.csv,91,0,91,0
20172018_396.html.csv,22,0,22,0
20172018_4.html.csv,66,36,30,-1
20172018_4.html.csv,36,25,11,0
20172018_40.html.csv,136,85,51,1
20172018_400.html.csv,164,135,29,0
20172018_400.html.csv,87,62,25,-1
20172018_401.html.csv,74,0,74,0
20172018_402.html.csv,103,0,103,0
20172018_403.html.csv,117,116,1,1
20172018_408.html.csv,123,123,0,-1
20172018_408.html.csv,112,106,6,1
20172018_408.html.csv,76,52,24,-1
20172018_408.html.csv,2,0,2,0
20172018_41.html.csv,147,0,147,0
20172018_410.html.csv,386,386,0,2
20172018_414.html.csv,179,129,50,0
20172018_414.html.csv,119,0,119,0
20172018_416.html.csv,64,64,0,0
20172018_416.html.csv,50,0,50,0
20172018_418.html.csv,0,0,0,0
20172018_42.html.csv,161,161,0,2
20172018_42.html.csv,0,0,0,0
20172018_422.html.csv,111,33,78,-1
20172018_422.html.csv,10,0,10,0
20172018_425.html.csv,124,124,0,-2
20172018_428.html.csv,93,39,54,-1
20172018_429.html.csv,167,95,72,-1
20172018_43.html.csv,175,2,173,-1
20172018_431.html.csv,83,70,13,1
20172018_434.html.csv,467,464,3,2
20172018_434.html.csv,97,63,34,-2
20172018_435.html.csv,121,48,73,-1
20172018_436.html.csv,106,62,44,-1
20172018_437.html.csv,93,10,83,1
20172018_439.html.csv,43,0,43,0
20172018_440.html.csv,500,489,11,2
20172018_440.html.csv,51,0,51,0
20172018_441.html.csv,94,40,54,1
20172018_444.html.csv,70,42,28,-1
20172018_445.html.csv,247,242,5,1
20172018_448.html.csv,367,345,22,1
20172018_448.html.csv,314,241,73,-1
20172018_448.html.csv,191,140,51,-1
20172018_450.html.csv,168,168,0,1
20172018_450.html.csv,99,0,99,0
20172018_452.html.csv,141,91,50,0
20172018_452.html.csv,80,43,37,-1
20172018_453.html.csv,51,24,27,-1
20172018_455.html.csv,455,454,1,2
20172018_455.html.csv,178,142,36,1
20172018_456.html.csv,26,0,26,0
20172018_457.html.csv,66,0,66,0
20172018_458.html.csv,94,87,7,1
20172018_46.html.csv,476,459,17,0
20172018_460.html.csv,173,173,0,0
20172018_460.html.csv,165,0,165,0
20172018_462.html.csv,117,89,28,-1
20172018_462.html.csv,57,57,0,0
20172018_462.html.csv,26,0,26,1
20172018_465.html.csv,89,0,89,0
20172018_466.html.csv,127,127,0,0
20172018_466.html.csv,107,52,55,1
20172018_466.html.csv,16,0,16,0
20172018_467.html.csv,127,127,0,2
20172018_468.html.csv,102,16,86,-1
20172018_469.html.csv,45,45,0,-1
20172018_47.html.csv,80,67,13,0
20172018_47.html.csv,38,0,38,0
20172018_471.html.csv,150,93,57,0
20172018_471.html.csv,63,22,41,-1
20172018_475.html.csv,0,0,0,0
20172018_477.html.csv,152,86,66,1
20172018_479.html.csv,521,521,0,2
20172018_479.html.csv,161,155,6,0
20172018_479.html.csv,112,89,23,-1
20172018_48.html.csv,103,94,9,-1
20172018_48.html.csv,70,70,0,-1
20172018_480.html.csv,116,0,116,0
20172018_481.html.csv,87,1,86,-1
20172018_483.html.csv,95,0,95,0
20172018_484.html.csv,336,334,2,2
20172018_484.html.csv,213,113,100,0
20172018_484.html.csv,104,0,104,0
20172018_486.html.csv,0,0,0,0
20172018_487.html.csv,38,0,38,0
20172018_49.html.csv,85,0,85,0
20172018_490.html.csv,0,0,0,0
20172018_492.html.csv,230,120,110,-1
20172018_493.html.csv,95,54,41,-1
20172018_494.html.csv,159,37,122,-2
20172018_496.html.csv,124,123,1,-2
20172018_496.html.csv,0,0,0,0
20172018_498.html.csv,140,11,129,-1
20172018_499.html.csv,78,13,65,1
20172018_5.html.csv,29,0,29,0
20172018_501.html.csv,48,0,48,0
20172018_503.html.csv,35,0,35,0
20172018_504.html.csv,15,6,9,-1
20172018_505.html.csv,88,0,88,0
20172018_506.html.csv,120,0,120,-2
20172018_51.html.csv,91,58,33,-2
20172018_510.html.csv,135,130,5,-1
20172018_510.html.csv,53,28,25,-1
20172018_512.html.csv,118,7,111,-1
20172018_514.html.csv,93,0,93,-1
20172018_515.html.csv,75,8,67,-1
20172018_517.html.csv,131,111,20,-1
20172018_517.html.csv,98,31,67,-1
20172018_518.html.csv,96,89,7,0
20172018_518.html.csv,36,29,7,-1
20172018_520.html.csv,76,0,76,0
20172018_521.html.csv,75,2,73,-1
20172018_523.html.csv,102,0,102,0
20172018_524.html.csv,101,61,40,1
20172018_524.html.csv,18,11,7,-1
20172018_526.html.csv,156,0,156,0
20172018_527.html.csv,126,0,126,0
20172018_528.html.csv,39,0,39,0
20172018_53.html.csv,233,114,119,-1
20172018_531.html.csv,75,75,0,1
20172018_539.html.csv,107,67,40,-1
20172018_539.html.csv,46,32,14,1
20172018_539.html.csv,9,1,8,-1
20172018_54.html.csv,253,244,9,-1
20172018_54.html.csv,128,121,7,-1
20172018_540.html.csv,164,6,158,-1
20172018_541.html.csv,153,152,1,2
20172018_541.html.csv,101,56,45,0
20172018_541.html.csv,56,1,55,2
20172018_542.html.csv,413,411,2,2
20172018_542.html.csv,62,61,1,1
20172018_543.html.csv,38,14,24,-1
20172018_545.html.csv,86,53,33,-1
20172018_546.html.csv,105,71,34,2
20172018_546.html.csv,14,0,14,0
20172018_55.html.csv,71,5,66,-1
20172018_550.html.csv,517,516,1,2
20172018_550.html.csv,73,0,73,0
20172018_552.html.csv,155,118,37,-1
20172018_553.html.csv,2,0,2,0
20172018_556.html.csv,53,53,0,-1
20172018_556.html.csv,13,13,0,2
20172018_557.html.csv,132,11,121,0
20172018_559.html.csv,74,23,51,-1
20172018_56.html.csv,104,94,10,-1
20172018_56.html.csv,31,0,31,0
20172018_560.html.csv,71,69,2,1
20172018_560.html.csv,2,0,2,0
20172018_563.html.csv,84,84,0,-1
20172018_564.html.csv,52,2,50,2
20172018_565.html.csv,53,45,8,-1
20172018_565.html.csv,0,0,0,0
20172018_566.html.csv,143,0,143,0
20172018_567.html.csv,119,0,119,0
20172018_568.html.csv,182,73,109,-1
20172018_57.html.csv,83,0,83,0
20172018_570.html.csv,149,0,149,0
20172018_571.html.csv,188,122,66,1
20172018_571.html.csv,42,0,42,0
20172018_572.html.csv,459,459,0,2
20172018_572.html.csv,158,150,8,-1
20172018_572.html.csv,76,76,0,0
20172018_577.html.csv,112,76,36,2
20172018_577.html.csv,15,15,0,0
20172018_577.html.csv,0,0,0,0
20172018_579.html.csv,118,33,85,-1
20172018_580.html.csv,81,0,81,0
20172018_581.html.csv,491,491,0,2
20172018_581.html.csv,107,51,56,-1
20172018_581.html.csv,0,0,0,0
20172018_582.html.csv,79,0,79,0
20172018_583.html.csv,111,99,12,-1
20172018_583.html.csv,70,0,70,0
20172018_584.html.csv,165,115,50,1
20172018_585.html.csv,139,139,0,1
20172018_585.html.csv,58,55,3,1
20172018_586.html.csv,148,40,108,0
20172018_586.html.csv,28,0,28,0
20172018_588.html.csv,134,0,134,0
20172018_589.html.csv,75,41,34,-1
20172018_59.html.csv,6,6,0,-1
20172018_590.html.csv,108,72,36,2
20172018_591.html.csv,164,140,24,-1
20172018_592.html.csv,58,0,58,0
20172018_593.html.csv,107,96,11,-1
20172018_598.html.csv,97,51,46,-1
20172018_599.html.csv,109,106,3,1
20172018_60.html.csv,24,1,23,-1
20172018_602.html.csv,110,0,110,0
20172018_603.html.csv,133,133,0,-1
20172018_605.html.csv,115,115,0,2
20172018_608.html.csv,185,185,0,-1
20172018_609.html.csv,73,0,73,0
20172018_610.html.csv,55,33,22,1
20172018_613.html.csv,171,143,28,-1
20172018_615.html.csv,99,54,45,-1
20172018_615.html.csv,35,5,30,-1
20172018_616.html.csv,46,0,46,0
20172018_618.html.csv,98,67,31,0
20172018_621.html.csv,115,0,115,0
20172018_623.html.csv,84,0,84,0
20172018_624.html.csv,0,0,0,0
20172018_625.html.csv,140,91,49,1
20172018_625.html.csv,58,0,58,0
20172018_630.html.csv,117,117,0,-2
20172018_630.html.csv,75,14,61,0
20172018_631.html.csv,98,0,98,0
20172018_632.html.csv,92,0,92,0
20172018_633.html.csv,324,271,53,1
20172018_633.html.csv,142,123,19,0
20172018_633.html.csv,97,15,82,-1
20172018_636.html.csv,110,110,0,2
20172018_638.html.csv,18,6,12,0
20172018_64.html.csv,96,90,6,0
20172018_64.html.csv,81,50,31,2
20172018_640.html.csv,497,493,4,2
20172018_640.html.csv,9,0,9,0
20172018_641.html.csv,68,68,0,0
20172018_641.html.csv,46,0,46,0
20172018_643.html.csv,82,75,7,-1
20172018_643.html.csv,51,33,18,-1
20172018_646.html.csv,210,192,18,-1
20172018_647.html.csv,130,94,36,1
20172018_648.html.csv,82,82,0,0
20172018_648.html.csv,75,59,16,-1
20172018_65.html.csv,184,57,127,1
20172018_65.html.csv,6,0,6,0
20172018_651.html.csv,119,0,119,0
20172018_653.html.csv,131,65,66,-1
20172018_654.html.csv,195,32,163,0
20172018_656.html.csv,85,78,7,1
20172018_656.html.csv,57,52,5,0
20172018_656.html.csv,42,0,42,0
20172018_657.html.csv,452,451,1,2
20172018_657.html.csv,145,124,21,-1
20172018_658.html.csv,100,0,100,0
20172018_659.html.csv,395,395,0,2
20172018_659.html.csv,144,144,0,2
20172018_660.html.csv,142,65,77,0
20172018_660.html.csv,55,26,29,0
20172018_660.html.csv,13,8,5,0
20172018_661.html.csv,325,325,0,2
20172018_661.html.csv,0,0,0,0
20172018_662.html.csv,84,6,78,-1
20172018_663.html.csv,548,546,2,1
20172018_663.html.csv,446,446,0,2
20172018_663.html.csv,106,89,17,-1
20172018_663.html.csv,74,0,74,0
20172018_665.html.csv,138,9,129,-1
20172018_666.html.csv,110,46,64,-1
20172018_668.html.csv,101,0,101,0
20172018_669.html.csv,107,94,13,0
20172018_669.html.csv,69,20,49,-1
20172018_67.html.csv,86,0,86,0
20172018_675.html.csv,76,76,0,2
20172018_677.html.csv,88,88,0,-1
20172018_677.html.csv,7,0,7,0
20172018_678.html.csv,137,16,121,1
20172018_679.html.csv,119,119,0,-1
20172018_68.html.csv,104,0,104,0
20172018_684.html.csv,163,0,163,0
20172018_685.html.csv,179,20,159,-1
20172018_686.html.csv,453,453,0,2
20172018_687.html.csv,91,57,34,1
20172018_69.html.csv,76,39,37,-1
20172018_69.html.csv,14,0,14,0
20172018_690.html.csv,291,0,291,0
20172018_691.html.csv,99,0,99,0
20172018_693.html.csv,213,194,19,-1
20172018_694.html.csv,397,397,0,-2
20172018_694.html.csv,114,1,113,-1
20172018_695.html.csv,493,493,0,2
20172018_696.html.csv,142,135,7,0
20172018_696.html.csv,93,61,32,-1
20172018_697.html.csv,117,39,78,2
20172018_699.html.csv,125,125,0,1
20172018_7.html.csv,77,3,74,-1
20172018_700.html.csv,115,78,37,-1
20172018_703.html.csv,576,576,0,2
20172018_703.html.csv,166,59,107,2
20172018_704.html.csv,0,0,0,0
20172018_706.html.csv,137,78,59,-1
20172018_706.html.csv,62,54,8,1
20172018_706.html.csv,42,0,42,0
20172018_707.html.csv,92,0,92,0
20172018_709.html.csv,130,98,32,0
20172018_709.html.csv,43,2,41,2
20172018_710.html.csv,72,44,28,0
20172018_710.html.csv,12,1,11,-1
20172018_712.html.csv,93,35,58,-1
20172018_713.html.csv,102,95,7,0
20172018_713.html.csv,82,0,82,0
20172018_716.html.csv,134,0,134,0
20172018_717.html.csv,111,0,111,0
20172018_719.html.csv,80,59,21,-1
20172018_72.html.csv,121,120,1,2
20172018_720.html.csv,172,163,9,-1
20172018_725.html.csv,122,49,73,0
20172018_725.html.csv,36,18,18,-1
20172018_726.html.csv,147,54,93,-1
20172018_726.html.csv,22,0,22,0
20172018_728.html.csv,128,0,128,0
20172018_729.html.csv,73,0,73,0
20172018_731.html.csv,210,210,0,2
20172018_732.html.csv,229,229,0,0
20172018_732.html.csv,79,45,34,0
20172018_732.html.csv,40,0,40,0
20172018_733.html.csv,154,0,154,0
20172018_734.html.csv,103,96,7,-1
20172018_736.html.csv,169,146,23,-1
20172018_74.html.csv,224,222,2,2
20172018_741.html.csv,129,127,2,-2
20172018_741.html.csv,62,62,0,0
20172018_742.html.csv,174,141,33,-1
20172018_746.html.csv,353,343,10,2
20172018_749.html.csv,108,0,108,0
20172018_75.html.csv,37,13,24,-1
20172018_750.html.csv,0,0,0,0
20172018_751.html.csv,156,103,53,0
20172018_751.html.csv,90,19,71,-1
20172018_752.html.csv,62,4,58,-2
20172018_753.html.csv,68,0,68,0
20172018_754.html.csv,449,433,16,2
20172018_756.html.csv,86,0,86,0
20172018_757.html.csv,450,446,4,2
20172018_757.html.csv,256,256,0,2
20172018_758.html.csv,69,16,53,0
20172018_758.html.csv,16,0,16,0
20172018_76.html.csv,132,110,22,-1
20172018_76.html.csv,84,0,84,0
20172018_760.html.csv,86,50,36,1
20172018_760.html.csv,30,0,30,-2
20172018_761.html.csv,55,7,48,1
20172018_762.html.csv,32,6,26,-1
20172018_763.html.csv,173,71,102,-1
20172018_764.html.csv,168,73,95,-1
20172018_765.html.csv,4,0,4,0
20172018_768.html.csv,93,15,78,0
20172018_769.html.csv,119,0,119,0
20172018_77.html.csv,72,14,58,1
20172018_771.html.csv,53,53,0,-1
20172018_775.html.csv,163,0,163,0
20172018_776.html.csv,128,92,36,1
20172018_776.html.csv,65,1,64,-1
20172018_778.html.csv,46,0,46,0
20172018_78.html.csv,96,50,46,0
20172018_78.html.csv,24,24,0,-1
20172018_781.html.csv,122,54,68,1
20172018_785.html.csv,270,270,0,2
20172018_785.html.csv,68,28,40,1
20172018_786.html.csv,141,96,45,-1
20172018_787.html.csv,153,0,153,0
20172018_79.html.csv,37,0,37,0
20172018_790.html.csv,94,0,94,0
20172018_791.html.csv,176,89,87,-1
20172018_793.html.csv,77,9,68,2
20172018_793.html.csv,9,3,6,1
20172018_794.html.csv,183,99,84,-1
20172018_795.html.csv,11,0,11,0
20172018_797.html.csv,112,0,112,0
20172018_798.html.csv,74,0,74,0
20172018_799.html.csv,68,18,50,-1
20172018_80.html.csv,0,0,0,0
20172018_800.html.csv,198,166,32,-2
20172018_803.html.csv,19,0,19,0
20172018_805.html.csv,82,0,82,0
20172018_807.html.csv,129,0,129,0
20172018_808.html.csv,140,54,86,-1
20172018_809.html.csv,128,43,85,1
20172018_81.html.csv,363,363,0,2
20172018_810.html.csv,88,65,23,-2
20172018_812.html.csv,103,15,88,1
20172018_813.html.csv,76,59,17,0
20172018_813.html.csv,30,20,10,0
20172018_815.html.csv,31,0,31,0
20172018_816.html.csv,96,0,96,0
20172018_817.html.csv,158,84,74,1
20172018_817.html.csv,45,0,45,0
20172018_818.html.csv,88,42,46,-1
20172018_818.html.csv,21,0,21,0
20172018_82.html.csv,56,56,0,1
20172018_820.html.csv,137,0,137,0
20172018_821.html.csv,111,111,0,-1
20172018_821.html.csv,78,0,78,1
20172018_822.html.csv,48,4,44,-1
20172018_825.html.csv,103,103,0,-1
20172018_825.html.csv,78,60,18,-1
20172018_826.html.csv,15,0,15,0
20172018_827.html.csv,50,0,50,0
20172018_828.html.csv,96,56,40,-1
20172018_83.html.csv,195,97,98,-1
20172018_831.html.csv,194,192,2,2
20172018_832.html.csv,80,19,61,1
20172018_833.html.csv,129,58,71,-1
20172018_833.html.csv,15,0,15,0
20172018_835.html.csv,54,29,25,1
20172018_836.html.csv,106,92,14,2
20172018_837.html.csv,147,99,48,0
20172018_837.html.csv,59,54,5,-2
20172018_838.html.csv,181,0,181,0
20172018_84.html.csv,126,22,104,-1
20172018_840.html.csv,83,68,15,2
20172018_841.html.csv,118,73,45,1
20172018_842.html.csv,71,51,20,0
20172018_842.html.csv,9,0,9,0
20172018_843.html.csv,59,59,0,1
20172018_843.html.csv,36,29,7,-1
20172018_844.html.csv,99,82,17,-1
20172018_845.html.csv,100,74,26,1
20172018_846.html.csv,577,568,9,2
20172018_846.html.csv,69,0,69,0
20172018_847.html.csv,124,14,110,0
20172018_849.html.csv,267,0,267,0
20172018_85.html.csv,20,0,20,0
20172018_851.html.csv,72,72,0,-1
20172018_852.html.csv,136,75,61,2
20172018_853.html.csv,178,168,10,-1
20172018_854.html.csv,85,82,3,0
20172018_854.html.csv,43,0,43,-1
20172018_856.html.csv,574,558,16,2
20172018_856.html.csv,191,172,19,1
20172018_856.html.csv,133,0,133,0
20172018_857.html.csv,78,39,39,-1
20172018_858.html.csv,32,2,30,2
20172018_859.html.csv,146,146,0,-1
20172018_860.html.csv,133,89,44,0
20172018_860.html.csv,54,54,0,1
20172018_861.html.csv,107,0,107,0
20172018_862.html.csv,76,60,16,-1
20172018_863.html.csv,134,131,3,2
20172018_864.html.csv,240,226,14,-1
20172018_865.html.csv,66,66,0,0
20172018_865.html.csv,51,8,43,-1
20172018_867.html.csv,89,81,8,1
20172018_868.html.csv,115,65,50,-1
20172018_870.html.csv,19,0,19,0
20172018_872.html.csv,51,0,51,0
20172018_873.html.csv,89,77,12,-2
20172018_874.html.csv,175,76,99,-1
20172018_875.html.csv,108,0,108,0
20172018_876.html.csv,180,107,73,-1
20172018_877.html.csv,128,0,128,0
20172018_878.html.csv,0,0,0,0
20172018_88.html.csv,101,52,49,-1
20172018_88.html.csv,35,0,35,0
20172018_880.html.csv,402,402,0,2
20172018_881.html.csv,55,25,30,-1
20172018_882.html.csv,95,31,64,1
20172018_884.html.csv,12,0,12,0
20172018_885.html.csv,182,134,48,-1
20172018_886.html.csv,119,0,119,0
20172018_89.html.csv,161,156,5,2
20172018_89.html.csv,32,0,32,0
20172018_891.html.csv,126,32,94,-1
20172018_893.html.csv,61,6,55,0
20172018_894.html.csv,174,151,23,0
20172018_894.html.csv,117,0,117,0
20172018_897.html.csv,82,0,82,0
20172018_898.html.csv,485,484,1,2
20172018_898.html.csv,116,0,116,0
20172018_899.html.csv,134,0,134,0
20172018_9.html.csv,98,16,82,-2
20172018_90.html.csv,105,0,105,1
20172018_901.html.csv,137,135,2,2
20172018_901.html.csv,90,79,11,-1
20172018_901.html.csv,65,24,41,0
20172018_902.html.csv,598,598,0,2
20172018_906.html.csv,95,86,9,-1
20172018_906.html.csv,76,0,76,0
20172018_907.html.csv,111,78,33,1
20172018_909.html.csv,14,0,14,0
20172018_91.html.csv,71,43,28,-1
20172018_911.html.csv,42,0,42,0
20172018_912.html.csv,110,83,27,2
20172018_913.html.csv,75,26,49,-1
20172018_913.html.csv,21,0,21,1
20172018_915.html.csv,172,172,0,2
20172018_916.html.csv,173,0,173,0
20172018_917.html.csv,149,0,149,0
20172018_918.html.csv,24,0,24,0
20172018_919.html.csv,104,26,78,0
20172018_92.html.csv,209,188,21,-1
20172018_920.html.csv,85,85,0,1
20172018_921.html.csv,15,0,15,0
20172018_922.html.csv,97,28,69,2
20172018_923.html.csv,141,0,141,0
20172018_924.html.csv,128,128,0,0
20172018_924.html.csv,109,53,56,2
20172018_924.html.csv,24,24,0,0
20172018_924.html.csv,13,0,13,0
20172018_928.html.csv,216,0,216,0
20172018_93.html.csv,221,52,169,-1
20172018_931.html.csv,89,78,11,-1
20172018_931.html.csv,31,10,21,0
20172018_932.html.csv,88,6,82,0
20172018_933.html.csv,105,77,28,-1
20172018_933.html.csv,49,0,49,0
20172018_934.html.csv,82,0,82,0
20172018_935.html.csv,178,176,2,2
20172018_936.html.csv,20,0,20,-2
20172018_939.html.csv,2,0,2,2
20172018_940.html.csv,90,60,30,-1
20172018_940.html.csv,26,0,26,0
20172018_944.html.csv,50,31,19,-1
20172018_945.html.csv,124,111,13,-1
20172018_946.html.csv,574,574,0,2
20172018_946.html.csv,14,0,14,0
20172018_948.html.csv,26,0,26,0
20172018_950.html.csv,111,49,62,-2
20172018_951.html.csv,47,0,47,0
20172018_952.html.csv,93,0,93,0
20172018_953.html.csv,132,132,0,-1
20172018_954.html.csv,110,92,18,0
20172018_954.html.csv,66,66,0,0
20172018_954.html.csv,30,0,30,0
20172018_955.html.csv,1,0,1,0
20172018_956.html.csv,61,61,0,-1
20172018_956.html.csv,32,0,32,0
20172018_957.html.csv,67,59,8,-1
20172018_957.html.csv,18,0,18,0
20172018_958.html.csv,112,0,112,0
20172018_962.html.csv,96,7,89,1
20172018_963.html.csv,94,0,94,0
20172018_964.html.csv,262,261,1,2
20172018_967.html.csv,395,395,0,2
20172018_967.html.csv,155,76,79,1
20172018_967.html.csv,47,45,2,-1
20172018_968.html.csv,83,11,72,1
20172018_97.html.csv,66,66,0,2
20172018_970.html.csv,99,0,99,0
20172018_971.html.csv,126,65,61,0
20172018_971.html.csv,34,0,34,0
20172018_974.html.csv,49,0,49,0
20172018_975.html.csv,102,102,0,2
20172018_977.html.csv,107,55,52,-1
20172018_978.html.csv,126,14,112,0
20172018_979.html.csv,308,307,1,2
20172018_98.html.csv,35,0,35,0
20172018_980.html.csv,219,105,114,1
20172018_980.html.csv,79,79,0,2
20172018_980.html.csv,79,0,79,2
20172018_981.html.csv,194,177,17,2
20172018_981.html.csv,52,17,35,-1
20172018_982.html.csv,92,46,46,1
20172018_985.html.csv,192,127,65,1
20172018_985.html.csv,78,0,78,0
20172018_986.html.csv,100,4,96,1
20172018_988.html.csv,142,11,131,-1
20172018_991.html.csv,97,49,48,-1
20172018_993.html.csv,126,101,25,0
20172018_993.html.csv,88,22,66,-1
20172018_994.html.csv,34,0,34,0
20172018_995.html.csv,247,247,0,2
20172018_996.html.csv,144,0,144,0
20172018_998.html.csv,82,0,82,0
20172018_999.html.csv,119,0,119,0
20182019_100.html.csv,92,0,92,-1
20182019_1001.html.csv,73,38,35,0
20182019_1001.html.csv,0,0,0,0
20182019_1002.html.csv,181,117,64,-1
20182019_1003.html.csv,283,137,146,0
20182019_1003.html.csv,123,84,39,-1
20182019_1005.html.csv,569,569,0,2
20182019_1006.html.csv,185,29,156,-1
20182019_1007.html.csv,106,106,0,0
20182019_1007.html.csv,71,0,71,0
20182019_101.html.csv,77,53,24,0
20182019_101.html.csv,32,32,0,-1
20182019_1012.html.csv,31,0,31,0
20182019_1013.html.csv,39,0,39,0
20182019_1014.html.csv,94,34,60,-1
20182019_1016.html.csv,184,142,42,-1
20182019_1017.html.csv,106,46,60,2
20182019_102.html.csv,82,65,17,-1
20182019_102.html.csv,54,24,30,-1
20182019_1023.html.csv,349,349,0,2
20182019_1024.html.csv,142,138,4,1
20182019_1025.html.csv,26,2,24,-2
20182019_1026.html.csv,100,95,5,1
20182019_1027.html.csv,83,24,59,0
20182019_1028.html.csv,71,0,71,0
20182019_1029.html.csv,191,173,18,0
20182019_1029.html.csv,135,23,112,0
20182019_103.html.csv,599,599,0,2
20182019_103.html.csv,139,100,39,-2
20182019_103.html.csv,100,10,90,2
20182019_1031.html.csv,198,198,0,2
20182019_1031.html.csv,77,64,13,1
20182019_1031.html.csv,35,0,35,0
20182019_1032.html.csv,154,0,154,0
20182019_1033.html.csv,156,156,0,2
20182019_1033.html.csv,7,0,7,0
20182019_1034.html.csv,156,31,125,-1
20182019_1035.html.csv,108,108,0,0
20182019_1035.html.csv,91,49,42,-1
20182019_1035.html.csv,14,0,14,0
20182019_1037.html.csv,169,106,63,-1
20182019_1039.html.csv,263,178,85,-1
20182019_104.html.csv,341,338,3,2
20182019_104.html.csv,125,103,22,0
20182019_104.html.csv,70,42,28,-1
20182019_1040.html.csv,75,0,75,0
20182019_1041.html.csv,276,56,220,0
20182019_1041.html.csv,0,0,0,0
20182019_1043.html.csv,141,105,36,0
20182019_1043.html.csv,75,6,69,-1
20182019_1045.html.csv,102,102,0,2
20182019_1046.html.csv,572,571,1,2
20182019_1046.html.csv,424,423,1,2
20182019_1048.html.csv,145,70,75,-1
20182019_105.html.csv,295,25,270,-1
20182019_1050.html.csv,0,0,0,0
20182019_1051.html.csv,183,56,127,1
20182019_1051.html.csv,3,0,3,0
20182019_1053.html.csv,55,10,45,-1
20182019_1054.html.csv,124,109,15,-1
20182019_1055.html.csv,99,99,0,1
20182019_1055.html.csv,53,53,0,1
20182019_1055.html.csv,31,0,31,0
20182019_1056.html.csv,148,148,0,1
20182019_1056.html.csv,125,20,105,-1
20182019_1057.html.csv,54,17,37,-2
20182019_1058.html.csv,243,226,17,2
20182019_106.html.csv,440,439,1,2
20182019_106.html.csv,185,185,0,2
20182019_1061.html.csv,31,22,9,-1
20182019_1062.html.csv,204,61,143,1
20182019_1062.html.csv,27,21,6,-1
20182019_1063.html.csv,193,152,41,-1
20182019_1064.html.csv,79,31,48,-2
20182019_1064.html.csv,31,0,31,0
20182019_1066.html.csv,92,90,2,-1
20182019_1066.html.csv,61,0,61,0
20182019_1067.html.csv,0,0,0,0
20182019_1070.html.csv,193,147,46,-1
20182019_1072.html.csv,182,0,182,0
20182019_1073.html.csv,95,56,39,-1
20182019_1073.html.csv,26,25,1,0
20182019_1073.html.csv,0,0,0,0
20182019_1074.html.csv,81,47,34,-1
20182019_1075.html.csv,74,49,25,-1
20182019_1076.html.csv,71,71,0,0
20182019_1076.html.csv,40,22,18,-1
20182019_1077.html.csv,496,496,0,2
20182019_1077.html.csv,5,0,5,0
20182019_1079.html.csv,120,4,116,0
20182019_108.html.csv,103,76,27,1
20182019_1080.html.csv,170,91,79,1
20182019_1080.html.csv,69,0,69,0
20182019_1082.html.csv,138,25,113,-1
20182019_1084.html.csv,20,0,20,0
20182019_1085.html.csv,146,146,0,-1
20182019_1086.html.csv,75,57,18,-1
20182019_1086.html.csv,34,0,34,0
20182019_1087.html.csv,116,102,14,1
20182019_1087.html.csv,77,0,77,0
20182019_1088.html.csv,156,127,29,0
20182019_1088.html.csv,76,57,19,0
20182019_1088.html.csv,18,18,0,-1
20182019_1089.html.csv,100,0,100,0
20182019_109.html.csv,121,97,24,-1
20182019_1091.html.csv,149,0,149,0
20182019_1092.html.csv,130,67,63,2
20182019_1093.html.csv,117,74,43,1
20182019_1093.html.csv,31,0,31,0
20182019_1094.html.csv,568,564,4,2
20182019_1094.html.csv,194,187,7,2
20182019_1095.html.csv,20,0,20,0
20182019_1096.html.csv,35,23,12,-1
20182019_1100.html.csv,91,91,0,-2
20182019_1101.html.csv,72,58,14,0
20182019_1101.html.csv,31,0,31,0
20182019_1103.html.csv,120,120,0,0
20182019_1103.html.csv,67,0,67,0
20182019_1105.html.csv,338,338,0,2
20182019_1105.html.csv,123,47,76,-1
20182019_1105.html.csv,16,14,2,-2
20182019_1105.html.csv,14,2,12,-1
20182019_1106.html.csv,37,0,37,0
20182019_1107.html.csv,61,0,61,0
20182019_1108.html.csv,155,155,0,-1
20182019_1109.html.csv,546,546,0,2
20182019_111.html.csv,180,124,56,0
20182019_111.html.csv,103,53,50,-1
20182019_1110.html.csv,66,66,0,-1
20182019_1111.html.csv,143,121,22,0
20182019_1111.html.csv,97,94,3,-1
20182019_1115.html.csv,90,19,71,1
20182019_1116.html.csv,37,0,37,0
20182019_1117.html.csv,504,502,2,2
20182019_1120.html.csv,79,0,79,0
20182019_1121.html.csv,141,141,0,-1
20182019_1124.html.csv,108,54,54,-1
20182019_1124.html.csv,10,0,10,0
20182019_1125.html.csv,65,65,0,-1
20182019_1125.html.csv,44,0,44,-2
20182019_1125.html.csv,0,0,0,0
20182019_1126.html.csv,148,116,32,1
20182019_1128.html.csv,205,129,76,-1
20182019_1129.html.csv,114,114,0,-1
20182019_1129.html.csv,67,12,55,2
20182019_113.html.csv,80,17,63,-1
20182019_1130.html.csv,100,40,60,-1
20182019_1131.html.csv,136,136,0,0
20182019_1131.html.csv,119,51,68,-1
20182019_1131.html.csv,28,26,2,0
20182019_1132.html.csv,82,33,49,-1
20182019_1133.html.csv,102,53,49,1
20182019_1134.html.csv,42,40,2,-1
20182019_1135.html.csv,39,38,1,2
20182019_1136.html.csv,177,146,31,1
20182019_1136.html.csv,84,50,34,-1
20182019_1137.html.csv,110,78,32,-1
20182019_1138.html.csv,117,65,52,-1
20182019_1140.html.csv,64,49,15,-1
20182019_1142.html.csv,125,74,51,-1
20182019_1142.html.csv,44,0,44,0
20182019_1143.html.csv,88,49,39,-1
20182019_1143.html.csv,10,0,10,0
20182019_1145.html.csv,311,311,0,2
20182019_1148.html.csv,91,1,90,0
20182019_1151.html.csv,113,0,113,0
20182019_1152.html.csv,140,140,0,-1
20182019_1152.html.csv,66,0,66,0
20182019_1154.html.csv,525,525,0,2
20182019_1155.html.csv,133,133,0,-1
20182019_1156.html.csv,184,184,0,0
20182019_1156.html.csv,137,27,110,-1
20182019_1159.html.csv,120,0,120,0
20182019_116.html.csv,210,195,15,0
20182019_116.html.csv,136,125,11,-1
20182019_1160.html.csv,86,80,6,2
20182019_1161.html.csv,176,176,0,0
20182019_1161.html.csv,145,140,5,0
20182019_1161.html.csv,96,96,0,-2
20182019_1164.html.csv,124,27,97,0
20182019_1165.html.csv,115,0,115,0
20182019_1169.html.csv,129,0,129,0
20182019_117.html.csv,92,17,75,-1
20182019_1170.html.csv,85,25,60,-1
20182019_1172.html.csv,201,178,23,2
20182019_1173.html.csv,73,0,73,0
20182019_1174.html.csv,142,0,142,0
20182019_1175.html.csv,104,40,64,-1
20182019_1176.html.csv,280,243,37,-1
20182019_1177.html.csv,104,0,104,1
20182019_1178.html.csv,186,147,39,-1
20182019_1179.html.csv,196,27,169,-1
20182019_118.html.csv,105,75,30,-1
20182019_1183.html.csv,120,0,120,0
20182019_1185.html.csv,120,120,0,2
20182019_1186.html.csv,442,442,0,2
20182019_1187.html.csv,562,556,6,2
20182019_1187.html.csv,133,92,41,1
20182019_1187.html.csv,37,0,37,0
20182019_1188.html.csv,53,8,45,2
20182019_119.html.csv,385,385,0,2
20182019_1190.html.csv,107,0,107,0
20182019_1191.html.csv,350,191,159,-1
20182019_1192.html.csv,105,88,17,-1
20182019_1192.html.csv,50,14,36,-1
20182019_1193.html.csv,16,0,16,0
20182019_1196.html.csv,70,0,70,0
20182019_1197.html.csv,130,8,122,-1
20182019_1198.html.csv,103,63,40,1
20182019_1198.html.csv,36,26,10,0
20182019_1198.html.csv,13,0,13,0
20182019_1199.html.csv,173,155,18,-1
20182019_120.html.csv,130,100,30,1
20182019_1200.html.csv,54,51,3,1
20182019_1202.html.csv,89,55,34,0
20182019_1202.html.csv,13,0,13,0
20182019_1203.html.csv,81,19,62,-1
20182019_1204.html.csv,146,139,7,-1
20182019_1206.html.csv,270,270,0,2
20182019_1209.html.csv,56,16,40,-1
20182019_121.html.csv,101,101,0,-1
20182019_1215.html.csv,91,91,0,2
20182019_1216.html.csv,173,33,140,-2
20182019_1216.html.csv,33,0,33,0
20182019_1217.html.csv,179,110,69,-1
20182019_1217.html.csv,93,55,38,0
20182019_1217.html.csv,39,9,30,-1
20182019_1219.html.csv,250,176,74,0
20182019_1219.html.csv,101,58,43,-1
20182019_122.html.csv,142,52,90,-1
20182019_1220.html.csv,143,143,0,2
20182019_1221.html.csv,183,141,42,1
20182019_1221.html.csv,121,27,94,-1
20182019_1221.html.csv,1,0,1,0
20182019_1222.html.csv,93,69,24,-1
20182019_1223.html.csv,574,574,0,2
20182019_1223.html.csv,106,91,15,0
20182019_1225.html.csv,136,47,89,1
20182019_1226.html.csv,172,140,32,1
20182019_1227.html.csv,72,72,0,0
20182019_1227.html.csv,54,44,10,2
20182019_1229.html.csv,108,0,108,0
20182019_1231.html.csv,134,48,86,-1
20182019_1232.html.csv,185,175,10,2
20182019_1232.html.csv,120,0,120,0
20182019_1233.html.csv,173,173,0,0
20182019_1233.html.csv,119,114,5,-1
20182019_1237.html.csv,146,146,0,2
20182019_1238.html.csv,82,45,37,-1
20182019_1238.html.csv,36,36,0,2
20182019_124.html.csv,54,0,54,0
20182019_1240.html.csv,142,39,103,1
20182019_1241.html.csv,84,0,84,0
20182019_1243.html.csv,144,55,89,-1
20182019_1244.html.csv,516,496,20,0
20182019_1246.html.csv,63,0,63,0
20182019_1247.html.csv,172,11,161,0
20182019_1249.html.csv,6,0,6,0
20182019_1250.html.csv,146,129,17,-1
20182019_1252.html.csv,46,0,46,2
20182019_1254.html.csv,93,7,86,1
20182019_1256.html.csv,139,72,67,-1
20182019_1257.html.csv,176,86,90,-1
20182019_1258.html.csv,207,206,1,2
20182019_126.html.csv,75,0,75,0
20182019_1260.html.csv,92,77,15,-1
20182019_1262.html.csv,102,85,17,1
20182019_1263.html.csv,95,68,27,0
20182019_1263.html.csv,44,0,44,0
20182019_1265.html.csv,200,153,47,-1
20182019_1266.html.csv,141,129,12,-1
20182019_1268.html.csv,71,71,0,0
20182019_1268.html.csv,26,0,26,0
20182019_1269.html.csv,82,20,62,2
20182019_1270.html.csv,55,55,0,-1
20182019_1271.html.csv,461,461,0,2
20182019_1271.html.csv,236,186,50,0
20182019_1271.html.csv,160,45,115,-1
20182019_128.html.csv,185,0,185,0
20182019_13.html.csv,117,113,4,-1
20182019_131.html.csv,139,12,127,0
20182019_132.html.csv,93,0,93,0
20182019_134.html.csv,114,114,0,-2
20182019_135.html.csv,47,0,47,0
20182019_138.html.csv,24,24,0,-1
20182019_139.html.csv,143,69,74,-1
20182019_142.html.csv,172,77,95,-1
20182019_143.html.csv,175,175,0,2
20182019_144.html.csv,118,0,118,0
20182019_145.html.csv,78,0,78,0
20182019_148.html.csv,161,0,161,1
20182019_15.html.csv,89,59,30,0
20182019_15.html.csv,42,0,42,0
20182019_150.html.csv,316,316,0,2
20182019_150.html.csv,108,106,2,-1
20182019_150.html.csv,97,0,97,0
20182019_151.html.csv,151,87,64,1
20182019_152.html.csv,179,29,150,-1
20182019_153.html.csv,103,55,48,0
20182019_153.html.csv,27,0,27,0
20182019_154.html.csv,402,402,0,2
20182019_155.html.csv,164,118,46,-1
20182019_156.html.csv,49,42,7,1
20182019_156.html.csv,8,0,8,0
20182019_159.html.csv,19,0,19,0
20182019_160.html.csv,86,24,62,1
20182019_161.html.csv,106,0,106,0
20182019_165.html.csv,98,81,17,0
20182019_165.html.csv,60,6,54,-1
20182019_166.html.csv,149,149,0,0
20182019_166.html.csv,122,40,82,-1
20182019_167.html.csv,137,56,81,1
20182019_168.html.csv,160,0,160,0
20182019_169.html.csv,140,0,140,0
20182019_17.html.csv,76,2,74,-1
20182019_170.html.csv,64,43,21,-1
20182019_170.html.csv,27,0,27,0
20182019_171.html.csv,172,157,15,-1
20182019_173.html.csv,138,138,0,-1
20182019_174.html.csv,78,0,78,0
20182019_175.html.csv,589,586,3,2
20182019_175.html.csv,163,161,2,2
20182019_176.html.csv,213,213,0,2
20182019_176.html.csv,4,4,0,0
20182019_177.html.csv,121,2,119,1
20182019_178.html.csv,113,0,113,0
20182019_179.html.csv,115,0,115,0
20182019_18.html.csv,194,105,89,0
20182019_18.html.csv,41,25,16,-1
20182019_180.html.csv,81,43,38,-1
20182019_180.html.csv,39,0,39,0
20182019_182.html.csv,22,20,2,-1
20182019_183.html.csv,84,20,64,-1
20182019_184.html.csv,121,114,7,0
20182019_184.html.csv,83,50,33,2
20182019_185.html.csv,144,144,0,-1
20182019_186.html.csv,181,0,181,0
20182019_187.html.csv,210,186,24,0
20182019_187.html.csv,152,73,79,2
20182019_187.html.csv,63,63,0,0
20182019_187.html.csv,45,45,0,0
20182019_187.html.csv,24,0,24,0
20182019_189.html.csv,121,26,95,1
20182019_190.html.csv,210,191,19,-1
20182019_191.html.csv,169,158,11,0
20182019_191.html.csv,129,69,60,2
20182019_192.html.csv,91,58,33,-2
20182019_193.html.csv,68,61,7,0
20182019_193.html.csv,36,36,0,1
20182019_197.html.csv,89,86,3,1
20182019_197.html.csv,30,0,30,0
20182019_198.html.csv,142,108,34,2
20182019_199.html.csv,320,318,2,2
20182019_20.html.csv,115,89,26,-1
20182019_202.html.csv,122,0,122,0
20182019_203.html.csv,134,105,29,2
20182019_204.html.csv,204,15,189,0
20182019_207.html.csv,289,284,5,1
20182019_207.html.csv,100,100,0,2
20182019_208.html.csv,123,111,12,-1
20182019_208.html.csv,95,0,95,0
20182019_209.html.csv,33,32,1,1
20182019_21.html.csv,112,0,112,0
20182019_213.html.csv,122,63,59,2
20182019_214.html.csv,137,109,28,-1
20182019_215.html.csv,153,35,118,-1
20182019_216.html.csv,62,0,62,0
20182019_217.html.csv,329,114,215,-1
20182019_218.html.csv,290,255,35,2
20182019_218.html.csv,119,119,0,-1
20182019_221.html.csv,201,190,11,-1
20182019_222.html.csv,156,126,30,-1
20182019_223.html.csv,81,77,4,0
20182019_223.html.csv,51,0,51,0
20182019_224.html.csv,14,0,14,0
20182019_225.html.csv,190,174,16,-1
20182019_226.html.csv,111,74,37,2
20182019_228.html.csv,114,49,65,-1
20182019_231.html.csv,155,44,111,0
20182019_231.html.csv,15,0,15,0
20182019_232.html.csv,35,10,25,-1
20182019_233.html.csv,108,0,108,0
20182019_234.html.csv,76,0,76,0
20182019_235.html.csv,114,114,0,2
20182019_237.html.csv,88,43,45,2
20182019_240.html.csv,174,86,88,-1
20182019_242.html.csv,161,147,14,1
20182019_242.html.csv,109,107,2,1
20182019_243.html.csv,113,61,52,-1
20182019_244.html.csv,99,99,0,2
20182019_245.html.csv,151,151,0,2
20182019_246.html.csv,49,0,49,0
20182019_247.html.csv,100,46,54,0
20182019_248.html.csv,102,1,101,-1
20182019_25.html.csv,105,91,14,1
20182019_252.html.csv,50,0,50,0
20182019_253.html.csv,40,0,40,0
20182019_254.html.csv,411,411,0,2
20182019_255.html.csv,92,92,0,-1
20182019_255.html.csv,87,50,37,-2
20182019_258.html.csv,99,52,47,-1
20182019_259.html.csv,544,544,0,2
20182019_26.html.csv,104,75,29,-1
20182019_260.html.csv,139,75,64,2
20182019_262.html.csv,71,0,71,0
20182019_264.html.csv,69,0,69,0
20182019_265.html.csv,141,141,0,0
20182019_265.html.csv,93,67,26,0
20182019_265.html.csv,49,27,22,-1
20182019_267.html.csv,47,0,47,0
20182019_272.html.csv,143,0,143,0
20182019_273.html.csv,140,140,0,0
20182019_273.html.csv,74,17,57,0
20182019_273.html.csv,13,0,13,0
20182019_274.html.csv,284,282,2,2
20182019_274.html.csv,84,60,24,-1
20182019_275.html.csv,249,197,52,0
20182019_275.html.csv,166,63,103,-2
20182019_277.html.csv,153,149,4,1
20182019_277.html.csv,116,21,95,-1
20182019_278.html.csv,221,182,39,-1
20182019_279.html.csv,112,7,105,-2
20182019_28.html.csv,124,98,26,-1
20182019_280.html.csv,323,309,14,-1
20182019_281.html.csv,107,0,107,0
20182019_283.html.csv,159,0,159,0
20182019_284.html.csv,82,0,82,0
20182019_285.html.csv,135,75,60,0
20182019_285.html.csv,51,0,51,0
20182019_29.html.csv,151,110,41,-2
20182019_294.html.csv,48,0,48,0
20182019_295.html.csv,241,184,57,1
20182019_295.html.csv,131,0,131,0
20182019_296.html.csv,205,0,205,0
20182019_298.html.csv,98,0,98,0
20182019_299.html.csv,57,57,0,-1
20182019_299.html.csv,44,0,44,0
20182019_3.html.csv,128,48,80,-1
20182019_30.html.csv,129,84,45,1
20182019_30.html.csv,39,29,10,1
20182019_301.html.csv,91,42,49,-1
20182019_304.html.csv,42,5,37,0
20182019_305.html.csv,127,59,68,-1
20182019_308.html.csv,99,61,38,-1
20182019_308.html.csv,24,0,24,0
20182019_309.html.csv,137,0,137,0
20182019_31.html.csv,342,342,0,2
20182019_31.html.csv,109,21,88,-1
20182019_312.html.csv,405,404,1,2
20182019_312.html.csv,49,13,36,-2
20182019_313.html.csv,99,30,69,-1
20182019_313.html.csv,5,0,5,0
20182019_314.html.csv,43,0,43,0
20182019_316.html.csv,178,112,66,-1
20182019_318.html.csv,129,98,31,-1
20182019_32.html.csv,98,98,0,-1
20182019_322.html.csv,169,0,169,0
20182019_323.html.csv,112,78,34,-1
20182019_323.html.csv,51,38,13,-1
20182019_325.html.csv,272,272,0,2
20182019_327.html.csv,71,38,33,-1
20182019_327.html.csv,0,0,0,0
20182019_328.html.csv,447,447,0,2
20182019_329.html.csv,186,108,78,-1
20182019_33.html.csv,275,158,117,2
20182019_330.html.csv,84,0,84,0
20182019_332.html.csv,130,122,8,-1
20182019_334.html.csv,103,11,92,1
20182019_335.html.csv,211,0,211,0
20182019_336.html.csv,331,331,0,-2
20182019_336.html.csv,331,331,0,2
20182019_336.html.csv,74,69,5,-1
20182019_337.html.csv,42,17,25,1
20182019_338.html.csv,129,6,123,-2
20182019_339.html.csv,60,30,30,0
20182019_34.html.csv,108,0,108,0
20182019_341.html.csv,152,0,152,0
20182019_342.html.csv,201,120,81,-1
20182019_344.html.csv,137,130,7,-1
20182019_344.html.csv,93,89,4,-2
20182019_344.html.csv,89,89,0,-2
20182019_344.html.csv,89,0,89,0
20182019_347.html.csv,70,68,2,-1
20182019_347.html.csv,44,0,44,0
20182019_349.html.csv,115,0,115,0
20182019_351.html.csv,102,2,100,1
20182019_353.html.csv,10,0,10,0
20182019_355.html.csv,89,0,89,0
20182019_356.html.csv,166,166,0,2
20182019_357.html.csv,8,0,8,0
20182019_360.html.csv,91,66,25,-1
20182019_361.html.csv,32,27,5,-1
20182019_362.html.csv,157,95,62,-1
20182019_362.html.csv,16,0,16,0
20182019_363.html.csv,132,89,43,1
20182019_364.html.csv,150,22,128,-1
20182019_365.html.csv,207,163,44,1
20182019_365.html.csv,108,99,9,-1
20182019_365.html.csv,44,11,33,0
20182019_366.html.csv,145,132,13,1
20182019_366.html.csv,98,91,7,-1
20182019_368.html.csv,62,0,62,0
20182019_369.html.csv,366,366,0,2
20182019_369.html.csv,141,0,141,0
20182019_370.html.csv,23,0,23,0
20182019_371.html.csv,148,0,148,0
20182019_372.html.csv,123,0,123,0
20182019_373.html.csv,122,0,122,0
20182019_377.html.csv,99,0,99,0
20182019_378.html.csv,80,0,80,0
20182019_379.html.csv,90,0,90,0
20182019_38.html.csv,120,120,0,-1
20182019_381.html.csv,134,87,47,0
20182019_381.html.csv,57,29,28,-1
20182019_383.html.csv,117,0,117,0
20182019_385.html.csv,64,0,64,0
20182019_387.html.csv,92,0,92,0
20182019_388.html.csv,54,0,54,0
20182019_389.html.csv,32,0,32,0
20182019_391.html.csv,91,90,1,-1
20182019_391.html.csv,66,23,43,-1
20182019_394.html.csv,40,32,8,-1
20182019_394.html.csv,21,8,13,-1
20182019_395.html.csv,321,308,13,-1
20182019_396.html.csv,122,30,92,-2
20182019_397.html.csv,118,27,91,-1
20182019_4.html.csv,74,24,50,-1
20182019_40.html.csv,0,0,0,0
20182019_400.html.csv,124,116,8,1
20182019_401.html.csv,117,0,117,0
20182019_402.html.csv,77,22,55,-1
20182019_403.html.csv,102,56,46,-1
20182019_403.html.csv,26,0,26,0
20182019_404.html.csv,174,174,0,-1
20182019_406.html.csv,508,508,0,2
20182019_406.html.csv,105,0,105,0
20182019_407.html.csv,76,5,71,0
20182019_409.html.csv,84,0,84,0
20182019_41.html.csv,200,200,0,-1
20182019_410.html.csv,97,59,38,-1
20182019_410.html.csv,34,0,34,0
20182019_411.html.csv,94,78,16,0
20182019_411.html.csv,33,0,33,0
20182019_412.html.csv,113,53,60,-1
20182019_414.html.csv,77,0,77,0
20182019_415.html.csv,196,165,31,2
20182019_418.html.csv,66,3,63,-1
20182019_419.html.csv,312,179,133,-2
20182019_42.html.csv,112,35,77,-1
20182019_423.html.csv,16,0,16,0
20182019_424.html.csv,64,7,57,-1
20182019_425.html.csv,97,0,97,0
20182019_426.html.csv,114,56,58,1
20182019_427.html.csv,94,91,3,-1
20182019_427.html.csv,40,0,40,0
20182019_43.html.csv,115,115,0,-1
20182019_430.html.csv,186,94,92,-1
20182019_433.html.csv,152,152,0,-1
20182019_434.html.csv,117,105,12,1
20182019_434.html.csv,31,0,31,0
20182019_435.html.csv,200,43,157,2
20182019_436.html.csv,107,3,104,-1
20182019_437.html.csv,64,0,64,0
20182019_438.html.csv,123,0,123,0
20182019_439.html.csv,61,8,53,-1
20182019_440.html.csv,113,0,113,0
20182019_441.html.csv,130,0,130,0
20182019_443.html.csv,132,74,58,-1
20182019_443.html.csv,74,74,0,-2
20182019_448.html.csv,118,0,118,0
20182019_45.html.csv,139,35,104,-1
20182019_452.html.csv,60,51,9,-1
20182019_452.html.csv,24,0,24,0
20182019_453.html.csv,208,180,28,-1
20182019_457.html.csv,47,0,47,0
20182019_458.html.csv,118,58,60,1
20182019_459.html.csv,54,0,54,0
20182019_460.html.csv,590,590,0,2
20182019_460.html.csv,96,96,0,0
20182019_462.html.csv,156,6,150,0
20182019_463.html.csv,123,39,84,-1
20182019_465.html.csv,54,0,54,0
20182019_469.html.csv,59,0,59,0
20182019_47.html.csv,51,0,51,0
20182019_470.html.csv,69,0,69,0
20182019_471.html.csv,114,17,97,0
20182019_473.html.csv,85,5,80,-1
20182019_474.html.csv,67,67,0,1
20182019_474.html.csv,5,0,5,0
20182019_475.html.csv,70,0,70,0
20182019_476.html.csv,142,62,80,-1
20182019_476.html.csv,26,21,5,-1
20182019_477.html.csv,418,418,0,2
20182019_477.html.csv,116,68,48,1
20182019_477.html.csv,39,7,32,1
20182019_478.html.csv,261,56,205,0
20182019_478.html.csv,31,31,0,-1
20182019_479.html.csv,199,162,37,2
20182019_479.html.csv,111,111,0,0
20182019_479.html.csv,80,0,80,0
20182019_48.html.csv,128,128,0,2
20182019_481.html.csv,119,119,0,-1
20182019_481.html.csv,111,0,111,0
20182019_483.html.csv,119,119,0,0
20182019_483.html.csv,83,73,10,0
20182019_486.html.csv,92,0,92,0
20182019_489.html.csv,88,6,82,-1
20182019_490.html.csv,140,128,12,-2
20182019_493.html.csv,16,8,8,1
20182019_494.html.csv,36,36,0,-1
20182019_495.html.csv,21,0,21,0
20182019_496.html.csv,149,149,0,-1
20182019_497.html.csv,127,100,27,1
20182019_498.html.csv,107,102,5,0
20182019_498.html.csv,63,63,0,1
20182019_5.html.csv,303,39,264,2
20182019_50.html.csv,58,5,53,0
20182019_501.html.csv,595,595,0,2
20182019_502.html.csv,137,91,46,1
20182019_503.html.csv,125,83,42,-1
20182019_503.html.csv,68,0,68,0
20182019_504.html.csv,405,405,0,2
20182019_504.html.csv,284,271,13,-1
20182019_506.html.csv,329,329,0,2
20182019_506.html.csv,103,83,20,2
20182019_507.html.csv,308,187,121,-1
20182019_508.html.csv,122,25,97,-1
20182019_511.html.csv,102,102,0,-1
20182019_511.html.csv,93,0,93,0
20182019_512.html.csv,75,49,26,-1
20182019_513.html.csv,47,0,47,0
20182019_516.html.csv,149,144,5,-1
20182019_517.html.csv,162,150,12,-1
20182019_519.html.csv,30,19,11,-1
20182019_52.html.csv,81,21,60,-1
20182019_520.html.csv,108,0,108,0
20182019_521.html.csv,137,135,2,-1
20182019_522.html.csv,169,0,169,0
20182019_523.html.csv,72,0,72,0
20182019_524.html.csv,118,111,7,-1
20182019_525.html.csv,63,0,63,0
20182019_526.html.csv,103,103,0,-1
20182019_527.html.csv,130,5,125,-1
20182019_528.html.csv,123,0,123,0
20182019_53.html.csv,139,72,67,-1
20182019_53.html.csv,38,8,30,-1
20182019_530.html.csv,59,3,56,0
20182019_532.html.csv,171,165,6,2
20182019_532.html.csv,36,0,36,0
20182019_533.html.csv,0,0,0,0
20182019_534.html.csv,191,19,172,-1
20182019_535.html.csv,115,111,4,0
20182019_535.html.csv,83,0,83,0
20182019_536.html.csv,110,110,0,-1
20182019_536.html.csv,88,70,18,-1
20182019_538.html.csv,74,57,17,0
20182019_538.html.csv,16,0,16,0
20182019_539.html.csv,291,276,15,-1
20182019_54.html.csv,152,0,152,2
20182019_540.html.csv,74,67,7,0
20182019_540.html.csv,50,50,0,0
20182019_540.html.csv,15,15,0,-1
20182019_541.html.csv,92,60,32,-1
20182019_543.html.csv,337,337,0,2
20182019_543.html.csv,132,132,0,2
20182019_543.html.csv,7,0,7,0
20182019_544.html.csv,10,0,10,0
20182019_545.html.csv,119,119,0,-1
20182019_546.html.csv,245,245,0,2
20182019_546.html.csv,124,70,54,1
20182019_546.html.csv,47,0,47,0
20182019_547.html.csv,82,74,8,0
20182019_547.html.csv,63,0,63,0
20182019_548.html.csv,115,103,12,0
20182019_548.html.csv,70,38,32,0
20182019_548.html.csv,21,0,21,0
20182019_549.html.csv,121,85,36,1
20182019_550.html.csv,111,31,80,1
20182019_551.html.csv,136,118,18,-1
20182019_552.html.csv,116,20,96,-1
20182019_555.html.csv,143,12,131,-1
20182019_557.html.csv,85,85,0,-1
20182019_558.html.csv,47,0,47,0
20182019_56.html.csv,77,77,0,-2
20182019_560.html.csv,72,72,0,0
20182019_560.html.csv,40,0,40,0
20182019_562.html.csv,103,61,42,-1
20182019_563.html.csv,157,119,38,0
20182019_563.html.csv,106,8,98,1
20182019_564.html.csv,71,60,11,-1
20182019_567.html.csv,198,175,23,1
20182019_569.html.csv,212,145,67,-1
20182019_57.html.csv,387,387,0,2
20182019_57.html.csv,76,76,0,0
20182019_57.html.csv,53,0,53,0
20182019_570.html.csv,97,51,46,-1
20182019_573.html.csv,153,49,104,2
20182019_574.html.csv,144,126,18,-1
20182019_575.html.csv,222,51,171,1
20182019_575.html.csv,45,27,18,-1
20182019_576.html.csv,172,60,112,0
20182019_576.html.csv,48,0,48,0
20182019_577.html.csv,221,221,0,2
20182019_577.html.csv,20,0,20,0
20182019_578.html.csv,101,0,101,0
20182019_579.html.csv,63,23,40,-1
20182019_58.html.csv,44,0,44,0
20182019_580.html.csv,141,141,0,2
20182019_580.html.csv,59,23,36,-1
20182019_581.html.csv,116,54,62,-1
20182019_582.html.csv,63,63,0,0
20182019_582.html.csv,25,0,25,0
20182019_583.html.csv,118,33,85,-1
20182019_584.html.csv,90,47,43,-1
20182019_586.html.csv,152,152,0,-1
20182019_589.html.csv,66,8,58,0
20182019_59.html.csv,542,537,5,1
20182019_590.html.csv,46,0,46,0
20182019_591.html.csv,34,0,34,0
20182019_593.html.csv,442,442,0,2
20182019_593.html.csv,125,0,125,0
20182019_6.html.csv,90,84,6,-1
20182019_6.html.csv,39,35,4,1
20182019_6.html.csv,15,0,15,0
20182019_60.html.csv,82,69,13,1
20182019_601.html.csv,413,413,0,2
20182019_601.html.csv,73,32,41,-1
20182019_602.html.csv,131,62,69,0
20182019_602.html.csv,34,34,0,-2
20182019_603.html.csv,105,0,105,0
20182019_604.html.csv,84,81,3,0
20182019_604.html.csv,60,60,0,-1
20182019_604.html.csv,30,26,4,-1
20182019_605.html.csv,157,0,157,0
20182019_607.html.csv,110,110,0,1
20182019_610.html.csv,111,0,111,0
20182019_612.html.csv,95,33,62,-1
20182019_614.html.csv,33,33,0,-1
20182019_615.html.csv,72,50,22,1
20182019_616.html.csv,62,18,44,-1
20182019_618.html.csv,337,336,1,2
20182019_618.html.csv,69,0,69,0
20182019_619.html.csv,104,0,104,0
20182019_620.html.csv,121,45,76,-1
20182019_620.html.csv,12,0,12,0
20182019_621.html.csv,155,0,155,0
20182019_622.html.csv,110,110,0,-1
20182019_623.html.csv,172,89,83,1
20182019_623.html.csv,55,0,55,0
20182019_625.html.csv,128,53,75,0
20182019_625.html.csv,13,0,13,0
20182019_626.html.csv,165,0,165,0
20182019_629.html.csv,349,279,70,0
20182019_629.html.csv,226,202,24,-1
20182019_630.html.csv,86,76,10,1
20182019_631.html.csv,78,43,35,0
20182019_631.html.csv,14,2,12,-1
20182019_635.html.csv,66,0,66,0
20182019_637.html.csv,59,27,32,2
20182019_638.html.csv,99,99,0,0
20182019_638.html.csv,77,8,69,0
20182019_64.html.csv,90,0,90,0
20182019_640.html.csv,176,45,131,-1
20182019_642.html.csv,237,93,144,1
20182019_642.html.csv,76,76,0,0
20182019_642.html.csv,21,20,1,2
20182019_646.html.csv,202,202,0,2
20182019_646.html.csv,81,62,19,2
20182019_647.html.csv,67,67,0,0
20182019_647.html.csv,21,0,21,0
20182019_648.html.csv,33,30,3,-2
20182019_648.html.csv,4,0,4,0
20182019_649.html.csv,323,280,43,0
20182019_65.html.csv,48,0,48,0
20182019_650.html.csv,92,55,37,0
20182019_650.html.csv,30,27,3,-1
20182019_653.html.csv,138,108,30,-1
20182019_654.html.csv,128,128,0,0
20182019_654.html.csv,92,0,92,0
20182019_655.html.csv,29,0,29,0
20182019_658.html.csv,85,85,0,2
20182019_659.html.csv,37,37,0,0
20182019_659.html.csv,26,0,26,0
20182019_66.html.csv,60,60,0,-1
20182019_661.html.csv,259,207,52,1
20182019_661.html.csv,182,176,6,0
20182019_661.html.csv,156,124,32,-2
20182019_661.html.csv,32,5,27,1
20182019_662.html.csv,79,0,79,0
20182019_664.html.csv,170,0,170,0
20182019_665.html.csv,247,216,31,1
20182019_665.html.csv,175,158,17,-2
20182019_666.html.csv,152,80,72,-1
20182019_669.html.csv,101,38,63,1
20182019_669.html.csv,10,10,0,-1
20182019_67.html.csv,132,88,44,-1
20182019_671.html.csv,104,95,9,-1
20182019_671.html.csv,45,0,45,0
20182019_672.html.csv,57,22,35,-1
20182019_673.html.csv,73,0,73,0
20182019_674.html.csv,21,0,21,0
20182019_676.html.csv,73,63,10,0
20182019_676.html.csv,37,26,11,-1
20182019_678.html.csv,179,158,21,1
20182019_678.html.csv,62,0,62,0
20182019_679.html.csv,100,81,19,0
20182019_679.html.csv,14,8,6,1
20182019_681.html.csv,93,0,93,0
20182019_682.html.csv,141,134,7,0
20182019_682.html.csv,117,58,59,-1
20182019_683.html.csv,123,0,123,0
20182019_684.html.csv,281,281,0,2
20182019_684.html.csv,119,60,59,-1
20182019_684.html.csv,27,0,27,0
20182019_685.html.csv,50,0,50,1
20182019_686.html.csv,58,58,0,-1
20182019_687.html.csv,45,0,45,1
20182019_688.html.csv,14,0,14,0
20182019_689.html.csv,0,0,0,0
20182019_690.html.csv,117,0,117,0
20182019_691.html.csv,125,76,49,-1
20182019_692.html.csv,78,66,12,1
20182019_695.html.csv,147,127,20,0
20182019_695.html.csv,94,0,94,0
20182019_696.html.csv,49,0,49,2
20182019_697.html.csv,149,81,68,-1
20182019_698.html.csv,125,47,78,-1
20182019_70.html.csv,115,114,1,1
20182019_700.html.csv,78,0,78,0
20182019_702.html.csv,587,538,49,0
20182019_702.html.csv,292,52,240,-1
20182019_703.html.csv,147,137,10,-1
20182019_703.html.csv,127,38,89,-1
20182019_706.html.csv,177,171,6,-1
20182019_706.html.csv,108,108,0,-1
20182019_707.html.csv,73,34,39,-1
20182019_708.html.csv,222,77,145,-1
20182019_709.html.csv,180,53,127,0
20182019_710.html.csv,525,525,0,2
20182019_711.html.csv,466,465,1,2
20182019_711.html.csv,274,240,34,2
20182019_714.html.csv,270,96,174,-1
20182019_715.html.csv,95,0,95,0
20182019_718.html.csv,143,73,70,-1
20182019_718.html.csv,46,6,40,-1
20182019_718.html.csv,0,0,0,0
20182019_72.html.csv,152,86,66,0
20182019_72.html.csv,71,0,71,0
20182019_720.html.csv,204,110,94,1
20182019_720.html.csv,56,25,31,-1
20182019_721.html.csv,288,287,1,2
20182019_721.html.csv,227,227,0,2
20182019_721.html.csv,100,62,38,-1
20182019_722.html.csv,480,480,0,2
20182019_722.html.csv,119,102,17,0
20182019_722.html.csv,80,66,14,1
20182019_722.html.csv,50,16,34,-2
20182019_723.html.csv,425,425,0,2
20182019_725.html.csv,133,133,0,-2
20182019_725.html.csv,106,49,57,-1
20182019_726.html.csv,173,52,121,-1
20182019_727.html.csv,129,129,0,-1
20182019_728.html.csv,96,18,78,-1
20182019_729.html.csv,155,51,104,-1
20182019_729.html.csv,30,13,17,0
20182019_73.html.csv,111,0,111,-1
20182019_732.html.csv,145,64,81,1
20182019_732.html.csv,35,2,33,0
20182019_733.html.csv,106,106,0,-1
20182019_733.html.csv,60,0,60,0
20182019_734.html.csv,72,72,0,-1
20182019_735.html.csv,130,83,47,0
20182019_735.html.csv,73,13,60,0
20182019_737.html.csv,105,50,55,-1
20182019_739.html.csv,53,0,53,0
20182019_740.html.csv,122,56,66,1
20182019_740.html.csv,39,0,39,0
20182019_742.html.csv,88,0,88,0
20182019_743.html.csv,170,52,118,-1
20182019_745.html.csv,75,0,75,0
20182019_746.html.csv,70,60,10,2
20182019_747.html.csv,148,0,148,0
20182019_748.html.csv,107,107,0,0
20182019_748.html.csv,84,0,84,0
20182019_750.html.csv,176,164,12,0
20182019_750.html.csv,119,21,98,-1
20182019_751.html.csv,155,109,46,-1
20182019_753.html.csv,114,0,114,0
20182019_754.html.csv,82,38,44,-1
20182019_755.html.csv,173,142,31,-1
20182019_756.html.csv,197,173,24,-1
20182019_757.html.csv,83,13,70,-1
20182019_759.html.csv,97,0,97,0
20182019_76.html.csv,468,414,54,0
20182019_76.html.csv,282,97,185,-1
20182019_760.html.csv,90,1,89,1
20182019_761.html.csv,26,10,16,0
20182019_761.html.csv,0,0,0,0
20182019_762.html.csv,466,466,0,2
20182019_763.html.csv,60,44,16,1
20182019_764.html.csv,204,146,58,1
20182019_764.html.csv,102,31,71,0
20182019_764.html.csv,6,0,6,0
20182019_765.html.csv,135,33,102,-1
20182019_766.html.csv,24,0,24,0
20182019_768.html.csv,509,509,0,2
20182019_768.html.csv,150,0,150,0
20182019_77.html.csv,11,11,0,-1
20182019_771.html.csv,118,8,110,0
20182019_774.html.csv,107,0,107,0
20182019_775.html.csv,116,0,116,0
20182019_776.html.csv,78,0,78,0
20182019_777.html.csv,38,0,38,0
20182019_779.html.csv,82,0,82,0
20182019_781.html.csv,177,167,10,-1
20182019_782.html.csv,189,116,73,-1
20182019_784.html.csv,82,0,82,0
20182019_785.html.csv,27,0,27,-2
20182019_785.html.csv,0,0,0,2
20182019_786.html.csv,158,139,19,1
20182019_786.html.csv,2,0,2,0
20182019_787.html.csv,72,50,22,-1
20182019_788.html.csv,40,24,16,-1
20182019_791.html.csv,62,0,62,0
20182019_792.html.csv,173,0,173,0
20182019_793.html.csv,124,76,48,-1
20182019_794.html.csv,91,91,0,-1
20182019_795.html.csv,139,0,139,0
20182019_796.html.csv,165,157,8,1
20182019_796.html.csv,73,30,43,-1
20182019_798.html.csv,171,0,171,0
20182019_8.html.csv,152,95,57,1
20182019_802.html.csv,75,0,75,0
20182019_804.html.csv,85,55,30,1
20182019_804.html.csv,19,0,19,0
20182019_806.html.csv,60,60,0,1
20182019_807.html.csv,122,0,122,0
20182019_808.html.csv,25,0,25,0
20182019_809.html.csv,59,55,4,-1
20182019_810.html.csv,299,299,0,2
20182019_810.html.csv,138,97,41,1
20182019_811.html.csv,122,0,122,0
20182019_813.html.csv,128,91,37,-1
20182019_814.html.csv,180,0,180,1
20182019_817.html.csv,244,170,74,-1
20182019_818.html.csv,386,386,0,2
20182019_819.html.csv,120,88,32,-1
20182019_82.html.csv,128,116,12,-1
20182019_82.html.csv,97,0,97,0
20182019_821.html.csv,49,0,49,0
20182019_823.html.csv,102,56,46,1
20182019_825.html.csv,355,354,1,2
20182019_826.html.csv,112,18,94,1
20182019_829.html.csv,242,242,0,2
20182019_829.html.csv,95,73,22,0
20182019_829.html.csv,69,31,38,-1
20182019_83.html.csv,87,43,44,-2
20182019_830.html.csv,123,0,123,1
20182019_833.html.csv,117,80,37,-1
20182019_836.html.csv,139,40,99,2
20182019_837.html.csv,86,75,11,-1
20182019_837.html.csv,47,29,18,-1
20182019_839.html.csv,78,0,78,0
20182019_840.html.csv,145,0,145,0
20182019_844.html.csv,155,75,80,1
20182019_844.html.csv,52,0,52,0
20182019_845.html.csv,434,429,5,2
20182019_845.html.csv,93,0,93,0
20182019_847.html.csv,58,0,58,0
20182019_85.html.csv,283,160,123,2
20182019_85.html.csv,38,37,1,1
20182019_85.html.csv,31,13,18,-1
20182019_851.html.csv,176,176,0,2
20182019_851.html.csv,129,0,129,0
20182019_854.html.csv,71,7,64,-1
20182019_855.html.csv,208,208,0,0
20182019_855.html.csv,82,0,82,0
20182019_856.html.csv,79,39,40,0
20182019_856.html.csv,0,0,0,0
20182019_857.html.csv,199,121,78,-1
20182019_858.html.csv,168,96,72,-2
20182019_859.html.csv,161,20,141,-1
20182019_86.html.csv,285,285,0,2
20182019_86.html.csv,11,2,9,0
20182019_861.html.csv,138,0,138,0
20182019_864.html.csv,102,0,102,0
20182019_865.html.csv,180,132,48,-1
20182019_866.html.csv,97,10,87,-1
20182019_87.html.csv,318,317,1,2
20182019_870.html.csv,56,50,6,0
20182019_871.html.csv,119,119,0,0
20182019_872.html.csv,58,0,58,0
20182019_874.html.csv,110,57,53,-1
20182019_875.html.csv,60,60,0,-1
20182019_876.html.csv,106,70,36,0
20182019_876.html.csv,14,0,14,0
20182019_879.html.csv,60,0,60,0
20182019_88.html.csv,51,51,0,-1
20182019_881.html.csv,141,32,109,0
20182019_887.html.csv,299,155,144,-1
20182019_888.html.csv,178,58,120,-1
20182019_889.html.csv,91,0,91,0
20182019_89.html.csv,35,30,5,-1
20182019_891.html.csv,145,91,54,-1
20182019_892.html.csv,89,7,82,1
20182019_893.html.csv,82,0,82,0
20182019_894.html.csv,172,96,76,-1
20182019_896.html.csv,105,104,1,-1
20182019_898.html.csv,184,0,184,0
20182019_90.html.csv,157,127,30,-1
20182019_90.html.csv,111,68,43,-1
20182019_901.html.csv,121,94,27,2
20182019_902.html.csv,92,0,92,0
20182019_904.html.csv,135,0,135,1
20182019_905.html.csv,326,326,0,2
20182019_907.html.csv,121,86,35,-1
20182019_907.html.csv,66,0,66,0
20182019_908.html.csv,183,145,38,-1
20182019_91.html.csv,78,13,65,-1
20182019_910.html.csv,381,381,0,2
20182019_910.html.csv,143,72,71,-1
20182019_914.html.csv,79,0,79,1
20182019_917.html.csv,0,0,0,0
20182019_918.html.csv,55,37,18,-1
20182019_918.html.csv,0,0,0,0
20182019_919.html.csv,142,0,142,0
20182019_920.html.csv,93,0,93,0
20182019_922.html.csv,94,69,25,-1
20182019_923.html.csv,119,31,88,-1
20182019_924.html.csv,109,11,98,1
20182019_925.html.csv,106,86,20,1
20182019_927.html.csv,103,34,69,-2
20182019_929.html.csv,223,1,222,1
20182019_93.html.csv,117,67,50,-1
20182019_930.html.csv,108,29,79,2
20182019_932.html.csv,210,157,53,-1
20182019_933.html.csv,276,274,2,-2
20182019_936.html.csv,49,0,49,0
20182019_937.html.csv,199,44,155,-1
20182019_941.html.csv,110,45,65,0
20182019_941.html.csv,1,0,1,0
20182019_942.html.csv,115,103,12,2
20182019_943.html.csv,85,0,85,0
20182019_944.html.csv,106,86,20,-1
20182019_945.html.csv,87,56,31,-1
20182019_946.html.csv,160,19,141,-1
20182019_95.html.csv,311,140,171,-1
20182019_950.html.csv,161,151,10,-1
20182019_952.html.csv,64,58,6,-1
20182019_952.html.csv,45,23,22,-1
20182019_953.html.csv,113,103,10,0
20182019_953.html.csv,89,20,69,1
20182019_954.html.csv,218,218,0,2
20182019_954.html.csv,73,0,73,0
20182019_955.html.csv,137,74,63,-1
20182019_956.html.csv,71,31,40,1
20182019_957.html.csv,441,441,0,2
20182019_957.html.csv,67,60,7,-1
20182019_958.html.csv,274,274,0,2
20182019_958.html.csv,33,14,19,0
20182019_959.html.csv,0,0,0,0
20182019_961.html.csv,118,31,87,-1
20182019_962.html.csv,116,4,112,0
20182019_963.html.csv,523,523,0,2
20182019_963.html.csv,50,15,35,-2
20182019_964.html.csv,342,342,0,2
20182019_968.html.csv,249,74,175,0
20182019_969.html.csv,108,108,0,-2
20182019_970.html.csv,175,175,0,-1
20182019_973.html.csv,45,45,0,0
20182019_973.html.csv,30,5,25,-1
20182019_975.html.csv,74,64,10,-2
20182019_976.html.csv,194,194,0,2
20182019_976.html.csv,61,40,21,2
20182019_977.html.csv,204,203,1,2
20182019_978.html.csv,122,122,0,-1
20182019_978.html.csv,86,61,25,-1
20182019_98.html.csv,178,107,71,-1
20182019_980.html.csv,504,504,0,2
20182019_980.html.csv,99,0,99,2
20182019_983.html.csv,0,0,0,0
20182019_984.html.csv,1,0,1,-2
20182019_987.html.csv,67,67,0,-1
20182019_987.html.csv,19,0,19,0
20182019_989.html.csv,258,258,0,1
20182019_992.html.csv,282,228,54,-1
20182019_993.html.csv,88,88,0,-1
20182019_993.html.csv,62,0,62,0
20182019_994.html.csv,122,113,9,0
20182019_994.html.csv,89,37,52,-1
20182019_995.html.csv,134,61,73,-1
20182019_996.html.csv,136,106,30,-1
20182019_996.html.csv,69,60,9,1
20182019_996.html.csv,35,32,3,-1
20182019_996.html.csv,27,0,27,0
20182019_997.html.csv,197,197,0,2
20182019_997.html.csv,68,21,47,-1
20182019_998.html.csv,93,0,93,0
20192020_1.html.csv,112,75,37,0
20192020_1.html.csv,31,0,31,0
20192020_10.html.csv,70,0,70,0
20192020_100.html.csv,64,48,16,-1
20192020_1000.html.csv,186,176,10,2
20192020_1000.html.csv,151,0,151,0
20192020_1003.html.csv,136,114,22,-1
20192020_1003.html.csv,95,55,40,-2
20192020_1004.html.csv,99,77,22,1
20192020_1006.html.csv,56,19,37,1
20192020_1007.html.csv,57,57,0,-1
20192020_1008.html.csv,135,134,1,2
20192020_1009.html.csv,150,0,150,0
20192020_101.html.csv,595,595,0,2
20192020_1011.html.csv,95,0,95,0
20192020_1013.html.csv,356,356,0,2
20192020_1013.html.csv,75,11,64,-1
20192020_1014.html.csv,82,82,0,0
20192020_1014.html.csv,29,0,29,0
20192020_1016.html.csv,247,179,68,0
20192020_1016.html.csv,152,108,44,0
20192020_1017.html.csv,106,0,106,0
20192020_1019.html.csv,54,0,54,0
20192020_102.html.csv,117,27,90,-1
20192020_1021.html.csv,84,6,78,-1
20192020_1023.html.csv,19,0,19,0
20192020_1024.html.csv,96,62,34,0
20192020_1024.html.csv,37,0,37,0
20192020_1028.html.csv,178,57,121,-1
20192020_1030.html.csv,136,103,33,1
20192020_1032.html.csv,99,35,64,-1
20192020_1033.html.csv,131,0,131,0
20192020_1036.html.csv,56,43,13,1
20192020_1038.html.csv,142,120,22,1
20192020_1038.html.csv,81,0,81,0
20192020_1039.html.csv,185,0,185,0
20192020_104.html.csv,173,170,3,-1
20192020_1040.html.csv,101,85,16,0
20192020_1040.html.csv,30,0,30,0
20192020_1042.html.csv,118,0,118,0
20192020_1043.html.csv,102,57,45,-1
20192020_1044.html.csv,521,521,0,2
20192020_1044.html.csv,120,0,120,0
20192020_1046.html.csv,50,50,0,0
20192020_1046.html.csv,0,0,0,0
20192020_1047.html.csv,161,156,5,-1
20192020_1048.html.csv,495,495,0,2
20192020_1048.html.csv,191,180,11,1
20192020_1048.html.csv,102,0,102,0
20192020_1050.html.csv,231,11,220,0
20192020_1051.html.csv,83,0,83,0
20192020_1052.html.csv,104,74,30,-1
20192020_1053.html.csv,98,62,36,-1
20192020_1054.html.csv,137,114,23,-1
20192020_1055.html.csv,199,118,81,0
20192020_1055.html.csv,89,56,33,-1
20192020_1055.html.csv,9,0,9,0
20192020_1056.html.csv,151,21,130,-2
20192020_1058.html.csv,34,30,4,-1
20192020_1060.html.csv,436,436,0,2
20192020_1061.html.csv,178,0,178,0
20192020_1062.html.csv,29,18,11,-1
20192020_1063.html.csv,117,102,15,1
20192020_1064.html.csv,530,530,0,2
20192020_1064.html.csv,100,77,23,0
20192020_1064.html.csv,38,0,38,0
20192020_1065.html.csv,107,107,0,2
20192020_1065.html.csv,44,44,0,0
20192020_1065.html.csv,2,0,2,0
20192020_1067.html.csv,105,36,69,-1
20192020_1069.html.csv,86,5,81,0
20192020_1070.html.csv,78,0,78,0
20192020_1071.html.csv,124,14,110,0
20192020_1072.html.csv,86,75,11,-1
20192020_1073.html.csv,153,101,52,0
20192020_1073.html.csv,77,0,77,0
20192020_1075.html.csv,151,0,151,0
20192020_1076.html.csv,276,270,6,2
20192020_1076.html.csv,131,0,131,0
20192020_108.html.csv,75,22,53,-1
20192020_1080.html.csv,134,40,94,-1
20192020_1081.html.csv,579,579,0,2
20192020_1081.html.csv,36,13,23,1
20192020_1082.html.csv,429,406,23,2
20192020_1082.html.csv,122,0,122,0
20192020_109.html.csv,499,498,1,2
20192020_109.html.csv,130,28,102,-1
20192020_11.html.csv,116,69,47,-1
20192020_111.html.csv,105,0,105,0
20192020_112.html.csv,207,0,207,0
20192020_113.html.csv,88,0,88,2
20192020_114.html.csv,268,38,230,1
20192020_114.html.csv,25,23,2,-1
20192020_117.html.csv,203,115,88,-1
20192020_118.html.csv,193,170,23,2
20192020_12.html.csv,485,466,19,2
20192020_12.html.csv,115,87,28,0
20192020_12.html.csv,63,60,3,0
20192020_12.html.csv,22,2,20,0
20192020_120.html.csv,136,55,81,-1
20192020_123.html.csv,78,0,78,0
20192020_124.html.csv,92,0,92,0
20192020_125.html.csv,70,0,70,0
20192020_126.html.csv,128,50,78,-1
20192020_126.html.csv,44,0,44,0
20192020_128.html.csv,54,0,54,0
20192020_131.html.csv,121,107,14,-2
20192020_132.html.csv,143,97,46,0
20192020_132.html.csv,74,73,1,1
20192020_132.html.csv,21,0,21,0
20192020_133.html.csv,115,115,0,2
20192020_135.html.csv,63,63,0,-1
20192020_137.html.csv,144,72,72,-1
20192020_138.html.csv,318,315,3,2
20192020_14.html.csv,52,0,52,0
20192020_140.html.csv,136,98,38,0
20192020_140.html.csv,60,58,2,2
20192020_141.html.csv,112,93,19,1
20192020_142.html.csv,226,105,121,-1
20192020_143.html.csv,152,108,44,-1
20192020_144.html.csv,305,281,24,2
20192020_144.html.csv,46,0,46,0
20192020_145.html.csv,131,21,110,2
20192020_146.html.csv,148,97,51,0
20192020_146.html.csv,76,65,11,1
20192020_146.html.csv,12,12,0,-1
20192020_149.html.csv,152,59,93,-1
20192020_150.html.csv,283,283,0,2
20192020_152.html.csv,135,0,135,0
20192020_154.html.csv,98,98,0,1
20192020_156.html.csv,93,48,45,-1
20192020_157.html.csv,117,100,17,-1
20192020_158.html.csv,100,60,40,2
20192020_158.html.csv,60,1,59,0
20192020_159.html.csv,161,130,31,2
20192020_159.html.csv,6,0,6,0
20192020_16.html.csv,170,127,43,1
20192020_16.html.csv,72,0,72,0
20192020_162.html.csv,146,49,97,-1
20192020_165.html.csv,99,99,0,-1
20192020_165.html.csv,80,21,59,-2
20192020_166.html.csv,192,74,118,-1
20192020_169.html.csv,152,133,19,-1
20192020_170.html.csv,113,84,29,-1
20192020_173.html.csv,154,0,154,0
20192020_174.html.csv,82,45,37,-1
20192020_176.html.csv,333,333,0,2
20192020_18.html.csv,432,427,5,2
20192020_181.html.csv,85,46,39,-1
20192020_182.html.csv,382,306,76,0
20192020_183.html.csv,477,477,0,2
20192020_183.html.csv,27,0,27,0
20192020_184.html.csv,106,42,64,-1
20192020_186.html.csv,62,30,32,-1
20192020_187.html.csv,119,3,116,-1
20192020_188.html.csv,114,96,18,0
20192020_188.html.csv,51,8,43,1
20192020_19.html.csv,75,75,0,1
20192020_190.html.csv,92,14,78,2
20192020_191.html.csv,116,90,26,1
20192020_194.html.csv,69,39,30,1
20192020_195.html.csv,120,118,2,1
20192020_197.html.csv,118,117,1,1
20192020_197.html.csv,93,36,57,-1
20192020_199.html.csv,259,202,57,-1
20192020_200.html.csv,120,112,8,2
20192020_201.html.csv,93,0,93,0
20192020_203.html.csv,40,0,40,0
20192020_205.html.csv,493,493,0,2
20192020_205.html.csv,15,0,15,0
20192020_207.html.csv,28,0,28,0
20192020_21.html.csv,90,0,90,0
20192020_210.html.csv,139,49,90,-1
20192020_210.html.csv,39,19,20,0
20192020_211.html.csv,166,159,7,-1
20192020_212.html.csv,328,292,36,-1
20192020_212.html.csv,222,204,18,0
20192020_212.html.csv,187,124,63,-2
20192020_217.html.csv,168,99,69,1
20192020_218.html.csv,105,57,48,2
20192020_220.html.csv,19,14,5,-1
20192020_224.html.csv,59,0,59,0
20192020_225.html.csv,560,560,0,1
20192020_227.html.csv,80,0,80,0
20192020_228.html.csv,160,13,147,-2
20192020_231.html.csv,175,161,14,1
20192020_233.html.csv,141,132,9,-1
20192020_233.html.csv,74,0,74,0
20192020_234.html.csv,167,114,53,1
20192020_234.html.csv,86,86,0,-1
20192020_234.html.csv,33,0,33,0
20192020_235.html.csv,341,157,184,-1
20192020_24.html.csv,107,0,107,0
20192020_241.html.csv,119,85,34,-1
20192020_241.html.csv,76,0,76,0
20192020_242.html.csv,63,8,55,1
20192020_243.html.csv,353,353,0,0
20192020_243.html.csv,33,33,0,0
20192020_243.html.csv,20,6,14,-1
20192020_246.html.csv,108,108,0,2
20192020_247.html.csv,102,80,22,0
20192020_247.html.csv,23,0,23,0
20192020_248.html.csv,88,88,0,-1
20192020_249.html.csv,50,0,50,0
20192020_25.html.csv,115,15,100,-1
20192020_250.html.csv,108,105,3,-1
20192020_252.html.csv,92,0,92,0
20192020_254.html.csv,86,0,86,0
20192020_255.html.csv,94,94,0,2
20192020_256.html.csv,103,0,103,1
20192020_258.html.csv,127,46,81,-1
20192020_259.html.csv,81,12,69,2
20192020_26.html.csv,131,40,91,-1
20192020_260.html.csv,59,0,59,0
20192020_262.html.csv,382,376,6,2
20192020_265.html.csv,63,0,63,0
20192020_266.html.csv,21,0,21,0
20192020_268.html.csv,462,443,19,2
20192020_268.html.csv,128,97,31,2
20192020_268.html.csv,9,0,9,0
20192020_27.html.csv,29,0,29,0
20192020_270.html.csv,100,76,24,1
20192020_272.html.csv,99,99,0,1
20192020_273.html.csv,100,41,59,1
20192020_277.html.csv,418,418,0,2
20192020_277.html.csv,102,7,95,-1
20192020_278.html.csv,132,91,41,2
20192020_278.html.csv,71,70,1,2
20192020_279.html.csv,121,47,74,-1
20192020_28.html.csv,123,61,62,-1
20192020_281.html.csv,86,26,60,-1
20192020_282.html.csv,148,148,0,-1
20192020_282.html.csv,57,38,19,1
20192020_282.html.csv,23,0,23,0
20192020_284.html.csv,93,93,0,-1
20192020_284.html.csv,64,0,64,0
20192020_285.html.csv,46,0,46,0
20192020_286.html.csv,108,91,17,0
20192020_286.html.csv,54,41,13,1
20192020_288.html.csv,135,94,41,1
20192020_288.html.csv,84,0,84,0
20192020_289.html.csv,121,0,121,0
20192020_29.html.csv,111,46,65,2
20192020_291.html.csv,116,68,48,0
20192020_291.html.csv,29,0,29,0
20192020_292.html.csv,108,51,57,0
20192020_293.html.csv,118,108,10,1
20192020_294.html.csv,100,93,7,-1
20192020_295.html.csv,38,0,38,0
20192020_296.html.csv,208,151,57,-1
20192020_298.html.csv,13,0,13,0
20192020_3.html.csv,100,0,100,0
20192020_30.html.csv,0,0,0,0
20192020_300.html.csv,136,136,0,1
20192020_300.html.csv,123,88,35,-1
20192020_300.html.csv,46,22,24,1
20192020_300.html.csv,22,0,22,0
20192020_302.html.csv,76,7,69,-1
20192020_303.html.csv,69,59,10,1
20192020_304.html.csv,81,81,0,0
20192020_304.html.csv,44,14,30,-1
20192020_306.html.csv,149,149,0,0
20192020_306.html.csv,112,0,112,-2
20192020_309.html.csv,182,99,83,-1
20192020_311.html.csv,407,407,0,2
20192020_311.html.csv,224,200,24,0
20192020_311.html.csv,169,157,12,1
20192020_311.html.csv,114,60,54,1
20192020_312.html.csv,95,0,95,0
20192020_316.html.csv,79,71,8,-1
20192020_318.html.csv,248,229,19,1
20192020_318.html.csv,209,134,75,-1
20192020_319.html.csv,222,152,70,-1
20192020_32.html.csv,54,0,54,0
20192020_321.html.csv,383,383,0,2
20192020_321.html.csv,147,92,55,1
20192020_323.html.csv,166,166,0,1
20192020_323.html.csv,74,0,74,0
20192020_324.html.csv,80,5,75,-1
20192020_325.html.csv,60,0,60,0
20192020_326.html.csv,128,18,110,-1
20192020_328.html.csv,37,21,16,2
20192020_329.html.csv,200,200,0,2
20192020_329.html.csv,66,21,45,-1
20192020_332.html.csv,75,74,1,0
20192020_333.html.csv,73,0,73,0
20192020_335.html.csv,74,30,44,1
20192020_336.html.csv,76,6,70,-1
20192020_337.html.csv,201,194,7,1
20192020_337.html.csv,174,0,174,0
20192020_338.html.csv,225,225,0,2
20192020_34.html.csv,306,297,9,2
20192020_34.html.csv,118,0,118,0
20192020_340.html.csv,175,89,86,0
20192020_340.html.csv,64,0,64,0
20192020_341.html.csv,171,163,8,1
20192020_341.html.csv,157,60,97,-1
20192020_341.html.csv,22,0,22,0
20192020_342.html.csv,50,35,15,-1
20192020_344.html.csv,523,523,0,2
20192020_349.html.csv,151,83,68,1
20192020_35.html.csv,152,146,6,2
20192020_350.html.csv,155,130,25,-1
20192020_350.html.csv,95,95,0,1
20192020_350.html.csv,80,0,80,0
20192020_351.html.csv,117,115,2,1
20192020_352.html.csv,107,0,107,0
20192020_354.html.csv,298,298,0,0
20192020_354.html.csv,287,277,10,-1
20192020_355.html.csv,71,62,9,-1
20192020_355.html.csv,49,0,49,0
20192020_356.html.csv,44,0,44,0
20192020_357.html.csv,167,0,167,-1
20192020_358.html.csv,126,31,95,-1
20192020_36.html.csv,189,79,110,-1
20192020_360.html.csv,148,56,92,0
20192020_360.html.csv,28,22,6,0
20192020_362.html.csv,197,196,1,0
20192020_362.html.csv,159,159,0,2
20192020_363.html.csv,186,147,39,2
20192020_365.html.csv,185,92,93,0
20192020_366.html.csv,188,188,0,2
20192020_367.html.csv,101,0,101,0
20192020_369.html.csv,106,0,106,0
20192020_371.html.csv,130,7,123,0
20192020_375.html.csv,57,0,57,0
20192020_376.html.csv,213,160,53,-1
20192020_378.html.csv,83,0,83,0
20192020_380.html.csv,413,408,5,2
20192020_380.html.csv,109,0,109,0
20192020_381.html.csv,67,36,31,-2
20192020_382.html.csv,65,1,64,-1
20192020_383.html.csv,90,49,41,-2
20192020_384.html.csv,121,79,42,0
20192020_384.html.csv,60,0,60,-2
20192020_385.html.csv,84,84,0,0
20192020_385.html.csv,44,1,43,1
20192020_388.html.csv,157,127,30,-1
20192020_389.html.csv,328,313,15,-1
20192020_39.html.csv,61,31,30,1
20192020_390.html.csv,120,120,0,0
20192020_390.html.csv,76,76,0,-1
20192020_391.html.csv,590,565,25,2
20192020_392.html.csv,100,27,73,-1
20192020_40.html.csv,174,0,174,0
20192020_400.html.csv,59,59,0,-1
20192020_401.html.csv,195,160,35,2
20192020_402.html.csv,93,3,90,-1
20192020_403.html.csv,162,162,0,-1
20192020_406.html.csv,116,95,21,-1
20192020_406.html.csv,79,55,24,-1
20192020_407.html.csv,598,598,0,2
20192020_407.html.csv,158,35,123,-2
20192020_409.html.csv,203,181,22,2
20192020_409.html.csv,54,0,54,0
20192020_41.html.csv,198,101,97,-1
20192020_410.html.csv,59,0,59,0
20192020_412.html.csv,88,29,59,-1
20192020_415.html.csv,58,0,58,0
20192020_417.html.csv,153,126,27,0
20192020_418.html.csv,66,0,66,0
20192020_419.html.csv,185,179,6,2
20192020_42.html.csv,64,64,0,1
20192020_420.html.csv,9,0,9,0
20192020_423.html.csv,80,38,42,-1
20192020_424.html.csv,44,0,44,0
20192020_425.html.csv,149,149,0,1
20192020_425.html.csv,81,28,53,-1
20192020_426.html.csv,138,61,77,-1
20192020_426.html.csv,31,0,31,0
20192020_427.html.csv,67,0,67,0
20192020_428.html.csv,127,126,1,-1
20192020_429.html.csv,52,35,17,-1
20192020_43.html.csv,101,0,101,0
20192020_434.html.csv,128,79,49,-1
20192020_434.html.csv,58,0,58,0
20192020_435.html.csv,349,343,6,-2
20192020_435.html.csv,179,151,28,0
20192020_435.html.csv,121,67,54,-2
20192020_437.html.csv,124,79,45,-1
20192020_439.html.csv,117,0,117,0
20192020_440.html.csv,111,82,29,0
20192020_440.html.csv,54,0,54,0
20192020_442.html.csv,293,283,10,1
20192020_442.html.csv,34,0,34,0
20192020_444.html.csv,1,0,1,0
20192020_445.html.csv,105,45,60,1
20192020_446.html.csv,124,88,36,2
20192020_446.html.csv,48,48,0,0
20192020_446.html.csv,31,0,31,0
20192020_448.html.csv,40,0,40,0
20192020_449.html.csv,119,13,106,2
20192020_450.html.csv,97,0,97,0
20192020_451.html.csv,113,0,113,0
20192020_452.html.csv,168,25,143,-2
20192020_453.html.csv,102,59,43,1
20192020_454.html.csv,141,141,0,2
20192020_454.html.csv,18,3,15,-1
20192020_457.html.csv,149,143,6,-1
20192020_460.html.csv,150,145,5,0
20192020_460.html.csv,79,47,32,-2
20192020_461.html.csv,136,54,82,0
20192020_461.html.csv,35,14,21,0
20192020_462.html.csv,205,205,0,2
20192020_462.html.csv,76,0,76,0
20192020_463.html.csv,104,0,104,0
20192020_464.html.csv,126,89,37,-1
20192020_469.html.csv,322,291,31,-2
20192020_469.html.csv,128,126,2,1
20192020_469.html.csv,108,108,0,-1
20192020_470.html.csv,324,314,10,2
20192020_470.html.csv,104,1,103,-1
20192020_472.html.csv,79,51,28,-1
20192020_472.html.csv,37,2,35,-1
20192020_473.html.csv,170,120,50,1
20192020_473.html.csv,60,0,60,0
20192020_474.html.csv,101,99,2,-1
20192020_475.html.csv,127,118,9,1
20192020_475.html.csv,99,42,57,-1
20192020_476.html.csv,306,305,1,2
20192020_478.html.csv,106,74,32,-2
20192020_48.html.csv,118,58,60,-1
20192020_48.html.csv,34,26,8,2
20192020_480.html.csv,63,63,0,2
20192020_481.html.csv,157,104,53,-1
20192020_482.html.csv,110,110,0,2
20192020_483.html.csv,156,125,31,2
20192020_483.html.csv,31,15,16,-1
20192020_484.html.csv,103,0,103,0
20192020_486.html.csv,154,0,154,0
20192020_487.html.csv,65,0,65,0
20192020_488.html.csv,91,0,91,0
20192020_489.html.csv,58,3,55,-1
20192020_49.html.csv,85,76,9,2
20192020_491.html.csv,192,112,80,-1
20192020_492.html.csv,116,0,116,0
20192020_493.html.csv,139,123,16,0
20192020_493.html.csv,72,49,23,1
20192020_493.html.csv,8,0,8,0
20192020_494.html.csv,187,0,187,0
20192020_497.html.csv,62,0,62,0
20192020_498.html.csv,160,144,16,-1
20192020_5.html.csv,130,130,0,0
20192020_5.html.csv,92,46,46,-1
20192020_50.html.csv,108,93,15,0
20192020_50.html.csv,77,77,0,0
20192020_50.html.csv,22,7,15,0
20192020_500.html.csv,32,32,0,-1
20192020_503.html.csv,227,195,32,-2
20192020_503.html.csv,57,57,0,2
20192020_505.html.csv,560,560,0,2
20192020_505.html.csv,105,85,20,0
20192020_506.html.csv,68,47,21,1
20192020_506.html.csv,38,0,38,0
20192020_507.html.csv,188,39,149,-1
20192020_508.html.csv,136,130,6,-1
20192020_508.html.csv,86,83,3,2
20192020_51.html.csv,108,76,32,-1
20192020_511.html.csv,143,141,2,-2
20192020_512.html.csv,115,115,0,2
20192020_513.html.csv,88,88,0,0
20192020_513.html.csv,47,11,36,0
20192020_513.html.csv,0,0,0,0
20192020_514.html.csv,112,81,31,-1
20192020_514.html.csv,40,29,11,1
20192020_514.html.csv,8,8,0,-1
20192020_516.html.csv,90,0,90,0
20192020_517.html.csv,98,63,35,-1
20192020_518.html.csv,101,100,1,-2
20192020_52.html.csv,105,105,0,0
20192020_52.html.csv,61,17,44,2
20192020_520.html.csv,162,162,0,1
20192020_520.html.csv,109,109,0,-1
20192020_520.html.csv,32,5,27,-1
20192020_521.html.csv,303,267,36,0
20192020_521.html.csv,219,128,91,2
20192020_521.html.csv,128,32,96,-2
20192020_522.html.csv,253,235,18,-1
20192020_523.html.csv,161,157,4,1
20192020_523.html.csv,106,0,106,0
20192020_524.html.csv,121,121,0,1
20192020_525.html.csv,49,0,49,0
20192020_528.html.csv,145,75,70,0
20192020_528.html.csv,17,8,9,-1
20192020_529.html.csv,80,7,73,-1
20192020_53.html.csv,157,139,18,-1
20192020_530.html.csv,199,67,132,0
20192020_531.html.csv,139,118,21,-1
20192020_531.html.csv,104,98,6,-1
20192020_532.html.csv,142,0,142,0
20192020_533.html.csv,162,75,87,1
20192020_533.html.csv,47,0,47,0
20192020_534.html.csv,76,59,17,2
20192020_535.html.csv,254,243,11,2
20192020_535.html.csv,116,78,38,-2
20192020_536.html.csv,194,176,18,-1
20192020_537.html.csv,139,110,29,1
20192020_54.html.csv,89,0,89,0
20192020_541.html.csv,143,103,40,1
20192020_544.html.csv,64,6,58,-1
20192020_546.html.csv,135,9,126,-1
20192020_551.html.csv,173,138,35,-1
20192020_552.html.csv,93,93,0,-1
20192020_552.html.csv,81,38,43,1
20192020_552.html.csv,26,0,26,0
20192020_555.html.csv,128,65,63,1
20192020_558.html.csv,102,69,33,2
20192020_559.html.csv,183,0,183,0
20192020_56.html.csv,101,61,40,-1
20192020_56.html.csv,42,0,42,0
20192020_561.html.csv,83,0,83,0
20192020_562.html.csv,140,39,101,-1
20192020_563.html.csv,249,15,234,0
20192020_564.html.csv,44,8,36,-1
20192020_568.html.csv,193,161,32,0
20192020_568.html.csv,140,136,4,2
20192020_568.html.csv,0,0,0,0
20192020_569.html.csv,107,100,7,-1
20192020_569.html.csv,15,0,15,0
20192020_570.html.csv,188,163,25,-1
20192020_571.html.csv,208,190,18,-1
20192020_571.html.csv,103,28,75,-1
20192020_573.html.csv,76,0,76,0
20192020_575.html.csv,117,84,33,-1
20192020_575.html.csv,60,0,60,0
20192020_576.html.csv,141,25,116,2
20192020_579.html.csv,96,14,82,-1
20192020_58.html.csv,123,11,112,1
20192020_582.html.csv,198,114,84,-1
20192020_584.html.csv,11,0,11,0
20192020_586.html.csv,145,90,55,0
20192020_586.html.csv,59,24,35,0
20192020_587.html.csv,134,74,60,1
20192020_588.html.csv,81,76,5,2
20192020_588.html.csv,76,72,4,-1
20192020_588.html.csv,34,0,34,0
20192020_59.html.csv,83,0,83,0
20192020_591.html.csv,65,0,65,1
20192020_592.html.csv,84,84,0,1
20192020_593.html.csv,94,53,41,1
20192020_594.html.csv,70,67,3,0
20192020_594.html.csv,27,0,27,0
20192020_595.html.csv,293,251,42,1
20192020_595.html.csv,186,0,186,0
20192020_596.html.csv,38,38,0,-1
20192020_596.html.csv,0,0,0,0
20192020_597.html.csv,244,242,2,-1
20192020_599.html.csv,104,21,83,0
20192020_599.html.csv,0,0,0,0
20192020_60.html.csv,104,50,54,-1
20192020_602.html.csv,31,30,1,-1
20192020_605.html.csv,75,0,75,0
20192020_606.html.csv,251,251,0,0
20192020_606.html.csv,121,17,104,-2
20192020_607.html.csv,64,0,64,0
20192020_608.html.csv,161,112,49,1
20192020_608.html.csv,89,89,0,0
20192020_608.html.csv,59,43,16,0
20192020_608.html.csv,24,0,24,0
20192020_609.html.csv,127,96,31,-1
20192020_609.html.csv,56,11,45,2
20192020_61.html.csv,78,15,63,-1
20192020_611.html.csv,25,25,0,-1
20192020_614.html.csv,89,60,29,2
20192020_615.html.csv,195,114,81,-1
20192020_616.html.csv,155,155,0,0
20192020_616.html.csv,130,25,105,-1
20192020_617.html.csv,120,3,117,-1
20192020_618.html.csv,62,49,13,-1
20192020_618.html.csv,25,0,25,0
20192020_619.html.csv,298,198,100,0
20192020_62.html.csv,130,22,108,-1
20192020_620.html.csv,108,49,59,-1
20192020_620.html.csv,2,0,2,0
20192020_621.html.csv,141,141,0,-1
20192020_621.html.csv,12,12,0,-1
20192020_622.html.csv,227,192,35,1
20192020_622.html.csv,93,1,92,-1
20192020_623.html.csv,79,67,12,-1
20192020_624.html.csv,171,152,19,2
20192020_624.html.csv,31,0,31,0
20192020_625.html.csv,142,142,0,0
20192020_625.html.csv,102,57,45,0
20192020_625.html.csv,29,0,29,0
20192020_626.html.csv,144,0,144,0
20192020_629.html.csv,464,462,2,2
20192020_629.html.csv,88,0,88,0
20192020_63.html.csv,36,36,0,-1
20192020_630.html.csv,126,2,124,0
20192020_632.html.csv,150,106,44,-1
20192020_633.html.csv,139,58,81,0
20192020_635.html.csv,70,0,70,0
20192020_636.html.csv,47,0,47,0
20192020_637.html.csv,170,161,9,2
20192020_637.html.csv,39,9,30,-1
20192020_639.html.csv,28,0,28,0
20192020_64.html.csv,527,525,2,2
20192020_640.html.csv,216,202,14,0
20192020_640.html.csv,195,195,0,2
20192020_641.html.csv,171,9,162,-1
20192020_642.html.csv,161,156,5,1
20192020_642.html.csv,94,0,94,0
20192020_644.html.csv,76,76,0,2
20192020_645.html.csv,125,70,55,1
20192020_645.html.csv,34,0,34,0
20192020_646.html.csv,128,128,0,-1
20192020_648.html.csv,72,7,65,-1
20192020_649.html.csv,43,16,27,-1
20192020_65.html.csv,148,148,0,-1
20192020_650.html.csv,213,201,12,2
20192020_651.html.csv,41,0,41,0
20192020_653.html.csv,101,60,41,-1
20192020_653.html.csv,52,47,5,1
20192020_653.html.csv,33,15,18,1
20192020_654.html.csv,156,148,8,-1
20192020_655.html.csv,146,146,0,2
20192020_656.html.csv,352,345,7,2
20192020_657.html.csv,152,127,25,0
20192020_657.html.csv,72,20,52,-1
20192020_659.html.csv,95,95,0,2
20192020_66.html.csv,135,133,2,-1
20192020_660.html.csv,198,197,1,2
20192020_660.html.csv,75,0,75,0
20192020_661.html.csv,84,0,84,0
20192020_662.html.csv,131,60,71,-1
20192020_662.html.csv,23,0,23,0
20192020_664.html.csv,107,48,59,-1
20192020_665.html.csv,506,504,2,2
20192020_666.html.csv,138,65,73,0
20192020_666.html.csv,35,28,7,-1
20192020_669.html.csv,106,0,106,0
20192020_670.html.csv,26,0,26,0
20192020_671.html.csv,262,262,0,2
20192020_671.html.csv,60,55,5,-1
20192020_672.html.csv,398,398,0,2
20192020_672.html.csv,116,0,116,0
20192020_673.html.csv,31,0,31,0
20192020_674.html.csv,102,93,9,-1
20192020_674.html.csv,55,44,11,1
20192020_674.html.csv,22,0,22,0
20192020_675.html.csv,107,14,93,1
20192020_676.html.csv,3,0,3,0
20192020_677.html.csv,75,0,75,0
20192020_678.html.csv,58,0,58,0
20192020_679.html.csv,83,35,48,-1
20192020_68.html.csv,109,0,109,0
20192020_683.html.csv,310,282,28,-1
20192020_684.html.csv,76,37,39,-1
20192020_684.html.csv,22,22,0,-1
20192020_685.html.csv,130,0,130,0
20192020_686.html.csv,155,86,69,0
20192020_686.html.csv,75,63,12,0
20192020_686.html.csv,46,10,36,-2
20192020_687.html.csv,188,184,4,-1
20192020_688.html.csv,160,0,160,0
20192020_691.html.csv,39,31,8,1
20192020_692.html.csv,178,132,46,-1
20192020_695.html.csv,77,0,77,0
20192020_696.html.csv,309,296,13,-1
20192020_697.html.csv,111,4,107,-1
20192020_699.html.csv,166,0,166,0
20192020_7.html.csv,20,0,20,0
20192020_70.html.csv,188,57,131,-1
20192020_700.html.csv,105,0,105,0
20192020_702.html.csv,111,0,111,0
20192020_703.html.csv,94,0,94,0
20192020_704.html.csv,132,57,75,0
20192020_704.html.csv,18,6,12,-1
20192020_708.html.csv,139,85,54,0
20192020_708.html.csv,59,1,58,-1
20192020_709.html.csv,234,0,234,0
20192020_71.html.csv,161,71,90,-1
20192020_712.html.csv,194,109,85,0
20192020_712.html.csv,78,9,69,0
20192020_714.html.csv,123,25,98,-1
20192020_715.html.csv,80,80,0,-1
20192020_716.html.csv,88,75,13,1
20192020_721.html.csv,281,206,75,0
20192020_721.html.csv,163,163,0,0
20192020_721.html.csv,131,131,0,-1
20192020_724.html.csv,106,100,6,-1
20192020_724.html.csv,52,22,30,-1
20192020_727.html.csv,148,53,95,-1
20192020_729.html.csv,142,106,36,0
20192020_729.html.csv,60,0,60,0
20192020_730.html.csv,9,0,9,0
20192020_733.html.csv,7,0,7,0
20192020_734.html.csv,201,201,0,2
20192020_734.html.csv,74,0,74,0
20192020_735.html.csv,47,0,47,0
20192020_736.html.csv,497,497,0,2
20192020_736.html.csv,45,45,0,0
20192020_736.html.csv,3,0,3,0
20192020_737.html.csv,84,84,0,0
20192020_737.html.csv,64,10,54,-1
20192020_739.html.csv,133,133,0,0
20192020_739.html.csv,45,45,0,-1
20192020_743.html.csv,68,56,12,-1
20192020_743.html.csv,13,8,5,0
20192020_744.html.csv,101,2,99,-1
20192020_745.html.csv,303,226,77,-1
20192020_746.html.csv,206,194,12,-1
20192020_748.html.csv,125,118,7,1
20192020_748.html.csv,84,8,76,1
20192020_749.html.csv,108,108,0,-1
20192020_752.html.csv,8,0,8,0
20192020_753.html.csv,438,438,0,2
20192020_755.html.csv,139,56,83,-2
20192020_757.html.csv,1,0,1,0
20192020_758.html.csv,151,129,22,1
20192020_758.html.csv,94,94,0,-1
20192020_759.html.csv,60,60,0,-1
20192020_760.html.csv,6,0,6,0
20192020_761.html.csv,92,84,8,0
20192020_761.html.csv,70,0,70,0
20192020_762.html.csv,206,206,0,2
20192020_762.html.csv,85,0,85,0
20192020_763.html.csv,216,216,0,2
20192020_763.html.csv,72,60,12,-1
20192020_764.html.csv,500,500,0,2
20192020_764.html.csv,189,160,29,2
20192020_764.html.csv,160,106,54,2
20192020_765.html.csv,75,75,0,1
20192020_765.html.csv,48,32,16,-2
20192020_766.html.csv,127,0,127,0
20192020_767.html.csv,229,73,156,2
20192020_768.html.csv,97,23,74,-1
20192020_77.html.csv,388,387,1,2
20192020_77.html.csv,177,0,177,0
20192020_770.html.csv,126,92,34,-1
20192020_771.html.csv,104,86,18,1
20192020_772.html.csv,56,1,55,-1
20192020_773.html.csv,81,0,81,0
20192020_774.html.csv,108,6,102,-1
20192020_776.html.csv,74,0,74,0
20192020_777.html.csv,94,3,91,-1
20192020_779.html.csv,86,83,3,-2
20192020_78.html.csv,147,94,53,0
20192020_78.html.csv,94,19,75,-2
20192020_780.html.csv,104,1,103,-1
20192020_781.html.csv,154,70,84,-1
20192020_782.html.csv,110,107,3,-1
20192020_782.html.csv,23,22,1,0
20192020_784.html.csv,252,252,0,2
20192020_785.html.csv,79,0,79,0
20192020_788.html.csv,77,0,77,0
20192020_789.html.csv,46,0,46,0
20192020_79.html.csv,139,139,0,-1
20192020_79.html.csv,123,66,57,0
20192020_79.html.csv,29,20,9,0
20192020_790.html.csv,56,0,56,0
20192020_791.html.csv,203,5,198,1
20192020_793.html.csv,76,26,50,1
20192020_796.html.csv,66,0,66,0
20192020_798.html.csv,170,45,125,-1
20192020_799.html.csv,128,91,37,-1
20192020_799.html.csv,77,21,56,-1
20192020_80.html.csv,111,0,111,0
20192020_800.html.csv,230,222,8,2
20192020_800.html.csv,67,62,5,-1
20192020_801.html.csv,523,523,0,2
20192020_804.html.csv,170,129,41,0
20192020_804.html.csv,109,0,109,0
20192020_805.html.csv,98,17,81,-1
20192020_806.html.csv,92,0,92,0
20192020_807.html.csv,122,113,9,-1
20192020_807.html.csv,85,61,24,1
20192020_807.html.csv,43,0,43,0
20192020_809.html.csv,77,48,29,-1
20192020_809.html.csv,24,0,24,0
20192020_81.html.csv,41,27,14,1
20192020_810.html.csv,478,478,0,2
20192020_810.html.csv,104,60,44,-2
20192020_810.html.csv,60,0,60,0
20192020_814.html.csv,127,45,82,-1
20192020_815.html.csv,69,69,0,2
20192020_816.html.csv,349,349,0,2
20192020_817.html.csv,134,106,28,-1
20192020_822.html.csv,505,486,19,2
20192020_823.html.csv,80,0,80,0
20192020_824.html.csv,201,192,9,0
20192020_824.html.csv,165,131,34,-1
20192020_825.html.csv,89,58,31,-1
20192020_825.html.csv,58,58,0,0
20192020_825.html.csv,23,18,5,-2
20192020_827.html.csv,122,47,75,1
20192020_828.html.csv,502,500,2,2
20192020_829.html.csv,33,33,0,-1
20192020_83.html.csv,141,141,0,1
20192020_83.html.csv,119,40,79,-1
20192020_831.html.csv,119,13,106,-1
20192020_832.html.csv,451,451,0,2
20192020_834.html.csv,31,11,20,-1
20192020_835.html.csv,56,0,56,0
20192020_836.html.csv,103,0,103,0
20192020_838.html.csv,101,34,67,-1
20192020_839.html.csv,76,58,18,1
20192020_84.html.csv,76,33,43,-1
20192020_840.html.csv,129,118,11,2
20192020_840.html.csv,88,0,88,0
20192020_841.html.csv,443,441,2,2
20192020_841.html.csv,107,85,22,-1
20192020_841.html.csv,39,0,39,-2
20192020_842.html.csv,0,0,0,0
20192020_844.html.csv,75,49,26,-1
20192020_844.html.csv,28,0,28,0
20192020_846.html.csv,137,86,51,0
20192020_846.html.csv,70,62,8,-1
20192020_846.html.csv,45,0,45,0
20192020_847.html.csv,91,0,91,0
20192020_85.html.csv,274,274,0,2
20192020_85.html.csv,0,0,0,0
20192020_850.html.csv,108,0,108,0
20192020_851.html.csv,93,38,55,0
20192020_852.html.csv,60,46,14,2
20192020_853.html.csv,155,131,24,-1
20192020_855.html.csv,94,29,65,-1
20192020_856.html.csv,121,0,121,0
20192020_857.html.csv,145,131,14,-1
20192020_858.html.csv,88,83,5,-1
20192020_858.html.csv,32,20,12,-1
20192020_859.html.csv,98,0,98,0
20192020_86.html.csv,136,0,136,0
20192020_860.html.csv,36,0,36,0
20192020_861.html.csv,565,565,0,2
20192020_862.html.csv,150,0,150,0
20192020_866.html.csv,8,0,8,0
20192020_868.html.csv,142,0,142,0
20192020_869.html.csv,464,464,0,2
20192020_869.html.csv,125,92,33,1
20192020_869.html.csv,22,4,18,-1
20192020_87.html.csv,130,3,127,0
20192020_872.html.csv,167,105,62,2
20192020_873.html.csv,89,79,10,-1
20192020_874.html.csv,221,65,156,-1
20192020_875.html.csv,103,3,100,-1
20192020_876.html.csv,67,60,7,-1
20192020_876.html.csv,38,0,38,0
20192020_877.html.csv,105,20,85,-1
20192020_878.html.csv,246,185,61,1
20192020_878.html.csv,131,3,128,-1
20192020_879.html.csv,168,129,39,-1
20192020_88.html.csv,164,105,59,0
20192020_88.html.csv,70,11,59,-1
20192020_880.html.csv,116,73,43,1
20192020_881.html.csv,172,79,93,1
20192020_881.html.csv,37,0,37,0
20192020_882.html.csv,116,56,60,-1
20192020_887.html.csv,453,453,0,2
20192020_887.html.csv,109,66,43,1
20192020_888.html.csv,535,527,8,2
20192020_888.html.csv,102,0,102,0
20192020_891.html.csv,146,104,42,-1
20192020_892.html.csv,120,39,81,-1
20192020_893.html.csv,403,403,0,2
20192020_893.html.csv,101,0,101,2
20192020_894.html.csv,105,29,76,0
20192020_896.html.csv,94,0,94,0
20192020_897.html.csv,261,225,36,1
20192020_897.html.csv,177,22,155,-1
20192020_898.html.csv,152,118,34,-1
20192020_898.html.csv,90,90,0,0
20192020_898.html.csv,60,46,14,-1
20192020_899.html.csv,106,15,91,-1
20192020_9.html.csv,130,86,44,-1
20192020_901.html.csv,112,74,38,-1
20192020_901.html.csv,60,0,60,0
20192020_902.html.csv,8,5,3,-1
20192020_904.html.csv,569,569,0,2
20192020_904.html.csv,96,28,68,-1
20192020_904.html.csv,16,0,16,0
20192020_905.html.csv,125,0,125,0
20192020_907.html.csv,73,13,60,-1
20192020_91.html.csv,348,348,0,2
20192020_91.html.csv,114,74,40,2
20192020_914.html.csv,98,0,98,0
20192020_915.html.csv,113,81,32,0
20192020_915.html.csv,62,57,5,-1
20192020_916.html.csv,60,0,60,0
20192020_917.html.csv,100,100,0,1
20192020_917.html.csv,38,5,33,-1
20192020_918.html.csv,57,0,57,0
20192020_922.html.csv,146,145,1,2
20192020_923.html.csv,0,0,0,0
20192020_926.html.csv,148,137,11,-1
20192020_928.html.csv,142,88,54,0
20192020_928.html.csv,55,0,55,0
20192020_93.html.csv,161,153,8,1
20192020_93.html.csv,89,0,89,0
20192020_930.html.csv,168,134,34,1
20192020_930.html.csv,104,0,104,0
20192020_931.html.csv,199,129,70,-1
20192020_934.html.csv,29,0,29,0
20192020_935.html.csv,108,21,87,1
20192020_938.html.csv,133,98,35,0
20192020_938.html.csv,19,0,19,0
20192020_939.html.csv,110,0,110,0
20192020_94.html.csv,99,0,99,1
20192020_940.html.csv,31,0,31,0
20192020_941.html.csv,244,244,0,2
20192020_941.html.csv,37,7,30,-1
20192020_942.html.csv,173,108,65,-1
20192020_945.html.csv,52,52,0,0
20192020_945.html.csv,0,0,0,0
20192020_946.html.csv,98,98,0,-1
20192020_947.html.csv,39,0,39,0
20192020_948.html.csv,487,485,2,2
20192020_948.html.csv,105,65,40,0
20192020_948.html.csv,35,0,35,0
20192020_949.html.csv,244,244,0,2
20192020_949.html.csv,92,0,92,0
20192020_95.html.csv,17,0,17,0
20192020_953.html.csv,50,0,50,0
20192020_957.html.csv,109,77,32,-1
20192020_957.html.csv,43,0,43,0
20192020_959.html.csv,100,47,53,-1
20192020_96.html.csv,221,193,28,-1
20192020_960.html.csv,31,0,31,0
20192020_961.html.csv,116,0,116,0
20192020_962.html.csv,168,139,29,-1
20192020_963.html.csv,529,529,0,2
20192020_963.html.csv,224,120,104,1
20192020_963.html.csv,70,12,58,-1
20192020_965.html.csv,195,177,18,1
20192020_965.html.csv,75,75,0,1
20192020_966.html.csv,472,472,0,2
20192020_966.html.csv,93,86,7,0
20192020_966.html.csv,68,50,18,-1
20192020_968.html.csv,49,49,0,-1
20192020_97.html.csv,135,53,82,-1
20192020_970.html.csv,77,0,77,0
20192020_971.html.csv,93,18,75,1
20192020_972.html.csv,121,0,121,0
20192020_976.html.csv,49,0,49,0
20192020_977.html.csv,164,31,133,0
20192020_977.html.csv,3,0,3,0
20192020_978.html.csv,79,51,28,0
20192020_978.html.csv,10,0,10,0
20192020_979.html.csv,138,0,138,0
20192020_98.html.csv,238,232,6,2
20192020_981.html.csv,69,0,69,0
20192020_983.html.csv,66,0,66,0
20192020_984.html.csv,165,144,21,1
20192020_984.html.csv,75,0,75,0
20192020_985.html.csv,156,93,63,-1
20192020_986.html.csv,206,151,55,-1
20192020_987.html.csv,112,21,91,-1
20192020_988.html.csv,109,109,0,-1
20192020_989.html.csv,200,167,33,2
20192020_991.html.csv,6,1,5,1
20192020_992.html.csv,133,88,45,-1
20192020_996.html.csv,140,0,140,0
20192020_997.html.csv,185,109,76,-1
20192020_998.html.csv,144,81,63,1
20192020_998.html.csv,35,0,35,0
20202021_10.html.csv,117,65,52,-1
20202021_100.html.csv,110,110,0,1
20202021_100.html.csv,52,52,0,-1
20202021_101.html.csv,13,0,13,2
20202021_102.html.csv,98,0,98,0
20202021_103.html.csv,249,249,0,2
20202021_105.html.csv,81,0,81,0
20202021_107.html.csv,541,538,3,2
20202021_108.html.csv,163,140,23,2
20202021_11.html.csv,93,93,0,-1
20202021_11.html.csv,43,0,43,0
20202021_111.html.csv,225,201,24,0
20202021_111.html.csv,151,122,29,0
20202021_111.html.csv,84,0,84,0
20202021_112.html.csv,108,108,0,-2
20202021_116.html.csv,42,0,42,0
20202021_118.html.csv,153,112,41,2
20202021_119.html.csv,224,216,8,-1
20202021_120.html.csv,89,74,15,-2
20202021_121.html.csv,472,461,11,2
20202021_121.html.csv,91,0,91,0
20202021_123.html.csv,23,0,23,0
20202021_127.html.csv,66,58,8,1
20202021_128.html.csv,197,195,2,2
20202021_129.html.csv,125,94,31,1
20202021_129.html.csv,46,0,46,0
20202021_131.html.csv,63,63,0,0
20202021_131.html.csv,37,32,5,-1
20202021_132.html.csv,528,528,0,2
20202021_132.html.csv,142,121,21,-1
20202021_135.html.csv,489,489,0,2
20202021_136.html.csv,112,8,104,-1
20202021_137.html.csv,589,542,47,2
20202021_139.html.csv,212,108,104,1
20202021_139.html.csv,48,0,48,0
20202021_14.html.csv,124,4,120,1
20202021_140.html.csv,249,249,0,2
20202021_140.html.csv,113,0,113,0
20202021_144.html.csv,113,0,113,-1
20202021_145.html.csv,126,86,40,-1
20202021_145.html.csv,32,0,32,0
20202021_146.html.csv,134,16,118,-1
20202021_148.html.csv,143,110,33,1
20202021_15.html.csv,154,114,40,0
20202021_15.html.csv,79,14,65,-1
20202021_150.html.csv,77,6,71,0
20202021_152.html.csv,182,101,81,-1
20202021_154.html.csv,184,159,25,1
20202021_154.html.csv,132,0,132,0
20202021_155.html.csv,148,42,106,1
20202021_155.html.csv,13,6,7,-1
20202021_156.html.csv,103,0,103,0
20202021_161.html.csv,68,46,22,-1
20202021_162.html.csv,365,365,0,2
20202021_163.html.csv,482,480,2,2
20202021_164.html.csv,85,27,58,-1
20202021_165.html.csv,147,126,21,1
20202021_166.html.csv,41,41,0,1
20202021_166.html.csv,1,0,1,0
20202021_167.html.csv,107,102,5,2
20202021_168.html.csv,75,13,62,-1
20202021_169.html.csv,300,195,105,1
20202021_169.html.csv,137,134,3,-1
20202021_169.html.csv,109,71,38,1
20202021_169.html.csv,50,0,50,1
20202021_17.html.csv,94,0,94,0
20202021_170.html.csv,599,599,0,2
20202021_172.html.csv,142,82,60,-1
20202021_173.html.csv,212,148,64,-1
20202021_174.html.csv,101,0,101,0
20202021_175.html.csv,28,28,0,-1
20202021_176.html.csv,23,9,14,2
20202021_177.html.csv,528,527,1,2
20202021_179.html.csv,40,25,15,-2
20202021_18.html.csv,145,128,17,-1
20202021_180.html.csv,567,567,0,0
20202021_181.html.csv,39,0,39,0
20202021_182.html.csv,152,0,152,0
20202021_183.html.csv,15,3,12,2
20202021_184.html.csv,219,219,0,2
20202021_185.html.csv,138,20,118,0
20202021_188.html.csv,100,82,18,-1
20202021_189.html.csv,203,199,4,0
20202021_189.html.csv,189,162,27,-1
20202021_190.html.csv,132,57,75,1
20202021_190.html.csv,43,39,4,2
20202021_194.html.csv,83,0,83,0
20202021_196.html.csv,56,54,2,2
20202021_197.html.csv,70,0,70,0
20202021_198.html.csv,103,98,5,-1
20202021_198.html.csv,89,2,87,-1
20202021_199.html.csv,141,107,34,0
20202021_199.html.csv,70,70,0,-1
20202021_199.html.csv,45,0,45,0
20202021_200.html.csv,266,266,0,2
20202021_200.html.csv,137,0,137,0
20202021_201.html.csv,125,0,125,1
20202021_203.html.csv,72,0,72,0
20202021_205.html.csv,73,0,73,0
20202021_206.html.csv,67,0,67,0
20202021_207.html.csv,116,60,56,1
20202021_21.html.csv,122,24,98,-2
20202021_21.html.csv,24,0,24,-2
20202021_210.html.csv,95,0,95,0
20202021_211.html.csv,112,45,67,1
20202021_213.html.csv,64,64,0,-1
20202021_213.html.csv,20,0,20,0
20202021_215.html.csv,84,84,0,0
20202021_215.html.csv,46,18,28,1
20202021_216.html.csv,159,86,73,1
20202021_216.html.csv,68,64,4,1
20202021_217.html.csv,164,60,104,-1
20202021_218.html.csv,25,0,25,0
20202021_219.html.csv,40,0,40,0
20202021_22.html.csv,387,368,19,2
20202021_222.html.csv,106,0,106,0
20202021_223.html.csv,199,0,199,0
20202021_224.html.csv,72,54,18,-1
20202021_224.html.csv,19,0,19,0
20202021_225.html.csv,117,117,0,-1
20202021_225.html.csv,87,20,67,-2
20202021_225.html.csv,20,20,0,2
20202021_225.html.csv,5,5,0,2
20202021_226.html.csv,68,0,68,0
20202021_228.html.csv,63,62,1,2
20202021_229.html.csv,80,80,0,1
20202021_229.html.csv,71,0,71,0
20202021_230.html.csv,165,0,165,0
20202021_231.html.csv,51,0,51,0
20202021_234.html.csv,3,0,3,0
20202021_235.html.csv,49,0,49,0
20202021_236.html.csv,9,0,9,0
20202021_237.html.csv,97,83,14,-1
20202021_237.html.csv,39,0,39,0
20202021_238.html.csv,123,110,13,2
20202021_240.html.csv,155,143,12,2
20202021_240.html.csv,21,10,11,-1
20202021_241.html.csv,433,433,0,-1
20202021_241.html.csv,192,181,11,2
20202021_242.html.csv,63,63,0,-1
20202021_242.html.csv,51,49,2,-1
20202021_243.html.csv,62,0,62,0
20202021_244.html.csv,105,0,105,0
20202021_245.html.csv,148,148,0,0
20202021_245.html.csv,73,0,73,0
20202021_247.html.csv,142,121,21,1
20202021_248.html.csv,94,0,94,0
20202021_249.html.csv,88,82,6,-2
20202021_25.html.csv,287,287,0,2
20202021_25.html.csv,136,116,20,-1
20202021_25.html.csv,77,49,28,0
20202021_25.html.csv,44,4,40,2
20202021_250.html.csv,102,57,45,1
20202021_251.html.csv,54,0,54,0
20202021_252.html.csv,104,104,0,0
20202021_252.html.csv,65,0,65,0
20202021_253.html.csv,115,80,35,0
20202021_253.html.csv,58,0,58,-1
20202021_254.html.csv,124,120,4,1
20202021_254.html.csv,92,0,92,0
20202021_256.html.csv,65,0,65,0
20202021_257.html.csv,119,66,53,2
20202021_259.html.csv,13,0,13,0
20202021_260.html.csv,137,37,100,-1
20202021_261.html.csv,79,58,21,-1
20202021_261.html.csv,18,0,18,0
20202021_262.html.csv,77,0,77,0
20202021_264.html.csv,43,0,43,0
20202021_265.html.csv,49,0,49,0
20202021_266.html.csv,151,133,18,0
20202021_266.html.csv,74,74,0,1
20202021_267.html.csv,186,186,0,-1
20202021_268.html.csv,161,151,10,-1
20202021_269.html.csv,290,289,1,0
20202021_269.html.csv,49,40,9,1
20202021_27.html.csv,12,0,12,0
20202021_271.html.csv,67,5,62,-1
20202021_273.html.csv,372,345,27,2
20202021_273.html.csv,61,11,50,0
20202021_274.html.csv,208,194,14,-1
20202021_274.html.csv,81,60,21,2
20202021_274.html.csv,30,0,30,0
20202021_276.html.csv,92,0,92,0
20202021_277.html.csv,148,77,71,-1
20202021_277.html.csv,52,42,10,2
20202021_277.html.csv,42,42,0,-2
20202021_277.html.csv,35,0,35,0
20202021_278.html.csv,127,127,0,0
20202021_278.html.csv,64,64,0,0
20202021_278.html.csv,15,0,15,0
20202021_281.html.csv,94,0,94,0
20202021_282.html.csv,124,124,0,0
20202021_283.html.csv,80,0,80,0
20202021_284.html.csv,67,18,49,-2
20202021_286.html.csv,126,126,0,1
20202021_286.html.csv,96,85,11,1
20202021_287.html.csv,52,5,47,0
20202021_288.html.csv,77,13,64,-1
20202021_291.html.csv,74,28,46,-1
20202021_291.html.csv,4,0,4,0
20202021_292.html.csv,55,0,55,0
20202021_295.html.csv,44,28,16,1
20202021_295.html.csv,18,0,18,-1
20202021_296.html.csv,187,35,152,-1
20202021_297.html.csv,169,63,106,-1
20202021_298.html.csv,65,65,0,0
20202021_30.html.csv,70,60,10,2
20202021_30.html.csv,13,0,13,0
20202021_300.html.csv,82,0,82,0
20202021_301.html.csv,237,0,237,1
20202021_303.html.csv,214,214,0,-1
20202021_305.html.csv,154,0,154,0
20202021_307.html.csv,6,0,6,0
20202021_308.html.csv,338,338,0,2
20202021_308.html.csv,56,9,47,-2
20202021_309.html.csv,439,242,197,2
20202021_309.html.csv,117,106,11,1
20202021_309.html.csv,71,0,71,0
20202021_31.html.csv,82,82,0,1
20202021_310.html.csv,135,88,47,1
20202021_313.html.csv,552,547,5,2
20202021_313.html.csv,111,82,29,-1
20202021_313.html.csv,52,52,0,-1
20202021_314.html.csv,104,76,28,-1
20202021_314.html.csv,40,0,40,0
20202021_315.html.csv,60,0,60,0
20202021_316.html.csv,50,50,0,-1
20202021_317.html.csv,184,184,0,-1
20202021_319.html.csv,128,98,30,-1
20202021_32.html.csv,129,79,50,0
20202021_32.html.csv,44,2,42,1
20202021_320.html.csv,253,233,20,2
20202021_320.html.csv,64,23,41,-1
20202021_321.html.csv,54,53,1,1
20202021_321.html.csv,16,0,16,0
20202021_324.html.csv,147,0,147,0
20202021_327.html.csv,95,54,41,-1
20202021_33.html.csv,193,193,0,-1
20202021_33.html.csv,145,53,92,-1
20202021_330.html.csv,124,114,10,1
20202021_332.html.csv,80,0,80,0
20202021_336.html.csv,175,171,4,2
20202021_337.html.csv,172,111,61,-1
20202021_339.html.csv,36,3,33,-2
20202021_339.html.csv,3,0,3,0
20202021_341.html.csv,91,0,91,0
20202021_344.html.csv,46,30,16,0
20202021_345.html.csv,322,214,108,-1
20202021_346.html.csv,96,0,96,0
20202021_347.html.csv,171,81,90,-1
20202021_348.html.csv,93,93,0,1
20202021_349.html.csv,227,221,6,-1
20202021_351.html.csv,74,42,32,1
20202021_352.html.csv,155,126,29,2
20202021_352.html.csv,42,0,42,0
20202021_353.html.csv,110,67,43,-1
20202021_354.html.csv,85,47,38,0
20202021_354.html.csv,24,0,24,0
20202021_357.html.csv,52,21,31,-1
20202021_358.html.csv,185,130,55,-1
20202021_36.html.csv,95,0,95,0
20202021_361.html.csv,164,139,25,-1
20202021_362.html.csv,174,150,24,2
20202021_362.html.csv,19,0,19,1
20202021_364.html.csv,167,21,146,-1
20202021_365.html.csv,315,305,10,-1
20202021_366.html.csv,77,0,77,0
20202021_368.html.csv,171,163,8,0
20202021_368.html.csv,98,73,25,1
20202021_368.html.csv,55,0,55,0
20202021_369.html.csv,111,84,27,1
20202021_371.html.csv,131,0,131,0
20202021_372.html.csv,0,0,0,0
20202021_374.html.csv,101,73,28,-1
20202021_379.html.csv,140,44,96,1
20202021_38.html.csv,190,57,133,1
20202021_38.html.csv,57,57,0,-2
20202021_38.html.csv,57,50,7,0
20202021_382.html.csv,599,599,0,2
20202021_383.html.csv,88,0,88,0
20202021_384.html.csv,82,0,82,0
20202021_385.html.csv,133,130,3,2
20202021_387.html.csv,177,47,130,-1
20202021_39.html.csv,64,0,64,0
20202021_391.html.csv,132,132,0,-1
20202021_392.html.csv,160,0,160,1
20202021_396.html.csv,141,0,141,0
20202021_397.html.csv,79,41,38,1
20202021_398.html.csv,85,44,41,0
20202021_398.html.csv,27,6,21,-1
20202021_399.html.csv,5,0,5,0
20202021_4.html.csv,121,109,12,-2
20202021_40.html.csv,404,404,0,2
20202021_40.html.csv,36,36,0,-1
20202021_405.html.csv,128,33,95,-1
20202021_406.html.csv,52,23,29,-1
20202021_408.html.csv,228,114,114,1
20202021_408.html.csv,80,0,80,0
20202021_41.html.csv,118,23,95,-1
20202021_412.html.csv,312,278,34,0
20202021_412.html.csv,150,130,20,1
20202021_412.html.csv,68,0,68,0
20202021_413.html.csv,350,339,11,2
20202021_416.html.csv,574,572,2,2
20202021_416.html.csv,144,75,69,-1
20202021_417.html.csv,4,0,4,0
20202021_418.html.csv,49,28,21,-1
20202021_42.html.csv,451,451,0,2
20202021_42.html.csv,229,184,45,2
20202021_42.html.csv,60,55,5,-1
20202021_420.html.csv,415,413,2,2
20202021_421.html.csv,222,175,47,1
20202021_421.html.csv,92,20,72,-1
20202021_422.html.csv,146,146,0,1
20202021_423.html.csv,13,0,13,0
20202021_424.html.csv,149,0,149,0
20202021_425.html.csv,597,597,0,2
20202021_427.html.csv,169,59,110,-1
20202021_428.html.csv,95,83,12,-1
20202021_43.html.csv,54,0,54,0
20202021_431.html.csv,130,53,77,-1
20202021_431.html.csv,33,16,17,-1
20202021_432.html.csv,106,0,106,0
20202021_433.html.csv,208,177,31,1
20202021_433.html.csv,111,0,111,0
20202021_434.html.csv,188,94,94,-1
20202021_435.html.csv,51,0,51,0
20202021_437.html.csv,232,30,202,-1
20202021_438.html.csv,263,254,9,-2
20202021_439.html.csv,171,145,26,0
20202021_439.html.csv,113,7,106,0
20202021_440.html.csv,29,0,29,0
20202021_441.html.csv,164,0,164,0
20202021_442.html.csv,188,0,188,1
20202021_443.html.csv,395,320,75,1
20202021_443.html.csv,264,229,35,0
20202021_443.html.csv,142,132,10,1
20202021_443.html.csv,115,0,115,0
20202021_444.html.csv,92,83,9,0
20202021_444.html.csv,55,5,50,-1
20202021_445.html.csv,230,199,31,-1
20202021_447.html.csv,552,550,2,2
20202021_447.html.csv,76,0,76,0
20202021_448.html.csv,159,20,139,-1
20202021_449.html.csv,157,104,53,-1
20202021_449.html.csv,80,56,24,-1
20202021_45.html.csv,50,50,0,0
20202021_45.html.csv,29,0,29,0
20202021_450.html.csv,216,216,0,2
20202021_450.html.csv,43,16,27,-1
20202021_452.html.csv,130,130,0,1
20202021_453.html.csv,95,48,47,-1
20202021_454.html.csv,95,0,95,0
20202021_455.html.csv,85,26,59,2
20202021_457.html.csv,111,0,111,0
20202021_458.html.csv,69,0,69,0
20202021_459.html.csv,95,0,95,0
20202021_46.html.csv,204,204,0,2
20202021_46.html.csv,79,0,79,0
20202021_460.html.csv,121,26,95,-1
20202021_464.html.csv,130,85,45,1
20202021_465.html.csv,247,243,4,2
20202021_466.html.csv,77,0,77,0
20202021_467.html.csv,210,100,110,-1
20202021_469.html.csv,94,0,94,0
20202021_47.html.csv,160,102,58,-1
20202021_471.html.csv,18,16,2,-1
20202021_472.html.csv,101,19,82,-2
20202021_473.html.csv,102,80,22,1
20202021_473.html.csv,45,0,45,0
20202021_474.html.csv,109,69,40,0
20202021_474.html.csv,32,0,32,0
20202021_477.html.csv,114,0,114,0
20202021_478.html.csv,29,0,29,0
20202021_479.html.csv,86,63,23,2
20202021_480.html.csv,96,0,96,0
20202021_481.html.csv,130,130,0,0
20202021_481.html.csv,54,54,0,0
20202021_481.html.csv,24,0,24,0
20202021_485.html.csv,65,29,36,1
20202021_487.html.csv,516,514,2,2
20202021_487.html.csv,75,15,60,-1
20202021_490.html.csv,308,304,4,2
20202021_490.html.csv,163,0,163,0
20202021_491.html.csv,80,80,0,-1
20202021_491.html.csv,34,0,34,-2
20202021_493.html.csv,171,119,52,-1
20202021_494.html.csv,235,96,139,1
20202021_494.html.csv,50,25,25,-1
20202021_495.html.csv,127,0,127,0
20202021_496.html.csv,72,58,14,-1
20202021_496.html.csv,0,0,0,0
20202021_499.html.csv,89,66,23,0
20202021_499.html.csv,49,0,49,0
20202021_501.html.csv,0,0,0,0
20202021_502.html.csv,242,242,0,2
20202021_502.html.csv,190,152,38,-1
20202021_503.html.csv,104,0,104,0
20202021_504.html.csv,169,62,107,1
20202021_504.html.csv,53,5,48,0
20202021_505.html.csv,159,149,10,-2
20202021_505.html.csv,24,0,24,0
20202021_506.html.csv,191,105,86,2
20202021_507.html.csv,45,0,45,0
20202021_508.html.csv,256,227,29,2
20202021_509.html.csv,112,112,0,0
20202021_511.html.csv,160,160,0,2
20202021_511.html.csv,90,76,14,-1
20202021_511.html.csv,60,50,10,0
20202021_512.html.csv,360,250,110,-1
20202021_513.html.csv,127,2,125,2
20202021_514.html.csv,178,175,3,-2
20202021_514.html.csv,20,0,20,0
20202021_517.html.csv,86,0,86,0
20202021_518.html.csv,149,16,133,1
20202021_519.html.csv,106,84,22,-1
20202021_52.html.csv,81,73,8,-2
20202021_522.html.csv,36,0,36,0
20202021_524.html.csv,534,534,0,2
20202021_525.html.csv,554,550,4,1
20202021_525.html.csv,63,63,0,-1
20202021_525.html.csv,50,5,45,-1
20202021_527.html.csv,119,119,0,1
20202021_529.html.csv,101,0,101,0
20202021_53.html.csv,131,77,54,1
20202021_530.html.csv,80,0,80,0
20202021_531.html.csv,2,2,0,0
20202021_532.html.csv,143,66,77,-1
20202021_533.html.csv,91,0,91,0
20202021_534.html.csv,139,0,139,0
20202021_537.html.csv,206,0,206,0
20202021_54.html.csv,78,0,78,0
20202021_540.html.csv,200,152,48,-1
20202021_541.html.csv,75,75,0,0
20202021_541.html.csv,45,2,43,0
20202021_542.html.csv,243,243,0,2
20202021_542.html.csv,99,0,99,0
20202021_543.html.csv,208,139,69,-1
20202021_544.html.csv,105,89,16,-1
20202021_544.html.csv,68,68,0,-1
20202021_545.html.csv,44,0,44,0
20202021_546.html.csv,261,255,6,-1
20202021_547.html.csv,148,65,83,-1
20202021_548.html.csv,125,89,36,1
20202021_549.html.csv,79,79,0,0
20202021_549.html.csv,23,23,0,0
20202021_549.html.csv,3,0,3,0
20202021_550.html.csv,26,26,0,-2
20202021_556.html.csv,378,377,1,2
20202021_558.html.csv,97,70,27,2
20202021_559.html.csv,114,91,23,-1
20202021_559.html.csv,52,0,52,0
20202021_56.html.csv,66,66,0,-1
20202021_56.html.csv,52,0,52,0
20202021_560.html.csv,145,57,88,0
20202021_561.html.csv,168,147,21,1
20202021_561.html.csv,42,42,0,-1
20202021_562.html.csv,140,0,140,0
20202021_565.html.csv,89,49,40,2
20202021_565.html.csv,49,41,8,0
20202021_566.html.csv,119,11,108,-2
20202021_567.html.csv,352,352,0,2
20202021_568.html.csv,222,192,30,-1
20202021_569.html.csv,106,0,106,0
20202021_570.html.csv,66,66,0,0
20202021_570.html.csv,30,0,30,1
20202021_571.html.csv,189,129,60,-1
20202021_572.html.csv,63,4,59,1
20202021_574.html.csv,167,0,167,0
20202021_576.html.csv,10,0,10,0
20202021_577.html.csv,154,129,25,-1
20202021_582.html.csv,104,0,104,0
20202021_583.html.csv,45,45,0,2
20202021_584.html.csv,176,176,0,0
20202021_584.html.csv,142,27,115,-1
20202021_585.html.csv,131,131,0,-2
20202021_585.html.csv,71,61,10,-1
20202021_585.html.csv,34,20,14,0
20202021_588.html.csv,78,0,78,0
20202021_589.html.csv,95,0,95,0
20202021_59.html.csv,120,0,120,0
20202021_590.html.csv,362,362,0,2
20202021_590.html.csv,65,7,58,-1
20202021_592.html.csv,319,319,0,2
20202021_592.html.csv,175,175,0,-1
20202021_594.html.csv,16,0,16,0
20202021_595.html.csv,87,0,87,0
20202021_596.html.csv,84,0,84,0
20202021_597.html.csv,135,0,135,0
20202021_598.html.csv,125,0,125,0
20202021_599.html.csv,342,341,1,-1
20202021_599.html.csv,45,0,45,0
20202021_6.html.csv,128,114,14,1
20202021_6.html.csv,63,63,0,-1
20202021_6.html.csv,46,0,46,0
20202021_600.html.csv,110,77,33,2
20202021_602.html.csv,91,0,91,0
20202021_603.html.csv,208,0,208,0
20202021_605.html.csv,52,0,52,0
20202021_608.html.csv,9,0,9,0
20202021_609.html.csv,135,131,4,0
20202021_609.html.csv,109,109,0,2
20202021_609.html.csv,35,7,28,-2
20202021_610.html.csv,194,139,55,0
20202021_610.html.csv,111,34,77,-1
20202021_611.html.csv,91,91,0,-1
20202021_612.html.csv,106,0,106,0
20202021_614.html.csv,422,408,14,2
20202021_614.html.csv,118,23,95,-1
20202021_615.html.csv,110,100,10,-1
20202021_615.html.csv,71,56,15,-1
20202021_616.html.csv,436,390,46,-1
20202021_616.html.csv,120,66,54,0
20202021_618.html.csv,93,51,42,0
20202021_618.html.csv,15,7,8,-1
20202021_62.html.csv,389,389,0,0
20202021_620.html.csv,71,0,71,0
20202021_621.html.csv,73,1,72,-1
20202021_622.html.csv,179,135,44,1
20202021_622.html.csv,90,0,90,0
20202021_624.html.csv,109,95,14,0
20202021_624.html.csv,62,0,62,0
20202021_625.html.csv,52,32,20,-1
20202021_627.html.csv,142,91,51,-1
20202021_628.html.csv,149,105,44,0
20202021_628.html.csv,59,5,54,2
20202021_629.html.csv,88,52,36,-1
20202021_630.html.csv,34,0,34,0
20202021_633.html.csv,265,252,13,2
20202021_633.html.csv,92,38,54,-1
20202021_636.html.csv,194,72,122,-1
20202021_638.html.csv,173,10,163,-1
20202021_639.html.csv,128,55,73,-1
20202021_640.html.csv,34,34,0,-1
20202021_641.html.csv,271,245,26,2
20202021_641.html.csv,96,79,17,-1
20202021_643.html.csv,215,215,0,2
20202021_643.html.csv,56,49,7,1
20202021_643.html.csv,24,0,24,0
20202021_644.html.csv,144,46,98,-1
20202021_646.html.csv,91,27,64,-1
20202021_646.html.csv,17,0,17,0
20202021_649.html.csv,486,463,23,2
20202021_65.html.csv,320,318,2,2
20202021_650.html.csv,200,83,117,-1
20202021_652.html.csv,50,24,26,-1
20202021_654.html.csv,75,42,33,1
20202021_655.html.csv,145,122,23,0
20202021_655.html.csv,44,15,29,-2
20202021_656.html.csv,106,104,2,2
20202021_657.html.csv,133,55,78,-1
20202021_66.html.csv,131,42,89,-1
20202021_66.html.csv,23,0,23,0
20202021_660.html.csv,145,145,0,-1
20202021_660.html.csv,91,0,91,0
20202021_661.html.csv,122,0,122,0
20202021_662.html.csv,108,0,108,0
20202021_665.html.csv,152,96,56,-1
20202021_666.html.csv,129,79,50,2
20202021_667.html.csv,102,0,102,0
20202021_668.html.csv,103,82,21,0
20202021_668.html.csv,7,0,7,0
20202021_67.html.csv,11,10,1,2
20202021_671.html.csv,95,70,25,-1
20202021_672.html.csv,65,58,7,0
20202021_675.html.csv,163,136,27,1
20202021_675.html.csv,99,80,19,-2
20202021_677.html.csv,112,43,69,-1
20202021_681.html.csv,103,86,17,-1
20202021_682.html.csv,169,104,65,-2
20202021_684.html.csv,108,68,40,-1
20202021_684.html.csv,59,25,34,-1
20202021_685.html.csv,87,72,15,-1
20202021_686.html.csv,48,0,48,0
20202021_687.html.csv,94,0,94,0
20202021_69.html.csv,110,99,11,2
20202021_690.html.csv,141,0,141,0
20202021_691.html.csv,112,81,31,-1
20202021_691.html.csv,65,22,43,-1
20202021_692.html.csv,188,179,9,0
20202021_692.html.csv,168,72,96,-1
20202021_693.html.csv,114,111,3,-1
20202021_693.html.csv,61,40,21,0
20202021_694.html.csv,118,50,68,-1
20202021_695.html.csv,317,273,44,-1
20202021_696.html.csv,144,53,91,0
20202021_70.html.csv,570,570,0,2
20202021_70.html.csv,45,1,44,-1
20202021_700.html.csv,148,142,6,0
20202021_700.html.csv,120,0,120,0
20202021_701.html.csv,124,104,20,-1
20202021_702.html.csv,69,25,44,-1
20202021_705.html.csv,157,87,70,-1
20202021_707.html.csv,171,144,27,0
20202021_707.html.csv,95,82,13,-1
20202021_707.html.csv,34,0,34,0
20202021_708.html.csv,96,95,1,-1
20202021_708.html.csv,35,0,35,0
20202021_709.html.csv,99,99,0,-1
20202021_71.html.csv,101,101,0,0
20202021_71.html.csv,83,76,7,-1
20202021_71.html.csv,26,26,0,-1
20202021_710.html.csv,264,85,179,2
20202021_712.html.csv,221,208,13,0
20202021_712.html.csv,135,127,8,-1
20202021_715.html.csv,137,108,29,-1
20202021_716.html.csv,116,2,114,-1
20202021_718.html.csv,328,328,0,2
20202021_718.html.csv,114,3,111,-1
20202021_721.html.csv,115,71,44,1
20202021_721.html.csv,24,0,24,0
20202021_722.html.csv,272,227,45,1
20202021_722.html.csv,129,53,76,-1
20202021_723.html.csv,84,84,0,-2
20202021_725.html.csv,411,411,0,2
20202021_726.html.csv,118,6,112,-1
20202021_727.html.csv,37,12,25,-1
20202021_728.html.csv,137,56,81,-1
20202021_73.html.csv,59,59,0,-2
20202021_731.html.csv,172,25,147,-1
20202021_732.html.csv,586,586,0,2
20202021_734.html.csv,172,73,99,-1
20202021_735.html.csv,91,91,0,-1
20202021_735.html.csv,56,38,18,0
20202021_736.html.csv,85,8,77,-1
20202021_737.html.csv,198,90,108,-1
20202021_738.html.csv,200,168,32,1
20202021_738.html.csv,85,42,43,-1
20202021_740.html.csv,199,199,0,1
20202021_740.html.csv,157,98,59,0
20202021_740.html.csv,63,0,63,0
20202021_741.html.csv,63,52,11,-1
20202021_742.html.csv,46,0,46,0
20202021_743.html.csv,310,183,127,-1
20202021_745.html.csv,0,0,0,0
20202021_746.html.csv,53,1,52,-1
20202021_748.html.csv,107,95,12,-1
20202021_748.html.csv,84,0,84,0
20202021_749.html.csv,141,90,51,-1
20202021_750.html.csv,170,149,21,-1
20202021_751.html.csv,60,54,6,-1
20202021_753.html.csv,22,22,0,-1
20202021_754.html.csv,151,92,59,2
20202021_757.html.csv,139,88,51,-2
20202021_759.html.csv,73,0,73,0
20202021_76.html.csv,147,144,3,2
20202021_76.html.csv,12,6,6,-2
20202021_761.html.csv,134,0,134,0
20202021_762.html.csv,130,52,78,1
20202021_764.html.csv,78,0,78,0
20202021_765.html.csv,99,63,36,-1
20202021_765.html.csv,31,31,0,-1
20202021_766.html.csv,32,9,23,-1
20202021_768.html.csv,555,555,0,0
20202021_768.html.csv,133,0,133,0
20202021_769.html.csv,540,540,0,0
20202021_769.html.csv,242,206,36,0
20202021_769.html.csv,174,0,174,0
20202021_77.html.csv,108,108,0,-1
20202021_770.html.csv,114,0,114,0
20202021_773.html.csv,140,97,43,-1
20202021_776.html.csv,440,391,49,0
20202021_776.html.csv,330,327,3,-1
20202021_777.html.csv,78,9,69,-1
20202021_778.html.csv,23,0,23,0
20202021_779.html.csv,261,79,182,-1
20202021_78.html.csv,16,2,14,-1
20202021_780.html.csv,1,0,1,0
20202021_781.html.csv,86,37,49,-1
20202021_783.html.csv,264,247,17,-1
20202021_783.html.csv,58,0,58,0
20202021_784.html.csv,334,334,0,-1
20202021_785.html.csv,117,69,48,0
20202021_785.html.csv,43,15,28,1
20202021_786.html.csv,333,106,227,-2
20202021_787.html.csv,436,436,0,2
20202021_787.html.csv,56,18,38,1
20202021_789.html.csv,118,0,118,0
20202021_79.html.csv,129,129,0,-1
20202021_791.html.csv,111,83,28,-1
20202021_792.html.csv,164,63,101,0
20202021_793.html.csv,99,99,0,-1
20202021_794.html.csv,175,157,18,-1
20202021_795.html.csv,41,0,41,0
20202021_80.html.csv,231,199,32,0
20202021_80.html.csv,181,174,7,-1
20202021_802.html.csv,130,8,122,1
20202021_806.html.csv,397,397,0,2
20202021_806.html.csv,253,120,133,-1
20202021_807.html.csv,113,66,47,-1
20202021_807.html.csv,36,26,10,-1
20202021_808.html.csv,198,133,65,1
20202021_808.html.csv,101,0,101,0
20202021_81.html.csv,120,0,120,0
20202021_811.html.csv,31,0,31,0
20202021_812.html.csv,100,52,48,-1
20202021_812.html.csv,38,0,38,0
20202021_813.html.csv,515,515,0,2
20202021_814.html.csv,216,86,130,-1
20202021_815.html.csv,160,141,19,-1
20202021_816.html.csv,146,76,70,-1
20202021_818.html.csv,81,9,72,-1
20202021_819.html.csv,93,52,41,1
20202021_820.html.csv,31,0,31,0
20202021_821.html.csv,116,104,12,0
20202021_821.html.csv,42,0,42,0
20202021_822.html.csv,137,120,17,0
20202021_822.html.csv,95,0,95,0
20202021_826.html.csv,297,247,50,-1
20202021_827.html.csv,139,91,48,-1
20202021_828.html.csv,142,15,127,-1
20202021_829.html.csv,209,207,2,1
20202021_829.html.csv,85,60,25,-1
20202021_83.html.csv,59,0,59,0
20202021_830.html.csv,189,100,89,-1
20202021_831.html.csv,124,85,39,0
20202021_831.html.csv,49,1,48,-1
20202021_833.html.csv,307,303,4,0
20202021_835.html.csv,375,375,0,2
20202021_836.html.csv,65,37,28,-1
20202021_837.html.csv,146,0,146,0
20202021_838.html.csv,117,117,0,0
20202021_839.html.csv,71,0,71,0
20202021_840.html.csv,63,44,19,0
20202021_840.html.csv,31,31,0,-1
20202021_840.html.csv,18,0,18,0
20202021_843.html.csv,107,0,107,0
20202021_844.html.csv,144,144,0,2
20202021_845.html.csv,122,122,0,-1
20202021_845.html.csv,98,48,50,-1
20202021_848.html.csv,49,0,49,0
20202021_85.html.csv,145,17,128,-1
20202021_850.html.csv,130,130,0,0
20202021_852.html.csv,60,0,60,0
20202021_853.html.csv,63,0,63,-1
20202021_854.html.csv,52,0,52,0
20202021_856.html.csv,169,169,0,2
20202021_856.html.csv,40,40,0,1
20202021_858.html.csv,70,0,70,0
20202021_86.html.csv,33,32,1,0
20202021_861.html.csv,69,63,6,-1
20202021_862.html.csv,137,28,109,-2
20202021_863.html.csv,33,33,0,-2
20202021_864.html.csv,184,128,56,0
20202021_864.html.csv,115,60,55,1
20202021_864.html.csv,19,19,0,-1
20202021_865.html.csv,58,26,32,1
20202021_866.html.csv,122,77,45,0
20202021_866.html.csv,61,49,12,-1
20202021_867.html.csv,74,0,74,0
20202021_868.html.csv,115,49,66,1
20202021_87.html.csv,396,396,0,2
20202021_87.html.csv,95,0,95,0
20202021_88.html.csv,89,29,60,-1
20202021_89.html.csv,51,0,51,0
20202021_9.html.csv,133,28,105,-1
20202021_90.html.csv,2,0,2,0
20202021_91.html.csv,276,252,24,2
20202021_91.html.csv,100,100,0,-1
20202021_91.html.csv,69,69,0,0
20202021_91.html.csv,44,24,20,0
20202021_92.html.csv,406,406,0,-2
20202021_94.html.csv,97,97,0,2
20202021_95.html.csv,129,96,33,-1
20202021_95.html.csv,6,6,0,0
20202021_96.html.csv,16,0,16,0
20202021_97.html.csv,129,55,74,0
20202021_97.html.csv,40,40,0,-1
20202021_98.html.csv,77,3,74,1
20212022_1.html.csv,372,337,35,1
20212022_1.html.csv,307,307,0,-1
20212022_1.html.csv,228,222,6,0
20212022_1.html.csv,205,191,14,1
20212022_1.html.csv,159,145,14,-1
20212022_1.html.csv,109,109,0,-1
20212022_10.html.csv,274,267,7,2
20212022_100.html.csv,159,152,7,0
20212022_100.html.csv,130,62,68,1
20212022_101.html.csv,117,59,58,-1
20212022_101.html.csv,12,0,12,0
20212022_104.html.csv,565,565,0,2
20212022_104.html.csv,105,25,80,-1
20212022_105.html.csv,109,0,109,0
20212022_106.html.csv,84,80,4,2
20212022_108.html.csv,47,0,47,0
20212022_109.html.csv,202,128,74,-1
20212022_110.html.csv,91,8,83,-1
20212022_113.html.csv,519,519,0,2
20212022_113.html.csv,65,21,44,-1
20212022_115.html.csv,216,8,208,0
20212022_118.html.csv,100,29,71,1
20212022_118.html.csv,13,13,0,-2
20212022_119.html.csv,57,40,17,2
20212022_12.html.csv,174,75,99,-2
20212022_120.html.csv,80,0,80,0
20212022_122.html.csv,165,132,33,-1
20212022_123.html.csv,283,229,54,-1
20212022_124.html.csv,200,181,19,2
20212022_124.html.csv,50,0,50,1
20212022_128.html.csv,95,0,95,0
20212022_129.html.csv,111,70,41,-1
20212022_129.html.csv,39,4,35,0
20212022_13.html.csv,245,232,13,2
20212022_130.html.csv,0,0,0,0
20212022_131.html.csv,114,99,15,-1
20212022_131.html.csv,71,0,71,0
20212022_132.html.csv,517,517,0,2
20212022_132.html.csv,71,71,0,0
20212022_132.html.csv,35,0,35,0
20212022_136.html.csv,230,121,109,-1
20212022_137.html.csv,105,97,8,-1
20212022_139.html.csv,2,0,2,0
20212022_14.html.csv,88,81,7,-1
20212022_14.html.csv,32,0,32,0
20212022_141.html.csv,595,572,23,2
20212022_143.html.csv,58,0,58,0
20212022_144.html.csv,85,0,85,0
20212022_145.html.csv,213,206,7,1
20212022_145.html.csv,103,52,51,1
20212022_146.html.csv,215,190,25,-1
20212022_147.html.csv,67,60,7,-2
20212022_149.html.csv,125,125,0,0
20212022_149.html.csv,79,42,37,1
20212022_15.html.csv,315,254,61,-2
20212022_150.html.csv,71,67,4,0
20212022_151.html.csv,236,170,66,-1
20212022_154.html.csv,454,454,0,2
20212022_154.html.csv,323,323,0,0
20212022_154.html.csv,237,237,0,1
20212022_155.html.csv,86,60,26,-1
20212022_156.html.csv,154,77,77,-1
20212022_159.html.csv,88,0,88,0
20212022_161.html.csv,75,24,51,1
20212022_163.html.csv,120,43,77,-1
20212022_164.html.csv,178,171,7,-1
20212022_164.html.csv,125,35,90,-1
20212022_165.html.csv,60,34,26,-1
20212022_166.html.csv,197,59,138,-1
20212022_167.html.csv,230,199,31,1
20212022_167.html.csv,96,3,93,1
20212022_168.html.csv,129,0,129,0
20212022_169.html.csv,40,30,10,-1
20212022_17.html.csv,97,26,71,1
20212022_170.html.csv,209,209,0,2
20212022_170.html.csv,89,31,58,0
20212022_172.html.csv,80,78,2,1
20212022_172.html.csv,48,0,48,0
20212022_174.html.csv,452,452,0,2
20212022_174.html.csv,248,11,237,-1
20212022_176.html.csv,596,596,0,0
20212022_176.html.csv,107,107,0,-1
20212022_176.html.csv,49,49,0,-1
20212022_177.html.csv,161,141,20,-1
20212022_178.html.csv,314,48,266,-1
20212022_179.html.csv,247,227,20,-1
20212022_18.html.csv,176,144,32,2
20212022_18.html.csv,94,72,22,1
20212022_180.html.csv,57,40,17,1
20212022_180.html.csv,11,0,11,0
20212022_181.html.csv,7,0,7,0
20212022_182.html.csv,498,498,0,2
20212022_182.html.csv,86,0,86,0
20212022_184.html.csv,103,6,97,-1
20212022_186.html.csv,321,229,92,-1
20212022_189.html.csv,100,63,37,-1
20212022_189.html.csv,41,41,0,-1
20212022_19.html.csv,539,539,0,2
20212022_19.html.csv,1,0,1,0
20212022_191.html.csv,231,114,117,2
20212022_191.html.csv,17,0,17,0
20212022_193.html.csv,105,43,62,-1
20212022_193.html.csv,29,0,29,0
20212022_195.html.csv,124,124,0,0
20212022_195.html.csv,117,0,117,0
20212022_196.html.csv,573,573,0,2
20212022_196.html.csv,83,7,76,-1
20212022_197.html.csv,132,4,128,-2
20212022_197.html.csv,4,4,0,2
20212022_198.html.csv,129,0,129,0
20212022_2.html.csv,543,543,0,2
20212022_2.html.csv,72,0,72,0
20212022_20.html.csv,125,97,28,-1
20212022_20.html.csv,73,39,34,2
20212022_202.html.csv,84,33,51,-1
20212022_204.html.csv,170,63,107,2
20212022_205.html.csv,140,21,119,-1
20212022_206.html.csv,127,0,127,0
20212022_208.html.csv,89,0,89,0
20212022_209.html.csv,37,0,37,0
20212022_210.html.csv,86,86,0,2
20212022_211.html.csv,12,0,12,0
20212022_212.html.csv,251,243,8,1
20212022_212.html.csv,213,49,164,-1
20212022_215.html.csv,150,116,34,0
20212022_215.html.csv,81,54,27,-1
20212022_216.html.csv,171,0,171,0
20212022_217.html.csv,140,0,140,2
20212022_219.html.csv,147,123,24,-1
20212022_22.html.csv,168,77,91,0
20212022_22.html.csv,59,0,59,0
20212022_221.html.csv,203,203,0,-1
20212022_223.html.csv,308,306,2,-1
20212022_223.html.csv,267,39,228,1
20212022_224.html.csv,118,118,0,-1
20212022_229.html.csv,184,184,0,0
20212022_229.html.csv,151,146,5,0
20212022_229.html.csv,95,58,37,-1
20212022_23.html.csv,68,10,58,-1
20212022_231.html.csv,43,3,40,-1
20212022_232.html.csv,156,23,133,-1
20212022_235.html.csv,68,52,16,0
20212022_237.html.csv,28,28,0,0
20212022_238.html.csv,96,0,96,0
20212022_239.html.csv,146,97,49,-1
20212022_24.html.csv,138,58,80,-1
20212022_24.html.csv,34,3,31,-2
20212022_240.html.csv,222,0,222,0
20212022_241.html.csv,150,97,53,-1
20212022_242.html.csv,158,0,158,0
20212022_244.html.csv,107,11,96,-1
20212022_245.html.csv,107,78,29,-1
20212022_246.html.csv,218,109,109,1
20212022_246.html.csv,95,26,69,-1
20212022_248.html.csv,94,0,94,0
20212022_29.html.csv,72,72,0,-1
20212022_29.html.csv,45,45,0,1
20212022_29.html.csv,18,0,18,0
20212022_30.html.csv,356,324,32,1
20212022_30.html.csv,277,277,0,0
20212022_30.html.csv,222,222,0,1
20212022_30.html.csv,180,170,10,0
20212022_30.html.csv,67,20,47,-1
20212022_31.html.csv,134,97,37,-1
20212022_32.html.csv,94,0,94,0
20212022_33.html.csv,98,0,98,0
20212022_34.html.csv,68,0,68,0
20212022_39.html.csv,219,175,44,-1
20212022_41.html.csv,93,74,19,-1
20212022_41.html.csv,39,10,29,-1
20212022_42.html.csv,212,126,86,-1
20212022_43.html.csv,407,407,0,0
20212022_43.html.csv,78,20,58,-1
20212022_45.html.csv,296,262,34,2
20212022_45.html.csv,149,141,8,-1
20212022_47.html.csv,98,0,98,0
20212022_48.html.csv,167,76,91,0
20212022_48.html.csv,62,59,3,1
20212022_49.html.csv,127,61,66,-1
20212022_49.html.csv,36,19,17,1
20212022_49.html.csv,6,0,6,0
20212022_5.html.csv,88,0,88,0
20212022_51.html.csv,134,72,62,-1
20212022_52.html.csv,191,39,152,-1
20212022_53.html.csv,54,0,54,0
20212022_54.html.csv,145,138,7,-1
20212022_55.html.csv,95,73,22,-1
20212022_58.html.csv,191,190,1,2
20212022_58.html.csv,62,62,0,-1
20212022_59.html.csv,146,6,140,-1
20212022_60.html.csv,236,169,67,-1
20212022_62.html.csv,238,238,0,2
20212022_62.html.csv,108,108,0,-1
20212022_63.html.csv,88,40,48,-1
20212022_65.html.csv,96,12,84,-1
20212022_66.html.csv,415,404,11,-1
20212022_67.html.csv,72,72,0,0
20212022_67.html.csv,56,11,45,2
20212022_68.html.csv,162,155,7,1
20212022_70.html.csv,120,72,48,-1
20212022_70.html.csv,41,24,17,0
20212022_73.html.csv,93,93,0,2
20212022_76.html.csv,172,0,172,0
20212022_78.html.csv,60,60,0,-1
20212022_78.html.csv,36,0,36,0
20212022_79.html.csv,96,0,96,0
20212022_8.html.csv,45,42,3,-2
20212022_81.html.csv,351,172,179,2
20212022_82.html.csv,141,0,141,0
20212022_83.html.csv,341,335,6,-1
20212022_83.html.csv,315,150,165,-1
20212022_84.html.csv,185,0,185,0
20212022_85.html.csv,89,39,50,-1
20212022_87.html.csv,225,188,37,0
20212022_87.html.csv,128,128,0,0
20212022_87.html.csv,60,60,0,-1
20212022_88.html.csv,238,139,99,1
20212022_88.html.csv,109,109,0,-1
20212022_89.html.csv,99,75,24,-1
20212022_9.html.csv,139,139,0,1
20212022_90.html.csv,214,210,4,2
20212022_90.html.csv,101,0,101,0
20212022_91.html.csv,188,185,3,-1
20212022_91.html.csv,119,65,54,-1
20212022_92.html.csv,56,53,3,-1
20212022_92.html.csv,41,0,41,0
20212022_93.html.csv,109,30,79,-1
20212022_94.html.csv,35,0,35,0
20212022_95.html.csv,91,80,11,1
20212022_95.html.csv,24,0,24,0
20212022_97.html.csv,180,26,154,-1
20212022_98.html.csv,1,0,1,0
20222023_1.html.csv,98,32,66,-1
20222023_10.html.csv,101,101,0,0
20222023_100.html.csv,88,27,61,-1
20222023_1000.html.csv,307,286,21,2
20222023_1000.html.csv,116,116,0,-1
20222023_1002.html.csv,131,108,23,-1
20222023_1003.html.csv,69,0,69,0
20222023_1006.html.csv,78,6,72,0
20222023_1007.html.csv,106,11,95,1
20222023_1008.html.csv,7,0,7,0
20222023_101.html.csv,64,31,33,-1
20222023_1011.html.csv,120,113,7,0
20222023_1011.html.csv,103,2,101,-1
20222023_1014.html.csv,165,160,5,-2
20222023_1015.html.csv,232,232,0,2
20222023_1015.html.csv,109,0,109,0
20222023_1016.html.csv,105,68,37,0
20222023_1016.html.csv,13,0,13,0
20222023_1017.html.csv,152,0,152,0
20222023_1021.html.csv,43,18,25,-1
20222023_1022.html.csv,589,589,0,2
20222023_1022.html.csv,105,0,105,0
20222023_1023.html.csv,76,38,38,-1
20222023_1026.html.csv,111,0,111,0
20222023_1027.html.csv,131,75,56,1
20222023_103.html.csv,132,23,109,-1
20222023_1030.html.csv,342,340,2,2
20222023_1030.html.csv,134,33,101,0
20222023_1030.html.csv,2,0,2,0
20222023_1031.html.csv,136,127,9,1
20222023_1031.html.csv,93,46,47,2
20222023_1032.html.csv,228,174,54,-2
20222023_1033.html.csv,232,155,77,-1
20222023_1034.html.csv,311,120,191,1
20222023_1034.html.csv,96,37,59,-1
20222023_1035.html.csv,96,0,96,0
20222023_1036.html.csv,162,45,117,1
20222023_1037.html.csv,81,2,79,-1
20222023_1038.html.csv,128,0,128,0
20222023_1039.html.csv,163,98,65,-1
20222023_1042.html.csv,2,2,0,-1
20222023_1043.html.csv,110,50,60,-1
20222023_1044.html.csv,90,90,0,-1
20222023_1044.html.csv,53,0,53,0
20222023_1045.html.csv,288,245,43,1
20222023_1045.html.csv,148,77,71,-1
20222023_1046.html.csv,303,84,219,-1
20222023_1049.html.csv,119,70,49,1
20222023_1050.html.csv,122,118,4,2
20222023_1051.html.csv,203,117,86,-1
20222023_1053.html.csv,143,114,29,0
20222023_1053.html.csv,97,24,73,-1
20222023_1056.html.csv,81,7,74,-1
20222023_1057.html.csv,101,0,101,0
20222023_106.html.csv,162,136,26,1
20222023_106.html.csv,93,0,93,0
20222023_1060.html.csv,141,141,0,1
20222023_1060.html.csv,120,26,94,1
20222023_1061.html.csv,237,192,45,0
20222023_1061.html.csv,164,62,102,1
20222023_1061.html.csv,53,0,53,0
20222023_1064.html.csv,90,35,55,-1
20222023_1066.html.csv,140,92,48,-1
20222023_1066.html.csv,43,1,42,-2
20222023_1067.html.csv,140,131,9,-1
20222023_1067.html.csv,93,0,93,0
20222023_1068.html.csv,4,4,0,-1
20222023_1069.html.csv,193,160,33,2
20222023_1069.html.csv,74,0,74,0
20222023_107.html.csv,268,28,240,2
20222023_1070.html.csv,84,45,39,-1
20222023_1071.html.csv,143,133,10,-1
20222023_1073.html.csv,276,235,41,0
20222023_1075.html.csv,53,53,0,-1
20222023_1080.html.csv,41,41,0,2
20222023_1082.html.csv,52,50,2,-1
20222023_1082.html.csv,36,0,36,0
20222023_1083.html.csv,235,225,10,2
20222023_1084.html.csv,171,6,165,-1
20222023_1085.html.csv,140,25,115,1
20222023_1085.html.csv,10,0,10,0
20222023_1086.html.csv,237,163,74,-1
20222023_1087.html.csv,257,257,0,-1
20222023_1088.html.csv,95,0,95,0
20222023_109.html.csv,50,27,23,-1
20222023_1093.html.csv,146,99,47,-1
20222023_1094.html.csv,76,48,28,-1
20222023_1094.html.csv,36,34,2,-1
20222023_1096.html.csv,212,117,95,-1
20222023_1098.html.csv,31,0,31,0
20222023_1099.html.csv,306,306,0,2
20222023_1099.html.csv,136,7,129,2
20222023_110.html.csv,125,2,123,-1
20222023_1100.html.csv,93,21,72,-1
20222023_1101.html.csv,75,44,31,-1
20222023_1102.html.csv,132,116,16,0
20222023_1102.html.csv,94,46,48,2
20222023_1106.html.csv,366,366,0,2
20222023_1106.html.csv,192,192,0,1
20222023_1106.html.csv,105,39,66,-1
20222023_1106.html.csv,5,0,5,0
20222023_1108.html.csv,587,587,0,2
20222023_1109.html.csv,254,214,40,1
20222023_1109.html.csv,128,13,115,-2
20222023_1109.html.csv,13,0,13,-2
20222023_1112.html.csv,69,12,57,-1
20222023_1113.html.csv,242,183,59,-2
20222023_1114.html.csv,67,0,67,0
20222023_1115.html.csv,120,89,31,0
20222023_1115.html.csv,53,0,53,0
20222023_1116.html.csv,162,162,0,-2
20222023_112.html.csv,124,0,124,0
20222023_1120.html.csv,13,0,13,0
20222023_1121.html.csv,80,47,33,1
20222023_1122.html.csv,263,121,142,-1
20222023_1124.html.csv,188,143,45,-1
20222023_1125.html.csv,127,125,2,2
20222023_1125.html.csv,3,0,3,0
20222023_1126.html.csv,27,27,0,0
20222023_1126.html.csv,0,0,0,0
20222023_1127.html.csv,371,364,7,-1
20222023_1130.html.csv,206,206,0,1
20222023_1130.html.csv,150,1,149,1
20222023_1132.html.csv,174,143,31,0
20222023_1132.html.csv,98,23,75,-2
20222023_1133.html.csv,299,19,280,-1
20222023_1136.html.csv,99,94,5,2
20222023_1137.html.csv,109,0,109,0
20222023_1138.html.csv,100,0,100,0
20222023_1139.html.csv,394,385,9,-1
20222023_114.html.csv,19,0,19,0
20222023_1141.html.csv,220,151,69,0
20222023_1141.html.csv,141,136,5,1
20222023_1141.html.csv,127,127,0,0
20222023_1141.html.csv,92,70,22,0
20222023_1141.html.csv,36,4,32,-2
20222023_1143.html.csv,77,68,9,2
20222023_1144.html.csv,548,543,5,2
20222023_1144.html.csv,134,0,134,0
20222023_1146.html.csv,309,308,1,2
20222023_1146.html.csv,155,36,119,0
20222023_1146.html.csv,16,0,16,0
20222023_1148.html.csv,57,0,57,0
20222023_1149.html.csv,598,589,9,2
20222023_1149.html.csv,152,91,61,-2
20222023_115.html.csv,375,286,89,-1
20222023_1150.html.csv,345,335,10,2
20222023_1150.html.csv,210,79,131,-1
20222023_1151.html.csv,45,0,45,0
20222023_1153.html.csv,110,70,40,-1
20222023_1154.html.csv,96,96,0,-1
20222023_1155.html.csv,31,31,0,-1
20222023_1156.html.csv,89,0,89,-2
20222023_1157.html.csv,132,32,100,-1
20222023_1159.html.csv,55,43,12,-1
20222023_1159.html.csv,0,0,0,0
20222023_116.html.csv,2,0,2,0
20222023_1160.html.csv,130,77,53,-1
20222023_1161.html.csv,123,0,123,0
20222023_1162.html.csv,407,406,1,2
20222023_1162.html.csv,69,69,0,0
20222023_1162.html.csv,45,0,45,0
20222023_1167.html.csv,344,344,0,2
20222023_1167.html.csv,106,102,4,1
20222023_1167.html.csv,52,0,52,0
20222023_1168.html.csv,165,102,63,1
20222023_1168.html.csv,63,63,0,-1
20222023_1169.html.csv,57,49,8,1
20222023_1169.html.csv,28,0,28,0
20222023_117.html.csv,230,127,103,0
20222023_117.html.csv,109,8,101,-2
20222023_1170.html.csv,128,90,38,-1
20222023_1172.html.csv,167,62,105,-1
20222023_1175.html.csv,97,0,97,0
20222023_1176.html.csv,266,219,47,-1
20222023_1177.html.csv,113,106,7,-1
20222023_1177.html.csv,45,0,45,1
20222023_1178.html.csv,79,79,0,-1
20222023_1178.html.csv,57,2,55,1
20222023_1179.html.csv,399,261,138,-1
20222023_118.html.csv,94,85,9,-1
20222023_118.html.csv,60,51,9,2
20222023_118.html.csv,13,0,13,0
20222023_1180.html.csv,161,48,113,0
20222023_1180.html.csv,43,37,6,-1
20222023_1181.html.csv,159,54,105,1
20222023_1183.html.csv,91,0,91,0
20222023_1186.html.csv,158,140,18,2
20222023_1188.html.csv,99,52,47,2
20222023_1189.html.csv,393,393,0,2
20222023_1190.html.csv,103,102,1,2
20222023_1190.html.csv,48,20,28,-1
20222023_1191.html.csv,104,0,104,0
20222023_1192.html.csv,188,188,0,2
20222023_1192.html.csv,30,0,30,0
20222023_1196.html.csv,162,73,89,-1
20222023_1196.html.csv,37,0,37,0
20222023_1197.html.csv,117,104,13,0
20222023_1197.html.csv,80,0,80,0
20222023_1198.html.csv,135,135,0,-1
20222023_12.html.csv,247,119,128,-1
20222023_120.html.csv,72,70,2,2
20222023_1203.html.csv,152,61,91,-1
20222023_1205.html.csv,291,288,3,2
20222023_1205.html.csv,63,57,6,2
20222023_1210.html.csv,298,0,298,0
20222023_1211.html.csv,122,122,0,-1
20222023_1212.html.csv,252,188,64,-1
20222023_1212.html.csv,105,105,0,2
20222023_1212.html.csv,76,12,64,-1
20222023_1214.html.csv,51,46,5,-1
20222023_1215.html.csv,216,74,142,-1
20222023_1218.html.csv,84,25,59,1
20222023_1219.html.csv,21,0,21,0
20222023_1221.html.csv,149,149,0,1
20222023_1221.html.csv,100,72,28,-1
20222023_1221.html.csv,27,0,27,0
20222023_1222.html.csv,170,132,38,-1
20222023_1224.html.csv,54,43,11,0
20222023_1224.html.csv,16,0,16,0
20222023_1225.html.csv,166,49,117,-1
20222023_1226.html.csv,91,35,56,1
20222023_1229.html.csv,52,41,11,0
20222023_123.html.csv,60,60,0,2
20222023_1230.html.csv,106,63,43,-1
20222023_1231.html.csv,244,244,0,2
20222023_1233.html.csv,183,182,1,2
20222023_1234.html.csv,94,32,62,-1
20222023_1236.html.csv,165,0,165,0
20222023_1237.html.csv,102,96,6,-1
20222023_1238.html.csv,150,60,90,-1
20222023_124.html.csv,599,598,1,0
20222023_1240.html.csv,70,0,70,0
20222023_1241.html.csv,439,439,0,2
20222023_1242.html.csv,115,102,13,-1
20222023_1247.html.csv,259,182,77,-1
20222023_1248.html.csv,86,60,26,1
20222023_125.html.csv,177,177,0,-2
20222023_125.html.csv,177,130,47,-1
20222023_1250.html.csv,170,164,6,-1
20222023_1254.html.csv,73,60,13,0
20222023_1254.html.csv,50,25,25,-1
20222023_1257.html.csv,137,0,137,0
20222023_1258.html.csv,522,522,0,2
20222023_1258.html.csv,138,113,25,-1
20222023_1260.html.csv,80,35,45,1
20222023_1261.html.csv,40,40,0,-1
20222023_1264.html.csv,137,9,128,0
20222023_1265.html.csv,90,90,0,0
20222023_1265.html.csv,52,0,52,2
20222023_1267.html.csv,72,19,53,-1
20222023_127.html.csv,395,395,0,1
20222023_1272.html.csv,137,4,133,2
20222023_1272.html.csv,4,4,0,-2
20222023_1272.html.csv,4,0,4,0
20222023_1273.html.csv,133,0,133,0
20222023_1276.html.csv,151,0,151,0
20222023_1277.html.csv,264,256,8,-1
20222023_1277.html.csv,239,197,42,1
20222023_1277.html.csv,138,70,68,-1
20222023_128.html.csv,133,14,119,-1
20222023_1281.html.csv,92,61,31,-1
20222023_1284.html.csv,123,97,26,-1
20222023_1285.html.csv,180,152,28,-1
20222023_1285.html.csv,129,105,24,-1
20222023_1286.html.csv,129,84,45,-1
20222023_1286.html.csv,23,23,0,-1
20222023_1288.html.csv,177,177,0,0
20222023_1288.html.csv,152,42,110,-1
20222023_1289.html.csv,181,117,64,2
20222023_129.html.csv,228,228,0,2
20222023_129.html.csv,39,0,39,0
20222023_1290.html.csv,171,109,62,-1
20222023_1291.html.csv,143,47,96,2
20222023_1291.html.csv,28,28,0,2
20222023_1292.html.csv,307,307,0,2
20222023_1294.html.csv,134,134,0,2
20222023_1294.html.csv,9,0,9,0
20222023_1295.html.csv,84,0,84,0
20222023_1297.html.csv,154,60,94,-1
20222023_1298.html.csv,42,0,42,0
20222023_1299.html.csv,162,160,2,-1
20222023_1299.html.csv,122,10,112,1
20222023_1299.html.csv,10,10,0,-2
20222023_13.html.csv,90,42,48,-1
20222023_13.html.csv,31,27,4,-1
20222023_1300.html.csv,276,241,35,-1
20222023_1304.html.csv,180,168,12,2
20222023_1304.html.csv,35,2,33,0
20222023_1306.html.csv,161,120,41,1
20222023_1307.html.csv,63,0,63,0
20222023_1309.html.csv,96,89,7,-1
20222023_1310.html.csv,124,99,25,-1
20222023_1312.html.csv,126,126,0,-2
20222023_1312.html.csv,126,126,0,2
20222023_1312.html.csv,87,38,49,-1
20222023_132.html.csv,101,0,101,0
20222023_133.html.csv,158,95,63,-1
20222023_134.html.csv,188,187,1,0
20222023_134.html.csv,93,83,10,0
20222023_134.html.csv,56,0,56,0
20222023_135.html.csv,109,81,28,-1
20222023_135.html.csv,56,30,26,1
20222023_135.html.csv,6,0,6,0
20222023_136.html.csv,249,165,84,-1
20222023_137.html.csv,50,0,50,0
20222023_138.html.csv,127,60,67,-1
20222023_14.html.csv,107,75,32,-1
20222023_14.html.csv,43,7,36,0
20222023_141.html.csv,51,0,51,0
20222023_143.html.csv,298,288,10,2
20222023_145.html.csv,115,115,0,2
20222023_147.html.csv,93,77,16,1
20222023_148.html.csv,121,55,66,0
20222023_148.html.csv,24,0,24,0
20222023_15.html.csv,225,225,0,2
20222023_15.html.csv,63,41,22,2
20222023_151.html.csv,211,188,23,-1
20222023_152.html.csv,132,14,118,-1
20222023_154.html.csv,152,97,55,-1
20222023_155.html.csv,101,0,101,0
20222023_156.html.csv,148,67,81,-1
20222023_156.html.csv,44,5,39,0
20222023_157.html.csv,129,62,67,-1
20222023_158.html.csv,190,132,58,1
20222023_160.html.csv,148,96,52,-1
20222023_160.html.csv,17,7,10,-1
20222023_161.html.csv,78,58,20,-1
20222023_163.html.csv,64,0,64,0
20222023_164.html.csv,47,28,19,-1
20222023_166.html.csv,153,92,61,-1
20222023_169.html.csv,140,14,126,-1
20222023_17.html.csv,310,248,62,0
20222023_170.html.csv,68,0,68,0
20222023_171.html.csv,108,108,0,2
20222023_173.html.csv,136,82,54,1
20222023_174.html.csv,411,408,3,2
20222023_174.html.csv,147,134,13,-1
20222023_175.html.csv,199,64,135,-1
20222023_178.html.csv,11,0,11,0
20222023_179.html.csv,66,0,66,0
20222023_18.html.csv,131,24,107,0
20222023_180.html.csv,75,58,17,-1
20222023_181.html.csv,319,285,34,-2
20222023_181.html.csv,138,18,120,0
20222023_182.html.csv,103,103,0,0
20222023_182.html.csv,70,0,70,0
20222023_183.html.csv,79,79,0,0
20222023_183.html.csv,62,41,21,0
20222023_183.html.csv,16,0,16,0
20222023_184.html.csv,118,0,118,0
20222023_188.html.csv,130,88,42,1
20222023_189.html.csv,114,1,113,-2
20222023_19.html.csv,70,0,70,0
20222023_191.html.csv,151,0,151,0
20222023_192.html.csv,583,583,0,2
20222023_192.html.csv,116,97,19,-2
20222023_192.html.csv,1,0,1,0
20222023_194.html.csv,182,0,182,0
20222023_195.html.csv,66,66,0,1
20222023_195.html.csv,38,0,38,0
20222023_196.html.csv,137,130,7,-1
20222023_197.html.csv,48,0,48,0
20222023_198.html.csv,126,0,126,0
20222023_2.html.csv,149,0,149,0
20222023_20.html.csv,182,153,29,2
20222023_20.html.csv,0,0,0,-2
20222023_200.html.csv,83,45,38,-1
20222023_200.html.csv,13,13,0,2
20222023_202.html.csv,115,0,115,0
20222023_204.html.csv,212,178,34,-1
20222023_205.html.csv,178,154,24,0
20222023_205.html.csv,146,71,75,-1
20222023_206.html.csv,108,0,108,0
20222023_207.html.csv,167,6,161,-1
20222023_208.html.csv,96,96,0,-1
20222023_211.html.csv,69,33,36,-1
20222023_214.html.csv,148,99,49,-1
20222023_214.html.csv,91,91,0,0
20222023_214.html.csv,77,18,59,-1
20222023_215.html.csv,117,117,0,0
20222023_215.html.csv,23,8,15,-1
20222023_216.html.csv,98,31,67,-1
20222023_218.html.csv,109,19,90,-1
20222023_219.html.csv,192,139,53,0
20222023_219.html.csv,81,0,81,0
20222023_22.html.csv,146,83,63,0
20222023_22.html.csv,77,61,16,-1
20222023_22.html.csv,54,48,6,-1
20222023_221.html.csv,84,13,71,-1
20222023_223.html.csv,580,555,25,0
20222023_223.html.csv,124,0,124,0
20222023_224.html.csv,128,0,128,0
20222023_225.html.csv,251,234,17,-1
20222023_226.html.csv,149,86,63,-1
20222023_227.html.csv,114,47,67,0
20222023_227.html.csv,19,0,19,0
20222023_23.html.csv,64,20,44,-1
20222023_230.html.csv,334,334,0,2
20222023_230.html.csv,63,0,63,0
20222023_232.html.csv,122,109,13,0
20222023_232.html.csv,91,1,90,0
20222023_233.html.csv,130,130,0,-1
20222023_234.html.csv,85,0,85,0
20222023_235.html.csv,124,0,124,0
20222023_236.html.csv,97,0,97,0
20222023_237.html.csv,228,121,107,1
20222023_237.html.csv,76,0,76,0
20222023_24.html.csv,93,83,10,0
20222023_24.html.csv,43,0,43,0
20222023_242.html.csv,170,164,6,-1
20222023_243.html.csv,78,26,52,2
20222023_244.html.csv,142,70,72,-1
20222023_246.html.csv,108,104,4,2
20222023_246.html.csv,104,79,25,1
20222023_246.html.csv,40,0,40,0
20222023_249.html.csv,234,4,230,-1
20222023_25.html.csv,19,0,19,-2
20222023_251.html.csv,182,143,39,-1
20222023_252.html.csv,121,0,121,0
20222023_253.html.csv,529,525,4,1
20222023_253.html.csv,155,84,71,-1
20222023_254.html.csv,109,0,109,2
20222023_254.html.csv,0,0,0,0
20222023_255.html.csv,111,47,64,1
20222023_256.html.csv,111,111,0,-1
20222023_256.html.csv,85,16,69,-1
20222023_257.html.csv,85,75,10,0
20222023_257.html.csv,61,41,20,-1
20222023_259.html.csv,89,53,36,-1
20222023_259.html.csv,39,0,39,0
20222023_26.html.csv,140,118,22,2
20222023_260.html.csv,104,61,43,0
20222023_260.html.csv,14,14,0,-1
20222023_261.html.csv,130,109,21,2
20222023_262.html.csv,134,18,116,-1
20222023_263.html.csv,143,133,10,-1
20222023_263.html.csv,106,0,106,0
20222023_264.html.csv,129,129,0,1
20222023_266.html.csv,43,0,43,0
20222023_267.html.csv,50,0,50,0
20222023_268.html.csv,226,209,17,-1
20222023_269.html.csv,343,338,5,2
20222023_27.html.csv,195,168,27,-1
20222023_270.html.csv,231,220,11,2
20222023_272.html.csv,188,75,113,-1
20222023_274.html.csv,251,149,102,-1
20222023_280.html.csv,110,3,107,1
20222023_281.html.csv,60,4,56,-1
20222023_284.html.csv,115,21,94,-1
20222023_288.html.csv,116,116,0,0
20222023_288.html.csv,76,0,76,-1
20222023_289.html.csv,221,149,72,-2
20222023_289.html.csv,43,0,43,0
20222023_29.html.csv,91,0,91,-2
20222023_29.html.csv,0,0,0,-2
20222023_290.html.csv,103,17,86,-1
20222023_291.html.csv,235,180,55,0
20222023_291.html.csv,63,0,63,0
20222023_292.html.csv,465,464,1,2
20222023_292.html.csv,140,111,29,-1
20222023_292.html.csv,37,37,0,-1
20222023_294.html.csv,344,288,56,1
20222023_294.html.csv,212,188,24,1
20222023_294.html.csv,107,39,68,1
20222023_296.html.csv,102,19,83,-1
20222023_298.html.csv,65,26,39,1
20222023_299.html.csv,133,59,74,-1
20222023_3.html.csv,108,0,108,0
20222023_30.html.csv,72,0,72,0
20222023_300.html.csv,124,0,124,0
20222023_302.html.csv,50,50,0,-1
20222023_303.html.csv,278,127,151,-1
20222023_304.html.csv,130,130,0,-1
20222023_306.html.csv,131,113,18,-1
20222023_306.html.csv,72,69,3,2
20222023_308.html.csv,134,0,134,0
20222023_31.html.csv,276,245,31,-1
20222023_311.html.csv,112,74,38,0
20222023_311.html.csv,21,21,0,-1
20222023_313.html.csv,58,9,49,-1
20222023_314.html.csv,121,45,76,0
20222023_314.html.csv,22,0,22,0
20222023_315.html.csv,105,101,4,-1
20222023_316.html.csv,171,35,136,-1
20222023_317.html.csv,150,128,22,0
20222023_317.html.csv,107,63,44,-2
20222023_32.html.csv,250,247,3,2
20222023_320.html.csv,71,66,5,0
20222023_320.html.csv,19,0,19,0
20222023_322.html.csv,266,214,52,1
20222023_322.html.csv,120,0,120,0
20222023_325.html.csv,372,372,0,2
20222023_325.html.csv,156,156,0,2
20222023_325.html.csv,32,26,6,1
20222023_326.html.csv,82,0,82,0
20222023_327.html.csv,194,60,134,0
20222023_327.html.csv,22,0,22,0
20222023_328.html.csv,243,228,15,-1
20222023_329.html.csv,81,0,81,0
20222023_330.html.csv,132,132,0,1
20222023_330.html.csv,102,20,82,1
20222023_330.html.csv,4,0,4,0
20222023_331.html.csv,351,338,13,2
20222023_331.html.csv,216,148,68,-1
20222023_332.html.csv,4,0,4,0
20222023_333.html.csv,48,0,48,0
20222023_338.html.csv,27,27,0,0
20222023_338.html.csv,1,0,1,0
20222023_34.html.csv,73,0,73,0
20222023_341.html.csv,108,108,0,1
20222023_341.html.csv,60,0,60,0
20222023_343.html.csv,82,71,11,0
20222023_343.html.csv,11,0,11,0
20222023_346.html.csv,446,446,0,2
20222023_346.html.csv,124,16,108,-1
20222023_348.html.csv,157,0,157,0
20222023_349.html.csv,1,0,1,0
20222023_35.html.csv,284,113,171,0
20222023_35.html.csv,75,73,2,-1
20222023_350.html.csv,155,155,0,-1
20222023_351.html.csv,91,5,86,1
20222023_352.html.csv,110,110,0,0
20222023_352.html.csv,58,58,0,1
20222023_353.html.csv,124,80,44,0
20222023_353.html.csv,49,34,15,-1
20222023_354.html.csv,134,134,0,-1
20222023_355.html.csv,78,41,37,-1
20222023_355.html.csv,22,0,22,0
20222023_358.html.csv,184,109,75,0
20222023_359.html.csv,411,381,30,0
20222023_359.html.csv,366,243,123,-1
20222023_36.html.csv,55,31,24,0
20222023_36.html.csv,11,0,11,0
20222023_362.html.csv,80,2,78,0
20222023_363.html.csv,129,71,58,-1
20222023_363.html.csv,59,0,59,0
20222023_364.html.csv,33,0,33,0
20222023_365.html.csv,390,390,0,2
20222023_365.html.csv,44,35,9,-1
20222023_366.html.csv,17,10,7,1
20222023_368.html.csv,111,111,0,0
20222023_368.html.csv,86,0,86,0
20222023_369.html.csv,120,118,2,-1
20222023_369.html.csv,84,84,0,0
20222023_369.html.csv,65,42,23,1
20222023_369.html.csv,9,9,0,-1
20222023_372.html.csv,63,0,63,0
20222023_375.html.csv,118,118,0,-1
20222023_376.html.csv,95,49,46,1
20222023_377.html.csv,77,73,4,-1
20222023_377.html.csv,49,37,12,-1
20222023_378.html.csv,349,337,12,0
20222023_378.html.csv,253,33,220,0
20222023_381.html.csv,118,85,33,0
20222023_381.html.csv,64,0,64,0
20222023_382.html.csv,128,0,128,0
20222023_384.html.csv,549,549,0,2
20222023_384.html.csv,321,288,33,-1
20222023_386.html.csv,204,180,24,-1
20222023_387.html.csv,233,165,68,1
20222023_387.html.csv,142,104,38,0
20222023_387.html.csv,88,74,14,-1
20222023_388.html.csv,456,435,21,2
20222023_39.html.csv,92,43,49,0
20222023_390.html.csv,44,4,40,-1
20222023_391.html.csv,110,0,110,0
20222023_392.html.csv,103,93,10,-2
20222023_393.html.csv,138,131,7,1
20222023_394.html.csv,116,108,8,2
20222023_395.html.csv,266,203,63,-1
20222023_397.html.csv,114,97,17,1
20222023_397.html.csv,67,60,7,-1
20222023_397.html.csv,21,0,21,0
20222023_398.html.csv,381,381,0,2
20222023_398.html.csv,175,0,175,0
20222023_4.html.csv,26,0,26,0
20222023_40.html.csv,524,521,3,2
20222023_40.html.csv,46,45,1,0
20222023_40.html.csv,11,11,0,-1
20222023_400.html.csv,63,0,63,0
20222023_401.html.csv,146,38,108,-2
20222023_402.html.csv,126,92,34,2
20222023_404.html.csv,93,48,45,-2
20222023_405.html.csv,321,308,13,1
20222023_405.html.csv,229,218,11,-1
20222023_405.html.csv,180,146,34,1
20222023_405.html.csv,63,25,38,-1
20222023_406.html.csv,213,212,1,2
20222023_407.html.csv,296,296,0,1
20222023_407.html.csv,121,117,4,-1
20222023_407.html.csv,79,65,14,-1
20222023_408.html.csv,181,181,0,-1
20222023_409.html.csv,330,233,97,-1
20222023_41.html.csv,358,354,4,2
20222023_41.html.csv,226,97,129,1
20222023_41.html.csv,81,63,18,-1
20222023_41.html.csv,54,0,54,0
20222023_411.html.csv,128,0,128,0
20222023_413.html.csv,117,95,22,-1
20222023_413.html.csv,71,69,2,0
20222023_413.html.csv,46,9,37,-1
20222023_414.html.csv,193,70,123,-1
20222023_416.html.csv,229,229,0,2
20222023_42.html.csv,146,140,6,1
20222023_421.html.csv,193,59,134,0
20222023_422.html.csv,154,113,41,-1
20222023_424.html.csv,326,314,12,2
20222023_424.html.csv,154,154,0,1
20222023_424.html.csv,121,24,97,-1
20222023_425.html.csv,472,381,91,1
20222023_425.html.csv,359,0,359,0
20222023_427.html.csv,84,66,18,-1
20222023_427.html.csv,25,4,21,-1
20222023_428.html.csv,113,0,113,0
20222023_429.html.csv,571,571,0,2
20222023_429.html.csv,137,9,128,-1
20222023_43.html.csv,38,0,38,0
20222023_431.html.csv,447,447,0,2
20222023_431.html.csv,14,0,14,0
20222023_433.html.csv,318,222,96,-1
20222023_434.html.csv,22,9,13,0
20222023_437.html.csv,88,1,87,-2
20222023_439.html.csv,105,37,68,-1
20222023_44.html.csv,64,41,23,1
20222023_442.html.csv,15,9,6,1
20222023_444.html.csv,158,158,0,-1
20222023_445.html.csv,149,137,12,1
20222023_446.html.csv,220,132,88,-1
20222023_447.html.csv,134,0,134,0
20222023_448.html.csv,417,417,0,2
20222023_449.html.csv,18,0,18,0
20222023_45.html.csv,187,76,111,2
20222023_455.html.csv,147,106,41,-1
20222023_456.html.csv,132,69,63,-1
20222023_456.html.csv,35,12,23,-1
20222023_459.html.csv,300,297,3,2
20222023_460.html.csv,144,66,78,0
20222023_460.html.csv,26,0,26,0
20222023_461.html.csv,186,157,29,-1
20222023_462.html.csv,96,84,12,-1
20222023_462.html.csv,60,2,58,1
20222023_464.html.csv,253,218,35,1
20222023_464.html.csv,199,95,104,0
20222023_464.html.csv,37,0,37,0
20222023_465.html.csv,127,0,127,0
20222023_466.html.csv,408,408,0,1
20222023_466.html.csv,52,0,52,0
20222023_467.html.csv,181,150,31,0
20222023_467.html.csv,120,42,78,-1
20222023_469.html.csv,99,88,11,-1
20222023_469.html.csv,69,9,60,-1
20222023_470.html.csv,161,161,0,-1
20222023_471.html.csv,160,134,26,0
20222023_471.html.csv,122,0,122,0
20222023_472.html.csv,217,207,10,2
20222023_473.html.csv,131,0,131,0
20222023_474.html.csv,506,483,23,2
20222023_474.html.csv,81,78,3,-1
20222023_475.html.csv,32,0,32,0
20222023_476.html.csv,104,73,31,-1
20222023_478.html.csv,112,30,82,-1
20222023_479.html.csv,192,82,110,1
20222023_479.html.csv,58,58,0,-1
20222023_479.html.csv,32,0,32,0
20222023_48.html.csv,92,38,54,-2
20222023_480.html.csv,82,62,20,-2
20222023_481.html.csv,135,129,6,-1
20222023_483.html.csv,140,99,41,1
20222023_483.html.csv,35,0,35,0
20222023_484.html.csv,440,439,1,1
20222023_484.html.csv,109,0,109,0
20222023_485.html.csv,245,210,35,0
20222023_486.html.csv,103,0,103,0
20222023_488.html.csv,135,71,64,-1
20222023_488.html.csv,23,0,23,0
20222023_489.html.csv,74,74,0,0
20222023_489.html.csv,55,48,7,-1
20222023_49.html.csv,119,113,6,-2
20222023_492.html.csv,115,88,27,-1
20222023_492.html.csv,56,52,4,-1
20222023_493.html.csv,67,67,0,0
20222023_493.html.csv,49,32,17,-1
20222023_493.html.csv,20,14,6,0
20222023_494.html.csv,94,88,6,-1
20222023_494.html.csv,60,12,48,-1
20222023_497.html.csv,145,100,45,1
20222023_497.html.csv,79,26,53,-1
20222023_498.html.csv,143,0,143,0
20222023_5.html.csv,179,65,114,-1
20222023_500.html.csv,12,0,12,0
20222023_502.html.csv,73,67,6,-1
20222023_502.html.csv,17,0,17,1
20222023_504.html.csv,508,503,5,2
20222023_507.html.csv,163,142,21,1
20222023_507.html.csv,131,0,131,0
20222023_509.html.csv,0,0,0,-2
20222023_51.html.csv,146,146,0,-1
20222023_510.html.csv,119,79,40,-1
20222023_511.html.csv,93,0,93,0
20222023_513.html.csv,106,106,0,-1
20222023_513.html.csv,61,32,29,-1
20222023_515.html.csv,264,253,11,-1
20222023_516.html.csv,352,352,0,2
20222023_517.html.csv,183,98,85,-1
20222023_518.html.csv,120,40,80,-1
20222023_518.html.csv,40,40,0,-2
20222023_519.html.csv,238,227,11,1
20222023_519.html.csv,165,153,12,-1
20222023_519.html.csv,81,61,20,-1
20222023_521.html.csv,91,0,91,0
20222023_522.html.csv,209,191,18,-1
20222023_524.html.csv,118,108,10,-1
20222023_525.html.csv,143,70,73,2
20222023_525.html.csv,25,0,25,0
20222023_527.html.csv,108,92,16,-1
20222023_527.html.csv,73,27,46,0
20222023_529.html.csv,90,0,90,0
20222023_53.html.csv,95,0,95,0
20222023_530.html.csv,158,80,78,1
20222023_532.html.csv,161,71,90,-2
20222023_533.html.csv,85,77,8,0
20222023_533.html.csv,57,0,57,0
20222023_535.html.csv,162,0,162,0
20222023_536.html.csv,155,32,123,0
20222023_536.html.csv,7,0,7,0
20222023_537.html.csv,384,374,10,2
20222023_537.html.csv,173,102,71,0
20222023_537.html.csv,76,60,16,-1
20222023_538.html.csv,325,250,75,-1
20222023_54.html.csv,120,93,27,1
20222023_54.html.csv,76,5,71,-1
20222023_541.html.csv,88,17,71,-1
20222023_542.html.csv,143,41,102,-1
20222023_545.html.csv,158,158,0,2
20222023_55.html.csv,100,0,100,0
20222023_551.html.csv,34,0,34,0
20222023_552.html.csv,150,125,25,-1
20222023_554.html.csv,166,56,110,-1
20222023_555.html.csv,68,0,68,0
20222023_557.html.csv,32,27,5,-1
20222023_558.html.csv,156,109,47,-1
20222023_558.html.csv,39,0,39,0
20222023_56.html.csv,268,151,117,2
20222023_56.html.csv,3,3,0,1
20222023_561.html.csv,73,0,73,0
20222023_563.html.csv,295,218,77,-1
20222023_567.html.csv,148,140,8,0
20222023_567.html.csv,105,6,99,1
20222023_568.html.csv,80,11,69,-1
20222023_569.html.csv,173,146,27,0
20222023_569.html.csv,122,122,0,-1
20222023_570.html.csv,35,28,7,-1
20222023_572.html.csv,157,142,15,-1
20222023_572.html.csv,98,49,49,-1
20222023_573.html.csv,171,125,46,1
20222023_576.html.csv,96,55,41,0
20222023_576.html.csv,25,5,20,-1
20222023_578.html.csv,132,97,35,1
20222023_578.html.csv,2,0,2,0
20222023_579.html.csv,83,83,0,0
20222023_579.html.csv,76,70,6,2
20222023_581.html.csv,467,464,3,2
20222023_581.html.csv,63,27,36,-1
20222023_582.html.csv,74,0,74,0
20222023_584.html.csv,78,0,78,0
20222023_585.html.csv,245,229,16,-1
20222023_586.html.csv,134,73,61,-1
20222023_587.html.csv,164,0,164,0
20222023_589.html.csv,322,244,78,-1
20222023_59.html.csv,34,33,1,2
20222023_591.html.csv,149,0,149,0
20222023_592.html.csv,92,71,21,-1
20222023_592.html.csv,47,11,36,0
20222023_594.html.csv,168,35,133,-1
20222023_595.html.csv,79,27,52,0
20222023_595.html.csv,13,0,13,0
20222023_596.html.csv,130,0,130,0
20222023_598.html.csv,86,0,86,0
20222023_60.html.csv,241,222,19,0
20222023_60.html.csv,204,204,0,-1
20222023_603.html.csv,36,0,36,0
20222023_606.html.csv,220,151,69,-1
20222023_607.html.csv,220,220,0,2
20222023_608.html.csv,105,0,105,0
20222023_610.html.csv,166,123,43,-1
20222023_611.html.csv,179,138,41,0
20222023_611.html.csv,115,115,0,2
20222023_613.html.csv,154,152,2,2
20222023_613.html.csv,76,76,0,0
20222023_614.html.csv,74,3,71,-1
20222023_616.html.csv,143,43,100,-1
20222023_616.html.csv,0,0,0,0
20222023_618.html.csv,179,49,130,-2
20222023_619.html.csv,136,96,40,-1
20222023_619.html.csv,67,0,67,0
20222023_621.html.csv,165,147,18,-1
20222023_622.html.csv,40,0,40,0
20222023_623.html.csv,230,223,7,1
20222023_623.html.csv,89,41,48,2
20222023_625.html.csv,74,46,28,-1
20222023_63.html.csv,71,46,25,-1
20222023_63.html.csv,37,0,37,0
20222023_630.html.csv,154,99,55,-1
20222023_633.html.csv,88,0,88,0
20222023_635.html.csv,138,138,0,1
20222023_635.html.csv,106,87,19,-1
20222023_636.html.csv,83,0,83,0
20222023_637.html.csv,289,251,38,-1
20222023_639.html.csv,88,0,88,0
20222023_641.html.csv,179,65,114,-1
20222023_642.html.csv,219,175,44,2
20222023_642.html.csv,49,6,43,-1
20222023_645.html.csv,151,124,27,0
20222023_645.html.csv,92,32,60,-2
20222023_646.html.csv,183,63,120,-1
20222023_647.html.csv,157,102,55,-1
20222023_65.html.csv,75,37,38,-1
20222023_65.html.csv,24,8,16,-1
20222023_650.html.csv,120,56,64,-1
20222023_651.html.csv,93,76,17,0
20222023_651.html.csv,59,0,59,1
20222023_652.html.csv,94,0,94,0
20222023_654.html.csv,155,80,75,-1
20222023_654.html.csv,48,0,48,0
20222023_656.html.csv,81,34,47,0
20222023_656.html.csv,0,0,0,0
20222023_657.html.csv,134,0,134,0
20222023_658.html.csv,64,0,64,0
20222023_659.html.csv,105,79,26,-2
20222023_66.html.csv,203,196,7,1
20222023_66.html.csv,188,35,153,-1
20222023_661.html.csv,39,0,39,0
20222023_663.html.csv,102,1,101,1
20222023_664.html.csv,161,89,72,1
20222023_664.html.csv,50,0,50,0
20222023_665.html.csv,290,110,180,-1
20222023_666.html.csv,599,599,0,2
20222023_666.html.csv,121,113,8,-1
20222023_666.html.csv,97,71,26,-2
20222023_667.html.csv,168,128,40,1
20222023_667.html.csv,2,0,2,0
20222023_668.html.csv,128,43,85,-1
20222023_669.html.csv,122,72,50,-1
20222023_670.html.csv,201,201,0,-1
20222023_671.html.csv,104,0,104,0
20222023_672.html.csv,100,45,55,-1
20222023_673.html.csv,35,0,35,0
20222023_677.html.csv,124,0,124,0
20222023_678.html.csv,78,0,78,0
20222023_679.html.csv,61,0,61,0
20222023_68.html.csv,280,256,24,-2
20222023_68.html.csv,123,85,38,-1
20222023_681.html.csv,326,325,1,2
20222023_681.html.csv,135,135,0,-2
20222023_681.html.csv,15,0,15,2
20222023_681.html.csv,0,0,0,0
20222023_682.html.csv,67,62,5,2
20222023_683.html.csv,48,0,48,0
20222023_684.html.csv,88,17,71,2
20222023_685.html.csv,71,0,71,0
20222023_686.html.csv,152,6,146,0
20222023_688.html.csv,122,120,2,0
20222023_689.html.csv,81,0,81,0
20222023_69.html.csv,75,10,65,-1
20222023_690.html.csv,222,129,93,0
20222023_690.html.csv,66,64,2,-1
20222023_691.html.csv,78,0,78,0
20222023_692.html.csv,79,70,9,0
20222023_692.html.csv,56,17,39,1
20222023_693.html.csv,114,95,19,0
20222023_693.html.csv,42,0,42,0
20222023_694.html.csv,98,98,0,-1
20222023_697.html.csv,56,10,46,1
20222023_698.html.csv,105,99,6,-1
20222023_698.html.csv,44,44,0,-1
20222023_699.html.csv,342,218,124,0
20222023_699.html.csv,207,198,9,0
20222023_699.html.csv,159,44,115,-1
20222023_7.html.csv,110,110,0,1
20222023_7.html.csv,19,0,19,0
20222023_70.html.csv,224,198,26,0
20222023_70.html.csv,157,22,135,-1
20222023_700.html.csv,111,94,17,0
20222023_700.html.csv,28,25,3,1
20222023_701.html.csv,176,22,154,2
20222023_703.html.csv,100,76,24,0
20222023_703.html.csv,69,0,69,0
20222023_704.html.csv,200,200,0,2
20222023_704.html.csv,61,0,61,0
20222023_705.html.csv,44,44,0,-1
20222023_707.html.csv,134,54,80,-1
20222023_707.html.csv,30,0,30,0
20222023_709.html.csv,74,56,18,1
20222023_714.html.csv,181,125,56,0
20222023_714.html.csv,92,58,34,-1
20222023_715.html.csv,222,82,140,-1
20222023_716.html.csv,105,36,69,-1
20222023_717.html.csv,550,550,0,2
20222023_717.html.csv,96,0,96,0
20222023_718.html.csv,170,0,170,0
20222023_719.html.csv,151,76,75,0
20222023_719.html.csv,56,42,14,-1
20222023_721.html.csv,191,138,53,-2
20222023_723.html.csv,152,147,5,-1
20222023_725.html.csv,150,132,18,-1
20222023_725.html.csv,97,22,75,-2
20222023_727.html.csv,124,43,81,1
20222023_727.html.csv,26,0,26,0
20222023_728.html.csv,148,74,74,1
20222023_73.html.csv,24,0,24,0
20222023_733.html.csv,249,242,7,1
20222023_733.html.csv,184,136,48,-1
20222023_733.html.csv,109,109,0,0
20222023_733.html.csv,76,47,29,-1
20222023_734.html.csv,125,86,39,1
20222023_734.html.csv,50,39,11,-1
20222023_735.html.csv,232,43,189,1
20222023_735.html.csv,15,0,15,0
20222023_736.html.csv,156,64,92,-1
20222023_737.html.csv,586,586,0,2
20222023_737.html.csv,131,127,4,2
20222023_738.html.csv,579,579,0,2
20222023_739.html.csv,173,173,0,0
20222023_739.html.csv,156,22,134,-1
20222023_740.html.csv,236,227,9,2
20222023_741.html.csv,131,0,131,0
20222023_742.html.csv,196,146,50,0
20222023_742.html.csv,108,95,13,2
20222023_744.html.csv,69,35,34,-1
20222023_747.html.csv,116,23,93,2
20222023_748.html.csv,159,155,4,2
20222023_749.html.csv,160,27,133,-1
20222023_75.html.csv,260,259,1,2
20222023_75.html.csv,120,0,120,0
20222023_750.html.csv,330,248,82,-1
20222023_751.html.csv,561,538,23,1
20222023_751.html.csv,462,281,181,0
20222023_751.html.csv,270,191,79,-1
20222023_755.html.csv,151,49,102,-1
20222023_758.html.csv,295,293,2,2
20222023_758.html.csv,151,17,134,-1
20222023_759.html.csv,97,70,27,1
20222023_761.html.csv,152,106,46,2
20222023_762.html.csv,124,6,118,2
20222023_762.html.csv,0,0,0,2
20222023_763.html.csv,212,201,11,-1
20222023_764.html.csv,113,0,113,0
20222023_766.html.csv,85,0,85,0
20222023_77.html.csv,113,62,51,-1
20222023_77.html.csv,23,0,23,0
20222023_771.html.csv,118,0,118,0
20222023_774.html.csv,183,43,140,1
20222023_774.html.csv,32,0,32,0
20222023_775.html.csv,204,134,70,1
20222023_775.html.csv,90,8,82,-1
20222023_776.html.csv,104,61,43,0
20222023_776.html.csv,50,50,0,-1
20222023_777.html.csv,109,43,66,-1
20222023_778.html.csv,88,88,0,1
20222023_780.html.csv,160,0,160,0
20222023_781.html.csv,347,342,5,2
20222023_781.html.csv,107,0,107,-1
20222023_783.html.csv,115,112,3,-1
20222023_783.html.csv,74,12,62,1
20222023_784.html.csv,281,250,31,2
20222023_784.html.csv,86,84,2,-1
20222023_786.html.csv,97,80,17,-1
20222023_787.html.csv,282,250,32,2
20222023_788.html.csv,79,3,76,-1
20222023_789.html.csv,49,3,46,1
20222023_79.html.csv,156,0,156,0
20222023_790.html.csv,21,0,21,0
20222023_791.html.csv,461,460,1,2
20222023_791.html.csv,310,204,106,2
20222023_793.html.csv,107,38,69,0
20222023_793.html.csv,27,10,17,-1
20222023_798.html.csv,160,0,160,0
20222023_799.html.csv,324,313,11,0
20222023_799.html.csv,284,276,8,2
20222023_80.html.csv,514,495,19,2
20222023_80.html.csv,137,0,137,0
20222023_801.html.csv,96,24,72,-1
20222023_803.html.csv,493,493,0,2
20222023_803.html.csv,18,0,18,0
20222023_805.html.csv,160,138,22,2
20222023_807.html.csv,178,60,118,0
20222023_809.html.csv,161,161,0,2
20222023_812.html.csv,34,0,34,0
20222023_815.html.csv,227,227,0,2
20222023_817.html.csv,198,184,14,2
20222023_817.html.csv,60,60,0,-1
20222023_819.html.csv,54,39,15,-2
20222023_82.html.csv,157,157,0,-1
20222023_820.html.csv,279,131,148,-1
20222023_824.html.csv,103,71,32,-1
20222023_825.html.csv,73,51,22,-2
20222023_826.html.csv,262,262,0,2
20222023_826.html.csv,140,125,15,2
20222023_826.html.csv,49,0,49,0
20222023_828.html.csv,228,196,32,0
20222023_83.html.csv,117,0,117,0
20222023_837.html.csv,7,0,7,-1
20222023_838.html.csv,63,26,37,2
20222023_839.html.csv,111,0,111,-1
20222023_84.html.csv,209,209,0,-1
20222023_840.html.csv,184,0,184,0
20222023_841.html.csv,136,134,2,-1
20222023_842.html.csv,95,57,38,1
20222023_844.html.csv,180,25,155,-1
20222023_847.html.csv,207,131,76,-1
20222023_848.html.csv,43,0,43,0
20222023_85.html.csv,396,396,0,2
20222023_850.html.csv,135,134,1,1
20222023_850.html.csv,88,88,0,1
20222023_851.html.csv,105,53,52,-1
20222023_855.html.csv,108,0,108,0
20222023_859.html.csv,247,215,32,0
20222023_859.html.csv,202,168,34,-1
20222023_86.html.csv,154,121,33,0
20222023_86.html.csv,102,0,102,0
20222023_862.html.csv,446,444,2,2
20222023_863.html.csv,38,38,0,-1
20222023_863.html.csv,27,0,27,0
20222023_866.html.csv,116,0,116,0
20222023_869.html.csv,170,94,76,-1
20222023_87.html.csv,107,89,18,0
20222023_87.html.csv,61,0,61,0
20222023_870.html.csv,194,189,5,2
20222023_870.html.csv,91,81,10,-1
20222023_870.html.csv,61,15,46,-1
20222023_872.html.csv,124,3,121,-1
20222023_874.html.csv,53,6,47,0
20222023_877.html.csv,18,0,18,0
20222023_879.html.csv,61,0,61,0
20222023_882.html.csv,154,73,81,-1
20222023_884.html.csv,443,346,97,-1
20222023_886.html.csv,140,124,16,-1
20222023_887.html.csv,108,80,28,-1
20222023_891.html.csv,211,142,69,2
20222023_893.html.csv,160,126,34,0
20222023_893.html.csv,104,61,43,-1
20222023_894.html.csv,175,141,34,1
20222023_894.html.csv,105,31,74,-2
20222023_894.html.csv,31,31,0,-2
20222023_895.html.csv,73,69,4,-1
20222023_895.html.csv,11,0,11,0
20222023_896.html.csv,85,47,38,1
20222023_896.html.csv,8,0,8,0
20222023_899.html.csv,133,76,57,-1
20222023_9.html.csv,267,263,4,2
20222023_90.html.csv,71,0,71,0
20222023_900.html.csv,72,56,16,-1
20222023_903.html.csv,163,0,163,0
20222023_904.html.csv,75,0,75,0
20222023_906.html.csv,114,25,89,-1
20222023_909.html.csv,171,0,171,0
20222023_91.html.csv,281,277,4,0
20222023_91.html.csv,268,234,34,-1
20222023_910.html.csv,233,227,6,-1
20222023_911.html.csv,218,114,104,0
20222023_912.html.csv,126,70,56,-1
20222023_913.html.csv,114,0,114,1
20222023_914.html.csv,278,278,0,2
20222023_914.html.csv,157,67,90,1
20222023_914.html.csv,39,16,23,1
20222023_915.html.csv,124,115,9,2
20222023_916.html.csv,171,168,3,2
20222023_916.html.csv,1,0,1,0
20222023_917.html.csv,429,429,0,2
20222023_917.html.csv,13,0,13,0
20222023_918.html.csv,124,0,124,0
20222023_92.html.csv,215,156,59,0
20222023_92.html.csv,71,0,71,0
20222023_920.html.csv,91,91,0,-1
20222023_920.html.csv,62,0,62,0
20222023_923.html.csv,61,39,22,1
20222023_924.html.csv,171,0,171,0
20222023_926.html.csv,88,29,59,1
20222023_927.html.csv,64,2,62,0
20222023_930.html.csv,170,0,170,2
20222023_931.html.csv,225,222,3,2
20222023_931.html.csv,2,0,2,0
20222023_933.html.csv,269,210,59,-1
20222023_934.html.csv,60,0,60,0
20222023_936.html.csv,197,176,21,1
20222023_936.html.csv,91,0,91,0
20222023_938.html.csv,18,0,18,0
20222023_939.html.csv,63,48,15,-1
20222023_942.html.csv,197,133,64,-1
20222023_945.html.csv,127,38,89,1
20222023_946.html.csv,131,131,0,1
20222023_949.html.csv,292,121,171,-1
20222023_95.html.csv,98,94,4,-1
20222023_954.html.csv,0,0,0,0
20222023_956.html.csv,224,207,17,-1
20222023_957.html.csv,477,470,7,2
20222023_957.html.csv,90,4,86,0
20222023_958.html.csv,298,298,0,2
20222023_958.html.csv,35,35,0,-1
20222023_96.html.csv,243,163,80,2
20222023_96.html.csv,38,0,38,0
20222023_960.html.csv,216,5,211,-1
20222023_961.html.csv,479,461,18,2
20222023_963.html.csv,69,7,62,-1
20222023_964.html.csv,116,7,109,-1
20222023_965.html.csv,484,459,25,2
20222023_967.html.csv,462,447,15,2
20222023_967.html.csv,130,5,125,-1
20222023_97.html.csv,140,128,12,0
20222023_97.html.csv,120,0,120,0
20222023_970.html.csv,94,61,33,0
20222023_971.html.csv,137,74,63,-1
20222023_971.html.csv,51,0,51,0
20222023_972.html.csv,119,0,119,0
20222023_974.html.csv,348,316,32,-1
20222023_975.html.csv,96,74,22,0
20222023_975.html.csv,60,0,60,0
20222023_976.html.csv,171,162,9,-1
20222023_976.html.csv,128,0,128,0
20222023_979.html.csv,101,85,16,-1
20222023_979.html.csv,52,14,38,-1
20222023_98.html.csv,121,20,101,-1
20222023_980.html.csv,11,0,11,0
20222023_981.html.csv,540,540,0,0
20222023_981.html.csv,102,66,36,-2
20222023_982.html.csv,303,274,29,2
20222023_982.html.csv,64,0,64,0
20222023_983.html.csv,228,177,51,-1
20222023_984.html.csv,100,48,52,-1
20222023_987.html.csv,106,30,76,1
20222023_987.html.csv,0,0,0,0
20222023_988.html.csv,578,578,0,2
20222023_991.html.csv,44,0,44,0
20222023_995.html.csv,54,35,19,-1
20222023_996.html.csv,191,167,24,0
20222023_997.html.csv,203,187,16,-1
20222023_998.html.csv,69,30,39,-1
